sku,name,brand_normalized,category_normalized,price,currency,volume,description,benefits,inci_ingredients,key_ingredients,skin_types,skin_concerns,care_goals,texture,usage_instruction,warnings,image_url,source_url,verified_at,_processing.quality_score,_processing.production_candidate,_processing.ai_ready,_processing.validation_errors,_processing.validation_warnings,_processing.rejection_reasons,_processing.missing_fields,_processing.unmapped_values,_processing.source_currency,_processing.last_verified_at,_processing.pipeline_version,_processing.retrieved_at,_processing.verified_at_candidate
113021169,AC Collection Acne Patch,COSRX,mask,8.99,USD,,"Cover, Calm, Make invisible!3 different sizes of oval shaped patches, highly adhesive acne patch suitable for covering several adjacent acne spots at once. Quantity : 26ea","Cover, Calm, Make invisible!3 different sizes of oval shaped patches, highly adhesive acne patch suitable for covering several adjacent acne spots at once.","Carboxymethylcellulose sodium, Polyisobutene, Rosin, Polybutene, Mineral oil, Centella Asiatica Extract, Polyuethane film","• Hydrocolloid : Absorbs discharge, maintains humidity to prevent further breakouts","[""sensitive"", ""dry""]","[""acne""]","[""cleanse"", ""anti_acne"", ""soothe"", ""exfoliate""]",patch,Cleanse the area around the troubled spot. Use after an exfoliator or before toner. Select a bigger size patch than the spot. Attach the patch on dry skin.,,https://www.cosrx.com/cdn/shop/files/ac-collection-acne-patch-cosrx-official-1_800x.jpg?v=1724835837,https://www.cosrx.com/products/ac-collection-acne-patch,,94,true,true,[],[],[],"[""warnings"", ""volume""]","{""care_goals"": [], ""category"": [], ""skin_concerns"": [], ""skin_types"": []}",USD,,0.3.0,2026-09-15T06:33:33.268855+00:00,
113020155,AC Collection Blemish Care Sheet Mask,COSRX,mask,6.99,USD,,Say goodbye to traces of skin trouble! Fine-quality sheet mask with tea tree extracts and ectoin that helps to treat unwanted skin trouble and erase the traces of acne Size : 1 ea,Fine-quality sheet mask with tea tree extracts and ectoin that helps to treat unwanted skin trouble and erase the traces of acne Size : 1 ea,"Water, Butylene Glycol, Glycerin, Propanediol, Niacinamide, Melaleuca Alternifolia (Tea Tree) Leaf Extract, 1,2-Hexanediol, Hexylene Glycol, Hydroxyacetophenone, Hydroxyethylcellulose, Arginine, Allantoin, Acrylates/C10-30 Alkyl Acrylate Crosspolymer, Dipotassium Glycyrrhizate, Xanthan Gum, Disodium EDTA, Polyglyceryl-10 Myristate, Polyglyceryl-10 Laurate, Melaleuca Alternifolia (Tea Tree) Leaf Oil, Caprylic/Capric Triglyceride, Ectoin, Arbutin, Asiaticoside, Dextrin, Asiatic Acid, Madecassic Acid","• Tea tree leaf extract 9,000 ppm : Soothes sensitive skin and attracts moisture immediately","[""sensitive""]","[""acne""]","[""anti_acne""]",sheet mask,"Apply this mask evenly on your face. After 15 to 20 minutes, remove the mask and gently pat to absorb the remaining essence. *For external use only. Do not get into eyes.",,https://www.cosrx.com/cdn/shop/files/ac-collection-blemish-care-sheet-mask-cosrx-official-1_800x.jpg?v=1724836188,https://www.cosrx.com/products/ac-collection-blemish-care-sheet-mask,,94,true,true,[],[],[],"[""warnings"", ""volume""]","{""care_goals"": [], ""category"": [], ""skin_concerns"": [], ""skin_types"": []}",USD,,0.3.0,2026-09-15T06:33:36.508117+00:00,
113020144,AC Collection Calming Foam Cleanser,COSRX,cleanser,15.0,USD,50ml,"Visibly clearer skin & never stripped!Smart, daily acne cleanser that provides both freshness and moisture with gentle foam. Size : 50ml (1.69 fl. oz), 150ml (5.07 fl. oz)","Visibly clearer skin & never stripped!Smart, daily acne cleanser that provides both freshness and moisture with gentle foam.","Water, Glycerin, Stearic Acid, Myristic Acid, PEG-32, Potassium Hydroxide, Palmitic Acid, Lauric Acid, Glyceryl Stearate, PEG-100 Stearate, Lauramide DEA, Cocamidopropyl Betaine, Potassium Cocoate, Salicylic Acid, Sodium Chloride, Arachidic Acid, Lavandula Hybrida Oil, Linalool, Disodium EDTA, Oleic Acid, Limonene, Asiaticoside, Asiatic Acid, Madecassic Acid",• Centella AC-RX : Treating acne & helping revitalize and recover the skin (Include three legendary healing,"[""sensitive"", ""combination""]","[""acne""]","[""cleanse"", ""anti_acne"", ""soothe""]",foam,Squeeze a proper amount onto your hand. Gently foam up and massage on wet skin. Rinse with tepid water.,,https://www.cosrx.com/cdn/shop/files/ac-collection-calming-foam-cleanser-cosrx-official-1_800x.jpg?v=1724835747,https://www.cosrx.com/products/ac-collection-calming-foam-cleanser,,96,true,true,[],[],[],"[""warnings""]","{""care_goals"": [], ""category"": [], ""skin_concerns"": [], ""skin_types"": []}",USD,,0.3.0,2026-09-15T06:33:38.026126+00:00,
113020146,AC Collection Calming Liquid Intensive,COSRX,serum,26.0,USD,4.22floz,"Total & Intensive acne solution from purifying to recovering An intensive, fast-action liquid that refreshes and purifies acne skin. Cooling, Clearing care for troubled skin. *with alcohol derived from plants","Total & Intensive acne solution from purifying to recovering An intensive, fast-action liquid that refreshes and purifies acne skin.","Propolis Extract, Butylene Glycol, 1,2-Hexanediol, Ethyl Hexanediol, Asiaticoside, Asiatic Acid Madecassic Acid, Cassia Obtusifolia Seed Extract, Butylene Glycol, 1,2-Hexanediol, Hydroxyethylcellulose Panthenol, Butylene Glycol, Betaine, Dimethyl Sulfone, Betaine Salicylate, Zinc PCA, Polysorbate 20 Allantoin, Sodium Lactate, Water, Lactic Acid, Alcohol, Glycolic Acid, Sodium Hyaluronate, Melaleuca Alternifolia (Tea Tree) Leaf Oil, Polysorbate 60","Propolis extract 60%, BHA 0.9%, AHA 1.5%, CentellAC-RX (Moisturizing, sebum, exfoliating, soothing)",[],"[""acne""]","[""anti_acne"", ""soothe""]",liquid,1. Soak the cotton pads and gently sweep over face avoiding the eye area. 2. Gently pat and absorb the rest of the liquid on to the skin.,,https://www.cosrx.com/cdn/shop/files/ac-collection-calming-liquid-intensive-cosrx-official-1_800x.jpg?v=1724836888,https://www.cosrx.com/products/ac-collection-calming-liquid-intensive,,86,true,true,[],[],[],"[""skin_types"", ""warnings""]","{""care_goals"": [], ""category"": [], ""skin_concerns"": [], ""skin_types"": []}",USD,,0.3.0,2026-09-15T06:33:39.470286+00:00,
113020145,AC Collection Calming Liquid Mild,COSRX,serum,26.0,USD,4.22floz,"Exfoliation, sebum care, and skin soothing all-in-one protection! A soothing essence with effective ingredients to quickly relieve mild acne for daily use.","Exfoliation, sebum care, and skin soothing all-in-one protection! A soothing essence with effective","Camellia Sinensis Leaf Water, Butylene Glycol, Dimethyl Sulfone, Betaine, 1,2-Hexanediol, Betaine Salicylate, Gluconolactone, Polyglyceryl-10 Laurate, Polyglyceryl-10 Myristate, Glycerin, Panthenol, Allantoin, Arginine, Sodium Hyaluronate, Melaleuca Alternifolia (Tea Tree) Leaf Oil , Asiaticoside, Asiatic Acid, Madecassic Acid","Green tea water 85.6%, BHA 0.2%, PHA 0.2%, CentellAC-RX (Soothing, sebum, dead skin care)","[""sensitive""]","[""acne""]","[""anti_acne"", ""soothe"", ""exfoliate""]",liquid,1. Soak the cotton pads and gently sweep over the face avoiding the eye area. 2. Gently pat and absorb the rest of the liquid.,,https://www.cosrx.com/cdn/shop/files/ac-collection-calming-liquid-mild-cosrx-official-1_800x.jpg?v=1724836561,https://www.cosrx.com/products/ac-collection-calming-liquid-mild,,96,true,true,[],[],[],"[""warnings""]","{""care_goals"": [], ""category"": [], ""skin_concerns"": [], ""skin_types"": []}",USD,,0.3.0,2026-09-15T06:33:41.113857+00:00,
113020107,Acne Pimple Master Patch,COSRX,mask,6.99,USD,,"Quick acne healing overnight Hydrocolloid patches that protect wounded or troubled area from getting worse while maintaining humidity of skin to prevent further breakouts. Quantity : 24patches (9 Large Dots, 5 Medium Dots, 10 Small Dots) / 1 ea",Quick acne healing overnight Hydrocolloid patches that protect wounded or troubled area from getting worse while maintaining humidity of skin to prevent further breakouts.,"Petroleum Resin, Cellulose Gum, Styrene Isoprene Styrene Block Copolymer, Polyurethane Film, Polyisobutylene, Liquid Paraffin, Tetrakismethane","Hydrocolloid : absorbs discharge, maintains humidity to prevent further breakouts","[""normal"", ""dry"", ""oily"", ""combination"", ""sensitive""]","[""acne""]","[""cleanse"", ""anti_acne""]",patch,Cleanse the area around the problem spot. Select a bigger size patch than the problem spot and attach the patch to the spot.,,https://www.cosrx.com/cdn/shop/files/acne-pimple-master-patch-cosrx-official-1_800x.jpg?v=1724835736,https://www.cosrx.com/products/acne-pimple-master-patch,,94,true,true,[],[],[],"[""warnings"", ""volume""]","{""care_goals"": [], ""category"": [], ""skin_concerns"": [], ""skin_types"": []}",USD,,0.3.0,2026-09-15T06:33:49.373318+00:00,
113020475,Acne Pimple Master Patch Original Fit 4SET (96 Patches),COSRX,mask,16.0,USD,,"Quick acne healing overnight with a protective hydrocolloid patch Hydrocolloid patches that protect wounded or troubled areas from worsening while maintaining skin humidity to prevent further breakouts. Quantity : 24patches (9 Large Patches, 5 Medium Patches, 10 Small Patches) *4 ea",Quick acne healing overnight with a protective hydrocolloid patch Hydrocolloid patches that protect wounded or troubled areas from worsening while maintaining skin humidity to prevent further breakouts.,"Petroleum Resin, Cellulose Gum, Styrene Isoprene Styrene Block Copolymer, Polyurethane Film, Polyisobutylene, Liquid Paraffin, Tetrakismethane","Hydrocolloid : absorbs discharge, maintains humidity to prevent further breakouts","[""normal"", ""dry"", ""oily"", ""combination"", ""sensitive""]","[""acne""]","[""cleanse"", ""anti_acne""]",patch,Cleanse the area around the problem spot. Select a bigger size patch than the problem spot and attach the patch to the spot.,,https://www.cosrx.com/cdn/shop/files/Acne_pimple_patch_00_800x.webp?v=1761012126,https://www.cosrx.com/products/acne-pimple-master-patch-original-fit,,94,true,true,[],[],[],"[""warnings"", ""volume""]","{""care_goals"": [], ""category"": [], ""skin_concerns"": [], ""skin_types"": []}",USD,,0.3.0,2026-09-15T06:33:51.220952+00:00,
113020301,Advanced Snail 92 All in One Cream,COSRX,moisturizer,26.0,USD,50g,"K-Beauty Favorite Cream for Boosting Elasticity The Advanced Snail 92 All In One Cream by COSRX helps repair stressed skin barriers and boost elasticity with 92% snail mucin. Designed for all skin types, especially sensitive or dry skin, it delivers deep hydration and nourishment without heaviness, leaving the skin smooth, resilient, and glowing with a ""Glass Skin"" finish. Type : Tube, Jar Size : 50g (1.76 oz), 100g (3.52 oz), 200g (7.05 oz)(Discontinued)","Concern Suitable Key Benefit Key Ingredient Redness & irritation Yes Soothes and calms skin Snail Mucin 92% Dryness & dullness Yes Deep hydration, fresh glow Sodium Hyaluronate Rough texture Yes Smooths and softens Snail Filtrate, Betaine Weakened barrier Yes Replenishes moisture barrier Snail Filtrate","Snail Secretion Filtrate, Betaine, Caprylic/Capric Triglyceride, Butylene Glycol, Cetearyl Olivate, Sorbitan Olivate, Cetearyl Alcohol, Carbomer, Ethyl Hexanediol, Phenoxyethanol, Arginine, Dimethicone, Sodium Polyacrylate, Sodium Hyaluronate, Allantoin, Palmitic Acid, Panthenol, Xanthan Gum, Stearic acid, Adenosine, Water, Myristic Acid",,"[""normal"", ""dry"", ""oily"", ""combination"", ""sensitive""]","[""acne"", ""dryness"", ""redness"", ""dullness"", ""uneven_texture""]","[""cleanse"", ""hydrate"", ""brighten"", ""anti_acne"", ""anti_aging"", ""repair"", ""soothe""]",cream,"After cleansing and toning, apply a small amount evenly over the face. Gently pat to aid absorption. Follow with sunscreen and your makeup routine in the morning or use a mask for your nighttime routine. After cleansing and toning, apply a small amount evenly over the face. Gently pat to aid absorption. Follow with sunscreen and your makeup routine in the morning or use a mask for your nighttime routine.",,https://www.cosrx.com/cdn/shop/files/snail_cream_thumbnail_800x.png?v=1748420673,https://www.cosrx.com/products/advanced-snail-92-all-in-one-cream,,86,true,true,[],[],[],"[""key_ingredients"", ""warnings""]","{""care_goals"": [], ""category"": [], ""skin_concerns"": [], ""skin_types"": []}",USD,,0.3.0,2026-09-15T06:33:52.814841+00:00,
113020114,Advanced Snail 96 Mucin Power Essence,COSRX,serum,25.0,USD,3.38floz,"K-Beauty Favorite Essence for Glass Skin The New York Post Most Wanted 2024 Award winning Advanced Snail 96 Mucin Power Essence by COSRX helps strengthen the skin barrier using 96% snail mucin. It’s designed for all skin types, especially sensitive or post-acne skin, offering deep hydration, improved texture without irritation and “Glass Skin” like glow.","Concern Suitable Key Benefit Key Ingredient Stressed skin barrier Yes Strengthens skin barrier Snail Mucin 96% Post-breakout marks Yes Helps improve the looks of spots and evens skin tone Allantoin, Panthenol Dryness and dullness Yes Deeply hydrates and locks in moisture Sodium Hyaluronate Uneven texture Yes Smooths and refines skin Snail Secretion Filtrate, Betaine Sensitivity Yes Soothes and defends skin Panthenol, Allantoin","Snail Secretion Filtrate, Betaine, Butylene Glycol, 1,2-Hexanediol, Sodium Polyacrylate, Phenoxyethanol, Sodium Hyaluronate, Allantoin, Ethyl Hexanediol, Carbomer, Panthenol, Arginine, Aqua/Water",,"[""normal"", ""dry"", ""oily"", ""combination"", ""sensitive""]","[""acne"", ""dryness"", ""redness"", ""dullness"", ""uneven_texture"", ""sensitivity""]","[""cleanse"", ""hydrate"", ""brighten"", ""anti_acne"", ""repair"", ""soothe""]",essence,"After cleansing and toning, apply a small amount to the entire face. Gently pat with fingertips to aid absorption. Follow with a moisturizer. Continue with your makeup routine during the day or follow with a mask at night. After cleansing and toning, apply a small amount to the entire face. Gently pat with fingertips to aid absorption. Follow with a moisturizer. Continue with your makeup routine during the day or follow with a mask at night.",,https://www.cosrx.com/cdn/shop/files/james_800x1067_1_1_4e9750cc-2cd6-4817-ace5-be2305a85806_800x.jpg?v=1763111577,https://www.cosrx.com/products/advanced-snail-96-mucin-power-essence,,86,true,true,[],[],[],"[""key_ingredients"", ""warnings""]","{""care_goals"": [], ""category"": [], ""skin_concerns"": [], ""skin_types"": []}",USD,,0.3.0,2026-09-15T06:33:54.817912+00:00,
113020290,Advanced Snail Mucin Gel Cleanser,COSRX,cleanser,18.0,USD,5.07floz,Smoothest lather supercharged with Snail Mucin! Specially formulated gel cleanser enriched with skin beneficial ingredients including snail mucin to hydrate and protect the skin.,,"Water, Acrylates Copolymer, Butylene Glycol, Glycerin, Disodium Laureth Sulfosuccinate, Sodium Cocoyl Isethionate, 1,2-Hexanediol, Coco-Glucoside, Lauryl Betaine, Snail Secretion Filtrate, Arginine, Tromethamine, Potassium Cocoyl Glycinate, Fragrance, Carbomer, Sodium Chloride, Ethylhexylglycerin, Acrylates/C10-30 Alkyl Acrylate Crosspolymer, Sodium Polyacrylate, Disodium EDTA","• Snail mucus filtrate 10,000ppm : Protects skin from stripping by allowing moisturization and restoring the skin while removing impurities","[""sensitive""]","[""acne""]","[""cleanse"", ""hydrate"", ""anti_acne""]",gel,Wet your face and lather a pea sized amount of cleanser between your palms. Massage the foam into your skin from forehead to jaw. Rinse thoroughly with warm water.,,https://www.cosrx.com/cdn/shop/files/advanced-snail-mucin-gel-cleanser-cosrx-official-1_800x.png?v=1724835788,https://www.cosrx.com/products/advanced-snail-mucin-gel-cleanser,,82,true,true,[],[],[],"[""benefits"", ""warnings""]","{""care_goals"": [], ""category"": [], ""skin_concerns"": [], ""skin_types"": []}",USD,,0.3.0,2026-09-15T06:33:58.465289+00:00,
113020188,Master Patch Basic [90ea],COSRX,mask,25.0,USD,,"The Original Acne Patch, Just Better What it is: Comfortable spot treatment to solve your unplanned breakouts. Master Patch Basic works for any acne, any skin. Size: 12mm Patches (90ea) WHY IT'S SPECIAL: The Original Acne Patch, Just Better 100% High quality hydrocolloid suitable for all skin types. Cut lines for easy application. Patch instead of pop! Apply on to your acne, instead of popping, to resolve the pimple quickly with no scars. Perfect for day and night 12mm round spot to blend into the skin naturally and comfortably for day and night use.","The Original Acne Patch, Just Better 100% High quality hydrocolloid suitable for all skin types. Cut lines for easy application. Patch instead of pop! Apply on to your acne, instead of popping, to resolve the pimple quickly with no scars. Perfect for day and night 12mm round spot to blend into the skin naturally and comfortably for day and night use.","Cellulose Gum, Hydrogenated Poly(C6-20 Olefin), Polyisobutene, Styrene/Isoprene Copolymer Full Ingredients × Full Ingredients Full Ingredients × Full Ingredients × Full Ingredients",,"[""normal"", ""dry"", ""oily"", ""combination"", ""sensitive""]","[""acne""]","[""cleanse"", ""anti_acne"", ""soothe""]",patch,"After cleansing, dry the problematic spot. Stick it on gently and let it heal. Goodbye pimple!",,https://www.cosrx.com/cdn/shop/files/master-patch-basic-90ea-cosrx-official-1_800x.jpg?v=1724836465,https://www.cosrx.com/products/master-patch-basic-90-ea,,84,true,true,[],[],[],"[""key_ingredients"", ""warnings"", ""volume""]","{""care_goals"": [], ""category"": [], ""skin_concerns"": [], ""skin_types"": []}",USD,,0.3.0,2026-09-15T06:34:06.770068+00:00,
113020201,Master Patch Intensive [36ea],COSRX,mask,12.0,USD,,"The Original Acne Patch, Just More IntenseComfortable spot treatment to solve your unplanned breakouts. Master Patch Intensive perfectly blends into any skin tone for discrete appearance. Leave on it on, and stress no more. Size : 13*9mm & 16*11mm (36 patches)",,"Cellulose Gum, Hydrogenated Poly(C6-20 Olefin), Polyisobutene, Styrene/Isoprene Copolymer, Salicylic Acid, Melaleuca Alternifolia (Tea Tree) Leaf Oil","• Hydrocolloid : Wound protection, exudate absorption • 0.02% Salicylic acid • 0.02% Tea tree leaf Oil",[],"[""acne""]","[""cleanse"", ""anti_acne"", ""soothe""]",patch,"After cleansing, dry the problematic spot. Apply gently with the sticky side down. Leave on and let it heal. Good by pimple!",,https://www.cosrx.com/cdn/shop/files/master-patch-intensive-36ea-cosrx-official-1_800x.jpg?v=1724836510,https://www.cosrx.com/products/master-patch-intensive-36-ea,,70,true,true,[],[],[],"[""benefits"", ""skin_types"", ""warnings"", ""volume""]","{""care_goals"": [], ""category"": [], ""skin_concerns"": [], ""skin_types"": []}",USD,,0.3.0,2026-09-15T06:34:08.321773+00:00,
113020202,Master Patch Intensive [90ea],COSRX,mask,25.0,USD,,"The Original Acne Patch, Just More IntenseComfortable spot treatment to solve your unplanned breakouts. Master Patch Intensive perfectly blends into any skin tone for discrete appearance. Leave on it on, and stress no more. Size : 13*9mm & 16*11mm (90 patches)",,"Cellulose Gum, Hydrogenated Poly(C6-20 Olefin), Polyisobutene, Styrene/Isoprene Copolymer, Salicylic Acid, Melaleuca Alternifolia (Tea Tree) Leaf Oil","• Hydrocolloid : Wound protection, exudate absorption • 0.02% Salicylic acid • 0.02% Tea tree leaf Oil",[],"[""acne""]","[""cleanse"", ""anti_acne"", ""soothe""]",patch,"After cleansing, dry the problematic spot. Apply gently with the sticky side down. Leave on and let it heal. Good by pimple!",,https://www.cosrx.com/cdn/shop/files/master-patch-intensive-90ea-cosrx-official-1_800x.jpg?v=1724836494,https://www.cosrx.com/products/master-patch-intensive-90-ea,,70,true,true,[],[],[],"[""benefits"", ""skin_types"", ""warnings"", ""volume""]","{""care_goals"": [], ""category"": [], ""skin_concerns"": [], ""skin_types"": []}",USD,,0.3.0,2026-09-15T06:34:10.391508+00:00,
113021249,One Step Original Blemish Pore Clear Pad,COSRX,serum,26.0,USD,,"#RedPorePad #PoreTonerPad Gently removes impurities and excess sebum for smooth, visibly refined skin. Formulated with White Willow Bark Water and Zinc PCA to help minimize the appearance of pores, control sebum, and support blemish-prone skin. 70mm oversized pads soaked in 300mL (10.14 fl. oz.) of essence for generous, long-lasting care. Size: 100 Pads / 10.14 fl. oz. (300mL)","RedPorePad #PoreTonerPad Gently removes impurities and excess sebum for smooth, visibly refined skin. Formulated with White Willow Bark Water and Zinc PCA to help minimize the appearance of pores, control sebum, and support blemish-prone skin.","Salix Alba (Willow) Bark Water, Butylene Glycol, Glycerin, 1,2-Hexanediol, Betaine Salicylate, PEG-60 Hydrogenated Castor Oil, Ethyl Hexanediol, Panthenol, Sodium Hydroxide, Allantoin, Limonene, Adenosine, Melaleuca Alternifolia (Tea Tree) Leaf Oil, Aqua/Water, Arginine, Pantothenic Acid, Citrus Aurantium Dulcis (Orange) Peel Oil, Sodium Hyaluronate, Gluconolactone, Zinc PCA, Pentylene Glycol, Madecassoside, Capryloyl Salicylic Acid, Sodium Hyaluronate Crosspolymer, Hydrolyzed Hyaluronic Acid, Hyaluronic Acid, Ethylhexylglycerin, Hydrolyzed Sodium Hyaluronate","• White Willow Bark Water (77.7%) : A naturally derived extract from white willow bark that helps minimize the appearance of pores by gently removing excess sebum and dead skin cells, leaving skin feeling balanced and comfortable. • BHA + PHA + LHA : A multi-acid exfoliating complex that works from the skin's surface to around the pores, helping to visibly improve skin texture and support the look of minimized pores and managed sebum. • Zinc PCA : Helps manage excess oil and visibly reduce the look of shine, while supporting skin prone to pores, sebum, and uneven texture concerns.",[],"[""acne"", ""large_pores"", ""oiliness""]","[""cleanse"", ""anti_acne"", ""soothe"", ""oil_control"", ""exfoliate""]",pads,"1. Use the built-in tweezers to take out a pad and gently wipe from the inner to outer areas of the face with the embossed side along the skin texture. 2. Flip the pad over to the smooth side and sweep it along the skin’s texture once more to refine the skin. Gently pat in the remaining essence for better absorption. 3. Close the lid tightly after use to keep the pads from drying out. *Tip* 1. Use the smooth side as a quick soothing facial mask, and the embossed side to gently exfoliate and refine the look of skin texture. 2. Not just for the face—use it on blemish-prone body areas like the back and chest. *","* a) For external use only. Do not get into eyes. b) People with allergy to aspirin will react poorly to the betaine salicylate. c) Not to be used for children under 3 years of age. d) As this product may contain ingredients not recommended during pregnancy or breastfeeding, please consult a healthcare professional before use. 1. Use the built-in tweezers to take out a pad and gently wipe from the inner to outer areas of the face with the embossed side along the skin texture. 2. Flip the pad over to the smooth side and sweep it along the skin’s texture once more to refine the skin. Gently pat in the remaining essence for better absorption. 3. Close the lid tightly after use to keep the pads from drying out. *Tip* 1. Use the smooth side as a quick soothing facial mask, and the embossed side to gently exfoliate and refine the look of skin texture. 2. Not just for the face—use it on blemish-prone body areas like the back and chest. *Cautions* a) For external use only. Do not get into eyes. b) People with allergy to aspirin will react poorly to the betaine salicylate. c) Not to be used for children under 3 years of age. d) As this product may contain ingredients not recommended during pregnancy or breastfeeding, please consult a healthcare professional before use.",https://www.cosrx.com/cdn/shop/files/OneStep_Blemish_Pad_00_800x.jpg?v=1774854088,https://www.cosrx.com/products/one-step-original-blemish-pore-clear-pad,,88,true,true,[],[],[],"[""skin_types"", ""volume""]","{""care_goals"": [], ""category"": [], ""skin_concerns"": [], ""skin_types"": []}",USD,,0.3.0,2026-09-15T06:34:14.389758+00:00,
113020248,One Step Original Clear Pad,COSRX,toner,22.0,USD,,"﻿Quantity : 70 Pads Wipe out excess dirt and apply acne-fighting toner for clear, blemish-free skinSoft cotton pads pre-soaked in essence to remove dead skin cells and excess sebum. Free of a cleansing component, also can be used as a makeup corrector.",,"Salix Alba (Willow) Bark Water, Butylene Glycol, Glycerin, Betaine Salicylate, 1,2-Hexanediol, Arginine, PEG-60 Hydrogenated Castor Oil, Panthenol, Allantoin, Ethyl Hexanediol, Citrus Aurantium Dulcis (Orange) Peel Oil, Melaleuca Alternifolia (Tea Tree) Leaf Oil, Sodium Hydroxide, Sodium Hyaluronate",• 85.9% Salix Alba(Willow) Bark Extract : Reduces breakouts & blemmishes • 1.0% Betaine Salicylate : Clears congested pores,"[""sensitive"", ""oily""]","[""acne"", ""oiliness""]","[""cleanse"", ""anti_acne"", ""exfoliate""]",pads,Swipe the embossing side across the face avoiding eye area after cleansing. Swipe the softer side across the face to pick up the remaining debris.,,https://www.cosrx.com/cdn/shop/files/Original_Pad_0_800x.jpg?v=1694078299,https://www.cosrx.com/products/one-step-original-clear-pad,,80,true,true,[],[],[],"[""benefits"", ""warnings"", ""volume""]","{""care_goals"": [], ""category"": [], ""skin_concerns"": [], ""skin_types"": []}",USD,,0.3.0,2026-09-15T06:34:18.153811+00:00,
113021250,One Step Original Clear Skin Calming Pad,COSRX,serum,26.0,USD,,"#GreenCalmingPad #CalmingTonerPad Soothes sensitive skin while visibly refining texture and supporting the skin barrier. Formulated with 82% Green Tea Water and Centella to help calm the look of redness and care for blemish-prone skin. 70mm oversized pads soaked in 280mL (9.46 fl. oz.) of essence — one of the highest volumes in its category for generous, long-lasting care. Size: 100 Pads / 9.46 fl. oz. (280mL)",GreenCalmingPad #CalmingTonerPad Soothes sensitive skin while visibly refining texture and supporting the skin barrier. Formulated with 82% Green Tea Water and Centella to help calm the look of redness and care for blemish-prone skin.,"Camellia Sinensis Leaf Water, Butylene Glycol, Niacinamide, 1,2-Hexanediol, Gluconolactone, Panthenol, Aqua/Water, Allantoin, Arginine, Polyglyceryl-10 Laurate, Polyglyceryl-10 Myristate, Glycerin, Pantothenic Acid, Adenosine, Asiaticoside, Pentylene Glycol, Madecassic Acid, Asiatic Acid, Caprylic/Capric Triglyceride, Sodium Hyaluronate, Madecassoside, Sodium Hyaluronate Crosspolymer, Ceramide Np, Hydrolyzed Hyaluronic Acid, Polyglyceryl-2 Stearate, Polyglyceryl-10 Stearate, Hydrogenated Lecithin, Beta-Glucan, Capryloyl Salicylic Acid, Glyceryl Stearate, Hyaluronic Acid, Stearyl Alcohol, Oleic Acid, Cholesterol, Ethylhexylglycerin, Hydroxyacetophenone, Centella Asiatica Extract, Hydrolyzed Sodium Hyaluronate","• Green Tea Water (82%) : A naturally derived extract crafted from green tea leaves, rich in antioxidants to help soothe the look of redness and calm the feel of sensitive skin. • Centella Asiatica Complex + Centella Extract A soothing botanical blend formulated with four active Centella components—Asiaticoside, Madecassoside, Madecassic Acid, and Asiatic Acid—to help calm visible irritation and support skin resilience. • PHA & LHA : Gently exfoliates to help smooth skin texture, suitable for sensitive skin. PHA attracts moisture while softening the surface; LHA gradually refines the look of texture and pores.","[""sensitive"", ""dry""]","[""acne"", ""redness"", ""sensitivity""]","[""brighten"", ""anti_acne"", ""anti_aging"", ""repair"", ""soothe"", ""exfoliate""]",pads,"1. Use the built-in tweezer to take out a pad and gently wipe from the inner to outer areas of the face along the skin texture. 2. For areas needing intensive firming or radiance care, place the pad on the skin like a mini mask and leave it on for a few minutes. 3. Lightly pat the remaining essence onto the skin and close the lid tightly to keep the pads from drying out. *Tip* Use the smooth side as a quick soothing facial mask, and the embossed side to gently exfoliate and refine the look of skin texture. *","* For external use only. Do not get into eyes. 1. Use the built-in tweezer to take out a pad and gently wipe from the inner to outer areas of the face along the skin texture. 2. For areas needing intensive firming or radiance care, place the pad on the skin like a mini mask and leave it on for a few minutes. 3. Lightly pat the remaining essence onto the skin and close the lid tightly to keep the pads from drying out. *Tip* Use the smooth side as a quick soothing facial mask, and the embossed side to gently exfoliate and refine the look of skin texture. *Cautions* For external use only. Do not get into eyes.",https://www.cosrx.com/cdn/shop/files/OneStep_Calming_Pad_00_800x.jpg?v=1774854164,https://www.cosrx.com/products/one-step-original-clear-skin-calming-pad,,98,true,true,[],[],[],"[""volume""]","{""care_goals"": [], ""category"": [], ""skin_concerns"": [], ""skin_types"": []}",USD,,0.3.0,2026-09-15T06:34:19.455468+00:00,
113021135,The AHA 2 BHA 2 Blemish Treatment Serum,COSRX,serum,23.0,USD,50g,"The REBALLUTION of blemish spot care Highly concentrated with 2% AHA and 2% BHA, this serum in a pure cotton ball quickly and easily soothes acne-scarred skin and instantly cares for blackheads and whiteheads. Volume : 50g (30+ cotton balls per serum)","The REBALLUTION of blemish spot care Highly concentrated with 2% AHA and 2% BHA, this serum in a pure cotton ball quickly and easily soothes acne-scarred skin and instantly cares for blackheads and whiteheads.","Water, Propanediol, Polysorbate 20, Glycolic Acid, Salicylic Acid, Gluconolactone, Zinc PCA, Allantoin, Sodium Hyaluronate, Sodium Hydroxide, Dipropylene Glycol, Hydroxyacetophenone, Caprylyl Glycol, Ethylhexylglycerin, Dipotassium Glycyrrhizate, 1,2-Hexanediol, Disodium EDTA",,[],"[""acne"", ""redness""]","[""anti_acne"", ""soothe""]",serum,"1. Take out the cotton ball using the tongs included. 2. Gently tap a cotton ball directly onto target areas. *Depending on the area of concern, you may gently wipe the blackhead/whitehead on the nose and chin *For daytime use, please be sure to apply sunscreen. 1. Take out the cotton ball using the tongs included. 2. Gently tap a cotton ball directly onto target areas. *Depending on the area of concern, you may gently wipe the blackhead/whitehead on the nose and chin *For daytime use, please be sure to apply sunscreen.",,https://www.cosrx.com/cdn/shop/files/AHA2BHA2_Treatment_00_0ee6119d-bd30-4aa2-b7f6-3ecf59cc7151_800x.jpg?v=1778462937,https://www.cosrx.com/products/the-aha-2-bha-2-blemish-treatment-serum,,76,true,true,[],[],[],"[""key_ingredients"", ""skin_types"", ""warnings""]","{""care_goals"": [], ""category"": [], ""skin_concerns"": [], ""skin_types"": []}",USD,,0.3.0,2026-09-15T06:34:21.291900+00:00,
113021259,5 Peptide Ceramide Barrier Comfort Lip Mask,COSRX,lip_care,15.0,USD,12g,"#5PeptideCeramide #Vegan #BarrierCare #OvernightMask #Plumping An overnight sleeping lip mask powered by 5 peptides and ceramide that intensively cares for dry, rough lips while you sleep. It strengthens the lip's moisture barrier, smooths away flaky texture, and reveals soft, plump lips by morning. Key Ingredients: 5 Peptide Complex + Ceramide Size: 12g / 0.42 oz.","It strengthens the lip's moisture barrier, smooths away flaky texture, and reveals soft, plump lips by morning.","DIISOSTEARYL MALATE, HYDROGENATED POLYISOBUTENE, PHYTOSTERYL/ISOSTEARYL/CETYL/STEARYL/BEHENYL DIMER DILINOLEATE, POLYBUTENE, OCTYLDODECYL NEOPENTANOATE, HYDROGENATED POLY(C6-14 OLEFIN), MICROCRYSTALLINE WAX / CERA MICROCRISTALLINA / CIRE MICROCRISTALLINE, BUTYROSPERMUM PARKII (SHEA) BUTTER, ETHYLENE/PROPYLENE/STYRENE COPOLYMER, SYNTHETIC WAX, SUCROSE TETRASTEARATE TRIACETATE, MAGNESIUM POTASSIUM FLUOROSILICATE, EUPHORBIA CERIFERA (CANDELILLA) WAX / CANDELILLA CERA / CIRE DE CANDELILLA, SILICA, FRAGRANCE / PARFUM, ASTROCARYUM MURUMURU SEED BUTTER, CANDELILLA WAX ESTERS, TOCOPHERYL ACETATE, ETHYLENE/PROPYLENE COPOLYMER, GLYCERYL CAPRYLATE, BUTYLENE/ETHYLENE/STYRENE COPOLYMER, ETHYLHEXYL PALMITATE, TITANIUM DIOXIDE (CI 77891), POLYGLYCERYL-2 TRIISOSTEARATE, COPERNICIA CERIFERA (CARNAUBA) WAX / COPERNICIA CERIFERA CERA / CIRE DE CARNAUBA, DIMETHICONE, TRIBEHENIN, PENTAERYTHRITYL TETRA-DI-T-BUTYL HYDROXYHYDROCINNAMATE, WATER / AQUA / EAU, HYALURONIC ACID, YELLOW 6 LAKE (CI 15985), SQUALANE, SORBITAN ISOSTEARATE, RED 7 (CI 15850), RED 6 (CI 15850), CERAMIDE NP, GLUCONOLACTONE, GLYCERIN, TOCOPHEROL, LACTIC ACID, PROPANEDIOL, 1,2-HEXANEDIOL, PALMITOYL TRIPEPTIDE-1, BETA-GLUCAN, ORYZA SATIVA (RICE) BRAN EXTRACT, ETHYLHEXYLGLYCERIN, SODIUM PHYTATE, SODIUM DNA, ACETYL HEXAPEPTIDE-8, SOLUBLE COLLAGEN, TRIPEPTIDE-1, PALMITOYL TETRAPEPTIDE-7, PALMITOYL HEXAPEPTIDE-12, VANILLIN","• 5 Peptide Complex: A powerful blend of 5 peptides that works together to firm, smooth, and revitalize lips — targeting volume, elasticity, texture, and hydration for visibly healthier-looking lips. • Ceramide: A key lipid component of the lip's natural barrier that helps lock in moisture and strengthen the lip barrier overnight for enhanced barrier care. • Shea Butter & Murumuru Seed Butter: Forms a nourishing moisture film on the lips, helping to lock in hydration and keep lips feeling soft and supple.",[],"[""dryness""]","[""soothe""]",,Apply a proper amount evenly onto lips before bed. Leave on overnight and gently wipe away any excess the next morning. *,"* 1. If abnormal symptoms or side effects such as redness, swelling, or itching occur on the applied area due to direct sunlight during or after use, consult a dermatologist or specialist. 2. Avoid use on areas with wounds or damaged skin. 3. Storage and handling precautions a) Keep out of reach of children. b) Store away from direct sunlight. Apply a proper amount evenly onto lips before bed. Leave on overnight and gently wipe away any excess the next morning. *Cautions* 1. If abnormal symptoms or side effects such as redness, swelling, or itching occur on the applied area due to direct sunlight during or after use, consult a dermatologist or specialist. 2. Avoid use on areas with wounds or damaged skin. 3. Storage and handling precautions a) Keep out of reach of children. b) Store away from direct sunlight.",https://www.cosrx.com/cdn/shop/files/5Peptide-Lip_Mask_00_800x.jpg?v=1788426952,https://www.cosrx.com/products/5-peptide-ceramide-barrier-comfort-lip-mask,,88,true,true,[],[],[],"[""skin_types"", ""texture""]","{""care_goals"": [], ""category"": [], ""skin_concerns"": [], ""skin_types"": []}",USD,,0.3.0,2026-09-15T06:34:22.784013+00:00,
113021261,5 Peptide Collagen Tinted Lip Fill Treatment,COSRX,lip_care,16.0,USD,12g,"#5PeptideCollagen #Plumping #Glossy #Hydrating #Volumelips A tinted lip treatment with a hydrating and plumping formula infused with 5 peptides and collagen. It delivers lasting hydration, high shine, sheer buildable color and the look of fuller 4D volume lips. Key Ingredients: 5 Peptide Complex + Collagen Size: 12g / 0.42 oz.Color: Strawberry, Sour Berry Jelly, Peach, Cherry, Cinnamon, Cocoa, Black Cherry","It delivers lasting hydration, high shine, sheer buildable color and the look of fuller 4D volume lips.","01 Strawberry PHYTOSTERYL/ISOSTEARYL/CETYL/STEARYL/BEHENYL DIMER DILINOLEATE, DIISOSTEARYL MALATE, HYDROGENATED POLY(C6-14 OLEFIN), HYDROGENATED POLYISOBUTENE, POLYBUTENE, OCTYLDODECANOL, PENTAERYTHRITYL TETRAISOSTEARATE, SYNTHETIC WAX, MICROCRYSTALLINE WAX / CERA MICROCRISTALLINA / CIRE MICROCRISTALLINE, DISTEARDIMONIUM HECTORITE, SILICA DIMETHYL SILYLATE, HYDROGENATED LECITHIN, FRAGRANCE / PARFUM, POLYHYDROXYSTEARIC ACID, TOCOPHERYL ACETATE, LECITHIN, PROPYLENE CARBONATE, ETHYLHEXYL PALMITATE, ISOSTEARIC ACID, ISOPROPYL MYRISTATE, POLYGLYCERYL-3 POLYRICINOLEATE, STEVIOL GLYCOSIDES, POLYGLYCERYL-2 TRIISOSTEARATE, TITANIUM DIOXIDE (CI 77891), RED 6 (CI 15850), TRIBEHENIN, RED 28 LAKE (CI 45410), WATER / AQUA / EAU, HYALURONIC ACID, SQUALANE, SORBITAN ISOSTEARATE, CERAMIDE NP, GLUCONOLACTONE, TOCOPHEROL, GLYCERIN, LACTIC ACID, PROPANEDIOL, 1,2-HEXANEDIOL, PALMITOYL TRIPEPTIDE-1, BETA-GLUCAN, ORYZA SATIVA (RICE) BRAN EXTRACT, ETHYLHEXYLGLYCERIN, SODIUM PHYTATE, SODIUM DNA, ACETYL HEXAPEPTIDE-8, SOLUBLE COLLAGEN, TRIPEPTIDE-1, PALMITOYL TETRAPEPTIDE-7, PALMITOYL HEXAPEPTIDE-12, CITRUS LIMON (LEMON) PEEL OIL, BENZYL BENZOATE, LIMONENE, MENTHOL, PINENE, CITRAL 02 Sour Berry Jelly PHYTOSTERYL/ISOSTEARYL/CETYL/STEARYL/BEHENYL DIMER DILINOLEATE, DIISOSTEARYL MALATE, HYDROGENATED POLY(C6-14 OLEFIN), HYDROGENATED POLYISOBUTENE, POLYBUTENE, OCTYLDODECANOL, PENTAERYTHRITYL TETRAISOSTEARATE, SYNTHETIC WAX, MICROCRYSTALLINE WAX / CERA MICROCRISTALLINA / CIRE MICROCRISTALLINE, CALCIUM SODIUM BOROSILICATE, DISTEARDIMONIUM HECTORITE, FRAGRANCE / PARFUM, SILICA DIMETHYL SILYLATE, HYDROGENATED LECITHIN, POLYHYDROXYSTEARIC ACID, TITANIUM DIOXIDE (CI 77891), TOCOPHERYL ACETATE, LECITHIN, PROPYLENE CARBONATE, ETHYLHEXYL PALMITATE, ISOSTEARIC ACID, ISOPROPYL MYRISTATE, POLYGLYCERYL-3 POLYRICINOLEATE, STEVIOL GLYCOSIDES, POLYGLYCERYL-2 TRIISOSTEARATE, TRIBEHENIN, TIN OXIDE, WATER / AQUA / EAU, HYALURONIC ACID, YELLOW 5 LAKE (CI 19140), RED 7 (CI 15850), SQUALANE, RED 22 LAKE (CI 45380), SORBITAN ISOSTEARATE, CERAMIDE NP, GLUCONOLACTONE, TOCOPHEROL, GLYCERIN, LACTIC ACID, PROPANEDIOL, 1,2-HEXANEDIOL, PALMITOYL TRIPEPTIDE-1, BETA-GLUCAN, ORYZA SATIVA (RICE) BRAN EXTRACT, ETHYLHEXYLGLYCERIN, SODIUM PHYTATE, SODIUM DNA, ACETYL HEXAPEPTIDE-8, SOLUBLE COLLAGEN, TRIPEPTIDE-1, PALMITOYL TETRAPEPTIDE-7, PALMITOYL HEXAPEPTIDE-12, LINALOOL, VANILLIN 03 Peach PHYTOSTERYL/ISOSTEARYL/CETYL/STEARYL/BEHENYL DIMER DILINOLEATE, DIISOSTEARYL MALATE, HYDROGENATED POLY(C6-14 OLEFIN), HYDROGENATED POLYISOBUTENE, POLYBUTENE, OCTYLDODECANOL, PENTAERYTHRITYL TETRAISOSTEARATE, SYNTHETIC WAX, MICROCRYSTALLINE WAX / CERA MICROCRISTALLINA / CIRE MICROCRISTALLINE, DISTEARDIMONIUM HECTORITE, SILICA DIMETHYL SILYLATE, HYDROGENATED LECITHIN, POLYGLYCERYL-2 TRIISOSTEARATE, FRAGRANCE / PARFUM, POLYHYDROXYSTEARIC ACID, TITANIUM DIOXIDE (CI 77891), TOCOPHERYL ACETATE, LECITHIN, PROPYLENE CARBONATE, ETHYLHEXYL PALMITATE, ISOSTEARIC ACID, ISOPROPYL MYRISTATE, YELLOW 5 LAKE (CI 19140), POLYGLYCERYL-3 POLYRICINOLEATE, IRON OXIDES (CI 77491), STEVIOL GLYCOSIDES, RED 7 LAKE (CI 15850), TRIBEHENIN, BLUE 1 LAKE (CI 42090), WATER / AQUA / EAU, HYALURONIC ACID, SQUALANE, IRON OXIDES (CI 77499), SORBITAN ISOSTEARATE, CERAMIDE NP, GLUCONOLACTONE, TOCOPHEROL, GLYCERIN, LACTIC ACID, PROPANEDIOL, 1,2-HEXANEDIOL, PALMITOYL TRIPEPTIDE-1, BETA-GLUCAN, ORYZA SATIVA (RICE) BRAN EXTRACT, ETHYLHEXYLGLYCERIN, SODIUM PHYTATE, SODIUM DNA, ACETYL HEXAPEPTIDE-8, SOLUBLE COLLAGEN, TRIPEPTIDE-1, PALMITOYL TETRAPEPTIDE-7, PALMITOYL HEXAPEPTIDE-12, VANILLIN 04 Cherry PHYTOSTERYL/ISOSTEARYL/CETYL/STEARYL/BEHENYL DIMER DILINOLEATE, DIISOSTEARYL MALATE, HYDROGENATED POLY(C6-14 OLEFIN), HYDROGENATED POLYISOBUTENE, POLYBUTENE, OCTYLDODECANOL, PENTAERYTHRITYL TETRAISOSTEARATE, SYNTHETIC WAX, MICROCRYSTALLINE WAX / CERA MICROCRISTALLINA / CIRE MICROCRISTALLINE, DISTEARDIMONIUM HECTORITE, SILICA DIMETHYL SILYLATE, HYDROGENATED LECITHIN, FRAGRANCE / PARFUM, POLYHYDROXYSTEARIC ACID, POLYGLYCERYL-2 TRIISOSTEARATE, TOCOPHERYL ACETATE, LECITHIN, PROPYLENE CARBONATE, ETHYLHEXYL PALMITATE, ISOSTEARIC ACID, ISOPROPYL MYRISTATE, RED 30 (CI 73360), POLYGLYCERYL-3 POLYRICINOLEATE, STEVIOL GLYCOSIDES, SQUALANE, RED 7 LAKE (CI 15850), IRON OXIDES (CI 77499), BLUE 1 LAKE (CI 42090), TRIBEHENIN, WATER / AQUA / EAU, HYALURONIC ACID, SORBITAN ISOSTEARATE, CERAMIDE NP, GLUCONOLACTONE, TOCOPHEROL, GLYCERIN, LACTIC ACID, PROPANEDIOL, 1,2-HEXANEDIOL, PALMITOYL TRIPEPTIDE-1, BETA-GLUCAN, ORYZA SATIVA (RICE) BRAN EXTRACT, ETHYLHEXYLGLYCERIN, SODIUM PHYTATE, SODIUM DNA, ACETYL HEXAPEPTIDE-8, SOLUBLE COLLAGEN, TRIPEPTIDE-1, PALMITOYL TETRAPEPTIDE-7, PALMITOYL HEXAPEPTIDE-12, LIMONENE, CITRUS AURANTIUM PEEL OIL, MENTHOL, BENZALDEHYDE, CAMPHOR, CITRUS LIMON (LEMON) PEEL OIL, EUGENOL, VANILLIN, CARVONE, PINENE, CINNAMAL 05 Cinnamon PHYTOSTERYL/ISOSTEARYL/CETYL/STEARYL/BEHENYL DIMER DILINOLEATE, DIISOSTEARYL MALATE, HYDROGENATED POLY(C6-14 OLEFIN), HYDROGENATED POLYISOBUTENE, POLYBUTENE, OCTYLDODECANOL, PENTAERYTHRITYL TETRAISOSTEARATE, SYNTHETIC WAX, MICROCRYSTALLINE WAX / CERA MICROCRISTALLINA / CIRE MICROCRISTALLINE, DISTEARDIMONIUM HECTORITE, SILICA DIMETHYL SILYLATE, HYDROGENATED LECITHIN, FRAGRANCE / PARFUM, POLYHYDROXYSTEARIC ACID, POLYGLYCERYL-2 TRIISOSTEARATE, TITANIUM DIOXIDE (CI 77891), TOCOPHERYL ACETATE, LECITHIN, PROPYLENE CARBONATE, ETHYLHEXYL PALMITATE, IRON OXIDES (CI 77492), ISOSTEARIC ACID, ISOPROPYL MYRISTATE, IRON OXIDES (CI 77491), POLYGLYCERYL-3 POLYRICINOLEATE, STEVIOL GLYCOSIDES, RED 7 (CI 15850), BLUE 1 LAKE (CI 42090), IRON OXIDES (CI 77499), TRIBEHENIN, WATER / AQUA / EAU, HYALURONIC ACID, SQUALANE, SORBITAN ISOSTEARATE, TRIETHOXYCAPRYLYLSILANE, CERAMIDE NP, GLUCONOLACTONE, TOCOPHEROL, GLYCERIN, LACTIC ACID, PROPANEDIOL, 1,2-HEXANEDIOL, PALMITOYL TRIPEPTIDE-1, BETA-GLUCAN, ORYZA SATIVA (RICE) BRAN EXTRACT, ETHYLHEXYLGLYCERIN, SODIUM PHYTATE, SODIUM DNA, ACETYL HEXAPEPTIDE-8, SOLUBLE COLLAGEN, TRIPEPTIDE-1, PALMITOYL TETRAPEPTIDE-7, PALMITOYL HEXAPEPTIDE-12, EUGENOL, CINNAMAL, BENZYL BENZOATE, EUGENIA CARYOPHYLLUS OIL 06 Cocoa PHYTOSTERYL/ISOSTEARYL/CETYL/STEARYL/BEHENYL DIMER DILINOLEATE, DIISOSTEARYL MALATE, HYDROGENATED POLY(C6-14 OLEFIN), HYDROGENATED POLYISOBUTENE, POLYBUTENE, OCTYLDODECANOL, PENTAERYTHRITYL TETRAISOSTEARATE, SYNTHETIC WAX, MICROCRYSTALLINE WAX / CERA MICROCRISTALLINA / CIRE MICROCRISTALLINE, DISTEARDIMONIUM HECTORITE, SILICA DIMETHYL SILYLATE, HYDROGENATED LECITHIN, POLYHYDROXYSTEARIC ACID, FRAGRANCE / PARFUM, TOCOPHERYL ACETATE, LECITHIN, PROPYLENE CARBONATE, ETHYLHEXYL PALMITATE, POLYGLYCERYL-2 TRIISOSTEARATE, IRON OXIDES (CI 77491), ISOSTEARIC ACID, ISOPROPYL MYRISTATE, POLYGLYCERYL-3 POLYRICINOLEATE, STEVIOL GLYCOSIDES, TITANIUM DIOXIDE (CI 77891), IRON OXIDES (CI 77499), IRON OXIDES (CI 77492), TRIBEHENIN, WATER / AQUA / EAU, HYALURONIC ACID, SQUALANE, SORBITAN ISOSTEARATE, TRIETHOXYCAPRYLYLSILANE, CERAMIDE NP, GLUCONOLACTONE, TOCOPHEROL, GLYCERIN, LACTIC ACID, PROPANEDIOL, 1,2-HEXANEDIOL, PALMITOYL TRIPEPTIDE-1, BETA-GLUCAN, ORYZA SATIVA (RICE) BRAN EXTRACT, ETHYLHEXYLGLYCERIN, SODIUM PHYTATE, SODIUM DNA, ACETYL HEXAPEPTIDE-8, SOLUBLE COLLAGEN, TRIPEPTIDE-1, PALMITOYL TETRAPEPTIDE-7, PALMITOYL HEXAPEPTIDE-12, VANILLIN 07 Black Cherry PHYTOSTERYL/ISOSTEARYL/CETYL/STEARYL/BEHENYL DIMER DILINOLEATE, DIISOSTEARYL MALATE, HYDROGENATED POLY(C6-14 OLEFIN), HYDROGENATED POLYISOBUTENE, POLYBUTENE, OCTYLDODECANOL, PENTAERYTHRITYL TETRAISOSTEARATE, SYNTHETIC WAX, MICROCRYSTALLINE WAX / CERA MICROCRISTALLINA / CIRE MICROCRISTALLINE, DISTEARDIMONIUM HECTORITE, SILICA DIMETHYL SILYLATE, HYDROGENATED LECITHIN, FRAGRANCE / PARFUM, POLYHYDROXYSTEARIC ACID, POLYGLYCERYL-2 TRIISOSTEARATE, TOCOPHERYL ACETATE, LECITHIN, PROPYLENE CARBONATE, ETHYLHEXYL PALMITATE, IRON OXIDES (CI 77491), ISOSTEARIC ACID, ISOPROPYL MYRISTATE, POLYGLYCERYL-3 POLYRICINOLEATE, STEVIOL GLYCOSIDES, YELLOW 5 LAKE (CI 19140), BLUE 1 LAKE (CI 42090), RED 7 LAKE (CI 15850), IRON OXIDES (CI 77499), TRIBEHENIN, WATER / AQUA / EAU, HYALURONIC ACID, SQUALANE, SORBITAN ISOSTEARATE, CERAMIDE NP, GLUCONOLACTONE, TOCOPHEROL, GLYCERIN, LACTIC ACID, PROPANEDIOL, 1,2-HEXANEDIOL, PALMITOYL TRIPEPTIDE-1, BETA-GLUCAN, ORYZA SATIVA (RICE) BRAN EXTRACT, ETHYLHEXYLGLYCERIN, SODIUM PHYTATE, SODIUM DNA, ACETYL HEXAPEPTIDE-8, SOLUBLE COLLAGEN, TRIPEPTIDE-1, PALMITOYL TETRAPEPTIDE-7, PALMITOYL HEXAPEPTIDE-12, CITRUS LIMON (LEMON) PEEL OIL, LIMONENE, GERANYL ACETATE, LINALYL ACETATE, LINALOOL, CITRUS AURANTIUM PEEL OIL, PINENE, HYDROXYCITRONELLAL, VANILLIN, CITRAL","• 5 Peptide Complex: A powerful blend of 5 peptides that works together to firm, smooth, and revitalize lips — targeting volume, elasticity, texture, and hydration for visibly healthier-looking lips. • Collagen : A key structural protein that makes up lip tissue, helping support the firm, well-defined structure of the skin. • Ceramide : Forms a strong moisture barrier on the lips to prevent water loss. (Barrier Care) • PHA & Phytic Acid : Gently smooths rough, flaky texture for softer, more polished lips.(Exfoliating Care)","[""sensitive"", ""dry""]",[],"[""hydrate""]",,Apply as needed for a touch of hydration and sheer color. Can be used before or after lip makeup. *,* Do not use on damaged or irritated skin. Do not use in case of allergy to any of the ingredients. For external use only. Apply as needed for a touch of hydration and sheer color. Can be used before or after lip makeup. *Cautions* Do not use on damaged or irritated skin. Do not use in case of allergy to any of the ingredients. For external use only.,https://www.cosrx.com/cdn/shop/files/5PeptideLipTint_Strawberry_00_800x.jpg?v=1788310795,https://www.cosrx.com/products/5-peptide-collagen-tinted-lip-fill-treatment,,88,true,true,[],[],[],"[""skin_concerns"", ""texture""]","{""care_goals"": [], ""category"": [], ""skin_concerns"": [], ""skin_types"": []}",USD,,0.3.0,2026-09-15T06:34:24.864193+00:00,
113020196,Advanced Snail Hydrogel Eye Patch,COSRX,eye_care,28.0,USD,,"#Plumping, #Moisturizing, #Brightening Hydrogel eye patch which visibly hydrates, plumps and brightens the delicate eye area. The eye mask consists of two sizes - small and large to soothe and hydrate the skin with a perfect fit. Volume : 60 patches / 3.17 oz","Plumping, #Moisturizing, #Brightening Hydrogel eye patch which visibly hydrates, plumps and brightens the delicate eye area. The eye mask consists of two sizes - small and large to soothe and hydrate the skin with a perfect fit.","Water, Glycerin, Snail Secretion Filtrate, Niacinamide, Carrageenan, 1,2-Hexanediol, Ceratonia Siliqua (Carob) Gum, Betaine, Hydroxyacetophenone, Allantoin, Chlorphenesin, Cyamopsis Tetragonoloba (Guar) Gum, Calcium Chloride, Butylene Glycol, Sucrose, Cellulose Gum, Adenosine, Potassium Chloride, Dipotassium Glycyrrhizate, Ethylhexylglycerin, PEG-90M","• 20,400ppm Snail Secretion Filtrate : Soothes damaged skin and delivers moisture deep into your skin",[],[],"[""hydrate"", ""brighten"", ""soothe""]",patch,Apply the hydrogel patches to the desired area using the tweezers contained inside. Remove after 20-30 mins.,,https://www.cosrx.com/cdn/shop/files/AnyConv.com__Snail-eye-patch2_800x1067_e8793905-5ab9-4172-a398-5d25b6cf39cc_800x.webp?v=1765523642,https://www.cosrx.com/products/advanced-snail-hydrogel-eye-patch,,74,true,true,[],[],[],"[""skin_types"", ""skin_concerns"", ""warnings"", ""volume""]","{""care_goals"": [], ""category"": [], ""skin_concerns"": [], ""skin_types"": []}",USD,,0.3.0,2026-09-15T06:34:47.221804+00:00,
113020300,Advanced Snail Peptide Eye Cream,COSRX,eye_care,28.0,USD,25ml,"Never look tired again! Non- heavy, double-functioning eye cream that visibly brightens the eye area. Hydrating, fast absorbing eye cream for EVERYONE - 20s, 30s, 70s, even teens - without over nourishment. Size : 25ml / 0.85 fl. oz","Non- heavy, double-functioning eye cream that visibly brightens the eye area. Hydrating, fast absorbing eye cream for EVERYONE - 20s, 30s, 70s, even teens - without over nourishment.","Snail Secretion Filtrate, Butylene Glycol, Glycerin, Helianthus Annuus (Sunflower) Seed Oil, 1,2-Hexanediol, Niacinamide, Water, Palmitic Acid, Arginine, Carbomer, Stearic Acid, Betaine, Cetearyl Olivate, Sorbitan Olivate, Sodium Polyacrylate, Allantoin, Tocopheryl Acetate, Panthenol, Hydroxyethyl Acrylate/Sodium Acryloyldimethyl Taurate Copolymer, Sodium Hyaluronate, Adenosine, Xanthan Gum, Myristic Acid, Copper Tripeptide-1, Acetyl Hexapeptide-8, Palmitoyl Pentapeptide-4, Palmitoyl Tripeptide-1, Palmitoyl Tetrapeptide-7","• 73.6% Snail Secretion Filtrate : Moisturize, protect and help rejuvenating the eye area",[],[],"[""hydrate"", ""brighten""]",cream,Apply after using essence/serum/ampoule around your eyes. Massage around eyes and tap the area gently for better absorption.,,https://www.cosrx.com/cdn/shop/files/advanced-snail-peptide-eye-cream-cosrx-official-1_800x.png?v=1724835637,https://www.cosrx.com/products/advanced-snail-peptide-eye-cream,,76,true,true,[],[],[],"[""skin_types"", ""skin_concerns"", ""warnings""]","{""care_goals"": [], ""category"": [], ""skin_concerns"": [], ""skin_types"": []}",USD,,0.3.0,2026-09-15T06:34:50.716833+00:00,
113020575,Advanced Snail Radiance Dual Essence,COSRX,serum,28.0,USD,80ml,2 in 1 Elasticity & Radiance in One Pump High-efficacy snail essence mixes with the radiance essence upon pumping to create a combination of plumping and brightening care. Size : 80ml / 2.70 fl. oz,2 in 1 Elasticity & Radiance in One Pump High-efficacy snail essence mixes with the radiance essence upon pumping to create a combination of plumping and brightening care.,"Snail Secretion Filtrate, Butylene Glycol, Niacinamide, 1,2-Hexanediol, Betaine, Panthenol, Water, Glycerin, Limnanthes Alba (Meadowfoam) Seed Oil, Helianthus Annuus (Sunflower) Seed Oil, Allantoin, Carbomer, Macadamia Ternifolia Seed Oil, Sodium Polyacrylate, Sodium Hyaluronate, Inulin Lauryl Carbamate, Arginine, Argania Spinosa Kernel Oil, Xanthan Gum, Sodium Surfactin, Ethylhexylglycerin, Glutathione","• 74.3% Triple Snail Complex : A complex that combines the existing hydrating and plumping effects of snail secretion filtrate and fortifies it with the anti-aging, pore contracting benefits of Black Snails and the anti-bacterial, antioxidant and UV protection effects of Gold Snails and more • 5% niacinamide : brightening the skin for simultaneous plumping & radiance care, strengthening skin's barrier • Glutathione : Improving skin tone and skin complexion","[""sensitive""]",[],"[""brighten"", ""anti_aging""]",essence,"Pump an appropriate amount, mix the two essences, and apply gently on the face. Gently tap it into skin for better absorption.",,https://www.cosrx.com/cdn/shop/files/advanced-snail-radiance-dual-essence-cosrx-official-1_800x.png?v=1724835811,https://www.cosrx.com/products/advanced-snail-radiance-dual-essence,,86,true,true,[],[],[],"[""skin_concerns"", ""warnings""]","{""care_goals"": [], ""category"": [], ""skin_concerns"": [], ""skin_types"": []}",USD,,0.3.0,2026-09-15T06:34:52.585301+00:00,
113020108,AHA 7 Whitehead Power Liquid,COSRX,toner,22.0,USD,100ml,"Size : 100ml / 3.38 fl. oz Get clear, glowing, whitehead-free skinFormulated with 7% Glycolic Acid (AHA), the toner gently exfoliates skin and helps reveal a radiant, even-toned complexion.",,"Pyrus Malus (Apple) Fruit Water, Butylene Glycol, Glycolic Acid, Niacinamide, Sodium Hydroxide, 1,2-Hexanediol, Panthenol, Sodium Hyaluronate, Xanthan Gum, Ethyl Hexanediol","• Pyrus Malus (Apple) Fruit Water +Glycol, Glycolic Acid : Refines uneven skin texture & clears whiteheads & diminishes fine lines • Niacinamide : Reduces marks from spots & boosts radiance","[""sensitive"", ""combination""]","[""acne""]","[""cleanse"", ""brighten"", ""sun_protection"", ""exfoliate""]",liquid,"After cleansing, soak a cotton pad and swipe a thin layer of the liquid over the skin, avoiding the eye and mouth area. For use during the daytime, follow with a broad-spectrum sunscreen rated SPF 30 or greater",,https://www.cosrx.com/cdn/shop/files/aha-7-whitehead-power-liquid-cosrx-official-1_800x.jpg?v=1724835611,https://www.cosrx.com/products/aha-7-whitehead-power-liquid,,82,true,true,[],[],[],"[""benefits"", ""warnings""]","{""care_goals"": [], ""category"": [], ""skin_concerns"": [], ""skin_types"": []}",USD,,0.3.0,2026-09-15T06:34:54.516570+00:00,
113020110,AHA/BHA Clarifying Treatment Toner,COSRX,toner,20.0,USD,150ml,"Benefits of AHA & BHA for Clear Skin! The formulation of AHA+BHA+Purifying Botanical ingredients help to improve skin texture, increase vitality, and control pores. Eliminate impurities, exfoliate, and hydrate all in one step. Size : 150ml / 5.07 fl. oz","The formulation of AHA+BHA+Purifying Botanical Eliminate impurities, exfoliate, and hydrate all in one step.","Water, Salix Alba (Willow) Bark Water, Pyrus Malus (Apple) Fruit Water, Butylene Glycol, 1,2-Hexanediol, Sodium Lactate, Glycolic Acid, Betaine Salicylate, Allantoin, Panthenol, Ethyl Hexanediol",• Salix Alba (Willow) Bark Water + Pyrus Malus (Apple) Fruit Water : Offers gentle exfoliation & helps reduce breakouts and marks from spots • Glycolic Acid : Exfoliates the surface of the skin & smooths and softens skin • Betaine Salicylate : Clears congested pores & balances oil production,"[""normal"", ""dry"", ""oily"", ""combination"", ""sensitive""]","[""large_pores""]","[""cleanse"", ""hydrate"", ""sun_protection"", ""exfoliate""]",,"After cleansing, spray the toner onto a cotton pad and gently wipe onto face, avoiding the eye and mouth area. For use during the daytime, follow with a broad-spectrum sunscreen rated SPF 30 or greater. * Avoid using with other acids (AHAs / BHAs / Retinols & Vitamin C) * Avoid when pregnant or breast feeding! After cleansing, spray the toner onto a cotton pad and gently wipe onto face, avoiding the eye and mouth area. For use during the daytime, follow with a broad-spectrum sunscreen rated SPF 30 or greater. * Avoid using with other acids (AHAs / BHAs / Retinols & Vitamin C) * Avoid when pregnant or breast feeding!",,https://www.cosrx.com/cdn/shop/files/ahabha-clarifying-treatment-toner-cosrx-official-1_800x.jpg?v=1724835581,https://www.cosrx.com/products/aha-bha-clarifying-treatment-toner,,94,true,true,[],[],[],"[""warnings"", ""texture""]","{""care_goals"": [], ""category"": [], ""skin_concerns"": [], ""skin_types"": []}",USD,,0.3.0,2026-09-15T06:34:56.477573+00:00,
113021057,Airy-Light Invisible Sun Stick,COSRX,sunscreen,23.0,USD,,"#High Protection SPF 50 PA ++++ with Airy Light Texture A lightweight, transparent sunscreen stick that glides on effortlessly to provide powerful UV protection without a white cast, leaving a powdery soft-matte finish for all-day comfort and convenient on-the-go use.","High Protection SPF 50 PA ++++ with Airy Light Texture A lightweight, transparent sunscreen stick that glides on effortlessly to provide powerful UV protection without a white cast, leaving a powdery soft-matte finish for all-day comfort and convenient on-the-go use.","Methyl Methacrylate Crosspolymer, Synthetic Wax, Caprylyl Methicone, Vinyl Dimethicone/Methicone Silsesquioxane Crosspolymer, Coco-Caprylate/Caprate, Dicaprylyl Carbonate, Ethylhexyl Palmitate, Butyloctyl Salicylate, Neopentyl Glycol Diheptanoate, Diethylamino Hydroxybenzoyl Hexyl Benzoate, Ethylhexyl Triazone, Ozokerite, Tocopheryl Acetate, Silica, Vinyl Dimethicone, Polysilicone-15, Synthetic Fluorphlogopite, Propylheptyl Caprylate, Bis-Ethylhexyloxyphenol Methoxyphenyl Triazine, Ceresin, Bisabolol, Polyglyceryl-4 Diisostearate/Polyhydroxystearate/Sebacate, Triethoxycaprylylsilane, Glyceryl Caprylate, Caprylyl Glycol, Disteardimonium Hectorite, Ethylhexylglycerin, Triethyl Citrate, Tocopherol, Ceramide NP, Water, Niacinamide, Allantoin, Zinc PCA, Panthenol, 1,2-Hexanediol, Sodium Hyaluronate, Aloe Barbadensis Leaf Water",• Niacinamide : Controls excess sebum and tightens enlarged pores • Zinc PCA : Controls excess sebum • Sodium hyaluronate +Panthenol : Relieves dryness and provides deep hydration • Ceramide NP : Protects skin barrier and soothes damage • Aloe(Aloe Barbadensis Leaf Water) : Soothes irritation while calming and protecting the skin • α-Bisabolol : Formulated with brightening actives to help reduce pigmentation caused by UV exposure • Tocopheryl acetate : helps reduce wrinkles and improve skin volume,"[""sensitive"", ""oily""]",[],"[""soothe"", ""sun_protection""]",stick,"Turn the dial at the bottom of the container and apply evenly to areas of skin that are frequently exposed to UV rays. *TIP* The stick format makes it easy to carry and reapply anytime, anywhere for convenient sun protection. *","* Do not stay too long in the sun, even while using a sunscreen product. Keep babies and young children out of direct sunlight. Over-exposure to the sun is a serious health threat. Turn the dial at the bottom of the container and apply evenly to areas of skin that are frequently exposed to UV rays. *TIP* The stick format makes it easy to carry and reapply anytime, anywhere for convenient sun protection. *Cautions* Do not stay too long in the sun, even while using a sunscreen product. Keep babies and young children out of direct sunlight. Over-exposure to the sun is a serious health threat.",https://www.cosrx.com/cdn/shop/files/Airy-Light_SunStick_00_800x.webp?v=1749081344,https://www.cosrx.com/products/airy-light-invisible-sun-stick,,88,true,true,[],[],[],"[""skin_concerns"", ""volume""]","{""care_goals"": [], ""category"": [], ""skin_concerns"": [], ""skin_types"": []}",USD,,0.3.0,2026-09-15T06:34:58.247064+00:00,
113020451,ALL ABOUT SNAIL KIT 4-step,COSRX,eye_care,25.0,USD,,"Get that plump skin, full of nourishment, in 4 steps! COSRX's Most Loved 4-step Advanced Snail Trial Kit : Skincare essentials formulated with snail mucin for repairing, moisturizing, and soothing skin. /STEP 1/ Advanced Snail Mucin Gel Cleanser (20ml / 0.67 fl.oz)/STEP 2/ Advanced Snail 96 Mucin Power Essence (30ml / 1.01 fl.oz) /STEP 3/ Advanced Snail Peptide Eye Cream (5ml / 0.16 fl.oz) /STEP 4/ Advanced Snail 92 All In One Cream (20g / 0.70 oz)","COSRX's Most Loved 4-step Advanced Snail Trial Kit : Skincare essentials formulated with snail mucin for repairing, moisturizing, and soothing skin. /STEP 1/ Advanced Snail Mucin Gel Cleanser (20ml / 0.67 fl.oz)/STEP 2/ Advanced Snail 96 Mucin Power Essence (30ml / 1.01 fl.oz) /STEP 3/ Advanced Snail Peptide Eye Cream (5ml / 0.16 fl.oz) /STEP 4/ Advanced Snail 92 All In One Cream (20g / 0.70 oz)","[Advanced Snail Mucin Gel Cleanse] Water, Acrylates Copolymer, Butylene Glycol, Glycerin, Disodium Laureth Sulfosuccinate, Sodium Cocoyl Isethionate, 1,2-Hexanediol, Coco-Glucoside, Lauryl Betaine, Snail Secretion Filtrate, Arginine, Tromethamine, Potassium Cocoyl Glycinate, Fragrance, Carbomer, Sodium Chloride, Ethylhexylglycerin, Acrylates/C10-30 Alkyl Acrylate Crosspolymer, Sodium Polyacrylate, Disodium EDTA [Advanced Snail 96 Mucin Power Essence] Snail Secretion Filtrate, Betaine, Butylene Glycol, 1,2-Hexanediol, Sodium Polyacrylate, Phenoxyethanol, Sodium Hyaluronate, Allantoin, Ethyl Hexanediol, Carbomer, Panthenol, Arginine [Advanced Snail Peptide Eye Cream] Snail Secretion Filtrate, Butylene Glycol, Glycerin, Helianthus Annuus (Sunflower) Seed Oil, 1,2-Hexanediol, Niacinamide, Water, Palmitic Acid, Arginine, Carbomer, Stearic Acid, Betaine, Cetearyl Olivate, Sorbitan Olivate, Sodium Polyacrylate, Allantoin, Tocopheryl Acetate, Panthenol, Hydroxyethyl Acrylate/Sodium Acryloyldimethyl Taurate Copolymer, Sodium Hyaluronate, Adenosine, Xanthan Gum, Myristic Acid, Copper Tripeptide-1, Acetyl Hexapeptide-8, Palmitoyl Pentapeptide-4, Palmitoyl Tripeptide-1, Palmitoyl Tetrapeptide-7 [Advanced Snail 92 All In One Cream] Snail Secretion Filtrate, Betaine, Caprylic/Capric Triglyceride, Cetearyl Olivate, Sorbitan Olivate, Cetearyl Alcohol, Carbomer, Arginine, Dimethicone, Sodium Polyacrylate, Phenoxyethanol, Sodium Hyaluronate, Stearic Acid, Allantoin, Panthenol, Xanthan Gum, Ethyl Hexanediol, Adenosine","• Snail secretion filtrate : Protect the skin barrier and Soothe sensitized skin after breakouts by replenishing moisture • Peptides : Reduce dark circles, fine lines and wrinkles",[],[],"[""cleanse"", ""hydrate"", ""repair"", ""soothe""]",gel,"/STEP 1. Advanced Snail Mucin Gel Cleanser/ Gently massage the cleanser on wet skin. Rinse thoroughly with tepid water. /STEP 2. Advanced Snail 96 Mucin Power Essence/ Apply a proper amount evenly, avoiding the eye area. /STEP 3. Advanced Snail Peptide Eye Cream/ Apply a proper amount around the eye area. Gently pat with fingertips for fast absorption. /STEP 4. Advanced Snail 92 All In One Cream/ Apply a proper amount evenly, avoiding the eye area. /STEP 1. Advanced Snail Mucin Gel Cleanser/ Gently massage the cleanser on wet skin. Rinse thoroughly with tepid water. /STEP 2. Advanced Snail 96 Mucin Power Essence/ Apply a proper amount evenly, avoiding the eye area. /STEP 3. Advanced Snail Peptide Eye Cream/ Apply a proper amount around the eye area. Gently pat with fingertips for fast absorption. /STEP 4. Advanced Snail 92 All In One Cream/ Apply a proper amount evenly, avoiding the eye area.",,https://www.cosrx.com/cdn/shop/files/all-about-snail-kit-4-step-cosrx-official-1_800x.png?v=1724835890,https://www.cosrx.com/products/all-about-snail-kit-4-step,,74,true,true,[],[],[],"[""skin_types"", ""skin_concerns"", ""warnings"", ""volume""]","{""care_goals"": [], ""category"": [], ""skin_concerns"": [], ""skin_types"": []}",USD,,0.3.0,2026-09-15T06:34:59.707638+00:00,
113021080,Aloe Soothing Sun Cream SPF50+/ PA+++,COSRX,sunscreen,16.0,USD,1.69floz,"﻿Size : 1.69 fl.oz / 50ml Is this moisturizer? No, it's sunscreen!Formulated with Aloe Arborescens Leaf Extract, the daily soothing sunblock is so lightweight that is feels like a moisturizer, and it does not leave any white cast. Designed to be travel friendly, you can easily carry COSRX Aloe Soothing Sun Cream anywhere and layer on sun protection anytime.","No, it's sunscreen!Formulated with Aloe Arborescens Leaf Extract, the daily soothing sunblock is so lightweight that is feels like a moisturizer, and it does not leave any white cast. Designed to be travel friendly, you can easily carry COSRX Aloe Soothing Sun Cream anywhere and layer on sun protection anytime.","Aqua/Water, Ethylhexyl Methoxycinnamate, Glycerin, Propylene Glycol, Dimethicone, Phenylbenzimidazole Sulfonic Acid, Bis-Ethylhexyloxyphenol Methoxyphenyl Triazine, Dicaprylyl Carbonate, Isoamyl p-Methoxycinnamate, Potassium Cetyl Phosphate, Alcohol, Butylene Glycol, Glyceryl Stearate, Titanium Dioxide, C14-22 Alcohols, Polymethyl Methacrylate, Cetearyl Alcohol, PEG-100 Stearate, Aloe Barbadensis Leaf Extract, Arginine, Silica, Sodium Hydroxide, C12-20 Alkyl Glucoside, Aluminum Hydroxide, Stearic Acid, Dimethicone/Vinyl Dimethicone Crosspolymer, Parfum/Fragrance, Phenoxyethanol, Caprylyl Glycol, Acrylates/C10-30 Alkyl Acrylate Crosspolymer, Carbomer, Dipotassium Glycyrrhizate, Xanthan Gum, Limonene, Tocopheryl Acetate, Disodium EDTA, Hexyl Cinnamal, Linalool, Benzyl Salicylate, Geraniol, Citronellol, Benzyl Benzoate, Citral, Benzyl Alcohol, Tocopherol","• Aloe Complex 55,000ppm : Soothes & hydrates","[""sensitive"", ""oily""]",[],"[""hydrate"", ""soothe"", ""sun_protection""]",cream,"Apply a generous amount on over face 30 minutes before sun exposure.Reapply throughout the day as needed, especially during prolonged sun exposure.",,https://www.cosrx.com/cdn/shop/files/aloe-soothing-sun-cream-spf50-pa-cosrx-official-1_800x.jpg?v=1724835559,https://www.cosrx.com/products/aloe-soothing-sun-cream-spf50-pa,,86,true,true,[],[],[],"[""skin_concerns"", ""warnings""]","{""care_goals"": [], ""category"": [], ""skin_concerns"": [], ""skin_types"": []}",USD,,0.3.0,2026-09-15T06:35:05.023802+00:00,
113020193,Balancium Comfort Ceramide Cream,COSRX,moisturizer,26.0,USD,,"Pure comfort for sensitized skin What it is: Lightweight yet rich moisturizer for suffered skin by sensitivity.Calm, soothe, and strengthen your skin without a cloggy oily feeling. WHY IT'S SPECIAL: RX. CeramideCeramide NP strengthens the broken skin barrier and regenerates the sensitized, damaged skin so that your skin will feel comfortable and healthy from the inside to the surface. Medical grade centella AsiaticaHighly-effective, premium ingredients recover the balance between oil and moisture of your skin and improve skin elasticity. Matte balm textureNo more dry, patchy skin! Matte balm type texture comforts both oily and dry skin without and greasy residue. Real balance cream for acne skin after calming acne. Size: 2.82 oz / 80g","RX. CeramideCeramide NP strengthens the broken skin barrier and regenerates the sensitized, damaged skin so that your skin will feel comfortable and healthy from the inside to the surface. Medical grade centella AsiaticaHighly-effective, premium ingredients recover the balance between oil and moisture of your skin and improve skin elasticity. Matte balm textureNo more dry, patchy skin! Matte balm type texture comforts both oily and dry skin without and greasy residue. Real balance cream for acne skin after calming acne. Size: 2.82 oz / 80g","Centella Asiatica Leaf Water, Butylene Glycol, Glycerin, Helianthus Annuus (Sunflower) Seed Oil, Caprylic/Capric Triglyceride, Cetearyl Alcohol , Betaine, 1,2-Hexanediol, Cetearyl Olivate, Elaeis Guineensis (Palm) oil,Ceramide NP,Sorbitan Olivate,Hydrogenated Lecithin,Triethylhexanoin, Beeswax,Elaeis Guineensis (Palm) Kernel Oil,Hydroxyethyl Acrylate/Sodium Acryloyldimethyl Taurate Copolymer, Ethylhexylglycerin, Cyclohexasiloxane, Cassia Obtusifolia Seed Extract,Sucrose Distearate,Dipropylene Glycol, Panthenol, Niacinamide, Dimethicone/Vinyl Dimethicone Crosspolymer, Glyceryl Stearate,Xanthan Gum,Sodium Hyaluronate, ,Limonene, Citrus Aurantium Bergamia (Bergamot) Fruit Oil, Asiaticoside, Asiatic Acid, Madecassic Acid, Linalool",,"[""sensitive"", ""dry""]","[""acne"", ""redness"", ""sensitivity""]","[""hydrate"", ""anti_acne"", ""anti_aging"", ""repair"", ""soothe""]",cream,Apply a proper amount evenly onto face avoiding the eye area.,,https://www.cosrx.com/cdn/shop/files/balancium-comfort-ceramide-cream-cosrx-official-1_800x.jpg?v=1724836862,https://www.cosrx.com/products/balancium-comfort-ceramide-cream,,84,true,true,[],[],[],"[""key_ingredients"", ""warnings"", ""volume""]","{""care_goals"": [], ""category"": [], ""skin_concerns"": [], ""skin_types"": []}",USD,,0.3.0,2026-09-15T06:35:10.331660+00:00,
113020485,BHA Blackhead Power Liquid,COSRX,serum,25.0,USD,100ml,Size :100ml / 3.38 fl. oz Blackheads OUT! Pores CLEAR! BHA & Niacinamide exfoliating liquid for gentle exfoliation and oil control. Suggested for mid-level acid users.,BHA & Niacinamide exfoliating liquid for gentle exfoliation and oil control.,"Salix Alba (Willow) Bark Water, Butylene Glycol, Betaine Salicylate, Niacinamide, 1,2-Hexanediol, Arginine, Panthenol, Sodium Hyaluronate, Xanthan Gum, Ethyl Hexanediol",• Salix Alba (Willow) Bark Water +Betaine Salicylate : Clears clogged pores & improves skin tone and texture • Niacinamide : Reduces marks from spots & boosts radiance,"[""sensitive"", ""oily""]","[""acne"", ""large_pores""]","[""cleanse"", ""oil_control"", ""exfoliate""]",liquid,"After cleansing, use in the skin, toner, or essence step. If used as toner, make sure the liquid is fully absorbed before applying next step skincare products. Recommend to use 2-3 times in a week, and gradually build up the usage according to the skin condition. * If used during the day, please be sure to apply sunscreen. After cleansing, use in the skin, toner, or essence step. If used as toner, make sure the liquid is fully absorbed before applying next step skincare products. Recommend to use 2-3 times in a week, and gradually build up the usage according to the skin condition. * If used during the day, please be sure to apply sunscreen.",,https://www.cosrx.com/cdn/shop/files/bha-blackhead-power-liquid-cosrx-official-1_800x.jpg?v=1689840681,https://www.cosrx.com/products/bha-blackhead-power-liquid,,96,true,true,[],[],[],"[""warnings""]","{""care_goals"": [], ""category"": [], ""skin_concerns"": [], ""skin_types"": []}",USD,,0.3.0,2026-09-15T06:35:12.384846+00:00,
113020106,Centella Water Alcohol-Free Toner,COSRX,toner,17.0,USD,150ml,"Size : 150ml / 5.07 fl. oz Soothing & Hydrating! What sensitive skin owner needs Watery, spray type toner provides relief to irritated and sensitive skin and calms redness. We kept the ingredient list short and simple and exclude all the unnecessary ingredients that might irritate the skin.","What sensitive skin owner needs Watery, spray type toner provides relief to irritated and sensitive skin and calms redness.","Water, Centella Asiatica Leaf Water, Butylene Glycol , 1,2-Hexanediol, Betaine, Panthenol, Allantoin, Ethyl Hexanediol, Sodium Hyaluronate","• 84.69% Jeju mineral water : Create glowy, smooth look by hydrating and nourishing the skin • 10% Centella Asiatica leaf water : Help soothe irritated skin and calm inflammed red skin","[""sensitive"", ""combination""]","[""redness"", ""sensitivity""]","[""cleanse"", ""hydrate"", ""soothe""]",,"After cleansing, spray the toner onto a cotton pad and gently wipe onto face, avoiding the eye and mouth area. Use as a mist to freshen up throughout the day.",,https://www.cosrx.com/cdn/shop/files/centella-water-alcohol-free-toner-cosrx-official-1_800x.jpg?v=1724835527,https://www.cosrx.com/products/centella-water-alcohol-free-toner,,94,true,true,[],[],[],"[""warnings"", ""texture""]","{""care_goals"": [], ""category"": [], ""skin_concerns"": [], ""skin_types"": []}",USD,,0.3.0,2026-09-15T06:35:17.275508+00:00,
113020154,Balancium Comfort Ceramide Soft Cream Sheet Mask,COSRX,serum,6.99,USD,,Milky and soft! Enhancing skin barrier with “Cream” sheet mask! Soft cream sheet mask that melts a highly concentrated ceramide essence into a cream form to help moisturize fragile skin and strengthen skin barrier. Size: 1ea,Enhancing skin barrier with “Cream” sheet mask! Soft cream sheet mask that melts a highly concentrated ceramide essence into a cream form to help moisturize fragile skin and strengthen skin barrier.,"Water, Propanediol, Caprylic/Capric Triglyceride, Glycerin, Polyglyceryl-3 Methylglucose Distearate, 1,2-Hexanediol, Panthenol, Ceramide NP, Hydrogenated Lecithin, Hexylene Glycol, Hydroxyacetophenone, Allantoin, Glyceryl Stearate, Dipropylene Glycol, Hydrolyzed Jojoba Esters, Hydroxyethylcellulose, Carbomer, Sorbitan Stearate, Arginine, Sorbitan Sesquioleate, Dipotassium Glycyrrhizate, Disodium EDTA, Sodium Hyaluronate, Sucrose Cocoate, Olea Europaea (Olive) Fruit Oil, Citrus Aurantium Bergamia (Bergamot) Fruit Oil, Canarium Luzonicum Gum Nonvolatiles, Cupressus Sempervirens Oil","• Ceramide NP 2,800 ppm : Replenish moisture and restore the damaged skin barrier","[""sensitive"", ""dry""]",[],"[""hydrate"", ""repair"", ""soothe""]",cream,"Apply this mask evenly on your face. After 15 to 20 minutes, remove the mask and gently pat to absorb the remaining essence. *For external use only. Do not get into eyes.",,https://www.cosrx.com/cdn/shop/files/balancium-comfort-ceramide-soft-cream-sheet-mask-cosrx-official-1_800x.jpg?v=1724835930,https://www.cosrx.com/products/comfort-ceramide-soft-cream-sheet-mask,,84,true,true,[],[],[],"[""skin_concerns"", ""warnings"", ""volume""]","{""care_goals"": [], ""category"": [], ""skin_concerns"": [], ""skin_types"": []}",USD,,0.3.0,2026-09-15T06:35:21.832349+00:00,
113021204,COSRX 5 PDRN B5 Vital Soothing Toner,COSRX,toner,23.0,USD,280ml,"#Revitalizing Toner for Glow, Firmness & Soothing with 5 PDRN & Vitamin B5 A daily PDRN toner with 5 PDRN and Panthenol(B5) to soothe irritated skin and enhance overall skin health. Size: 280 mL / 9.46 fl oz, 80 mL / 2.71 fl oz","Revitalizing Toner for Glow, Firmness & Soothing with 5 PDRN & Vitamin B5 A daily PDRN toner with 5 PDRN and Panthenol(B5) to soothe irritated skin and enhance overall skin health.","Aqua/Water, Butylene Glycol, Glycerin, Niacinamide, Pentylene Glycol, 2,3-Butanediol, 1,2-Hexanediol, Betaine, Diethoxyethyl Succinate, Sodium DNA, Carbomer, Arginine, Panthenol, Ethylhexylglycerin, Adenosine, Hydrolyzed Corn Starch, Disodium EDTA, Allantoin, Sucrose, Lactobacillus Ferment, Pantothenic Acid, Alpha-Arbutin, Hydrolyzed Collagen, Centella Asiatica Extract, Propanediol, Tocopherol, Sodium Phytate, Sodium Hyaluronate, Hydrolyzed DNA, Caprylyl Glycol, Hydroxypropyltrimonium Hyaluronate, Acetyl Hexapeptide-8, Hydrolyzed Hyaluronic Acid, Sodium Acetylated Hyaluronate, Hyaluronic Acid, Hydrolyzed Sodium Hyaluronate, Sodium Hyaluronate Crosspolymer, Potassium Hyaluronate","• 5 PDRN : Boost skin repair, reduce aging signs, and brighten skin. • Vitamin B5 (Panthenic Acid, Panthenol) : Delivers active nourishment and soothes sensitive skin for a stronger barrier. • Acetyl Hexapeptide-8, Adenosine, Low Molecular Weight Collagen (200 Da) : Work synergistically to improve sagging skin, reduce wrinkles, enhance firmness, and restore vitality. • 8 Types of Hyaluronic Acid (Low, Medium & High Molecular Weight) : Provide deep, multi-layered hydration to replenish moisture and maintain skin’s plumpness.","[""sensitive"", ""dry""]",[],"[""brighten"", ""soothe""]",,Apply an appropriate amount to the face as the first step of skincare and gently massage until absorbed.,,https://www.cosrx.com/cdn/shop/files/5PDRN_Toner_00_800x.webp?v=1761526535,https://www.cosrx.com/products/cosrx-5-pdrn-b5-vital-soothing-toner,,84,true,true,[],[],[],"[""skin_concerns"", ""warnings"", ""texture""]","{""care_goals"": [], ""category"": [], ""skin_concerns"": [], ""skin_types"": []}",USD,,0.3.0,2026-09-15T06:35:25.201125+00:00,
113021205,COSRX 5 PDRN Collagen Intense Vitalizing Serum,COSRX,serum,25.0,USD,100ml,"#Daily Boost Serum for Vitality, Glow, Firmness, and Vitalizing with 5 PDRN & Collagen A daily PDRN serum with 5 PDRN and Low-Molecular-Weight Collagen to help manage skin elasticity and enhance overall skin health. Size: 100 mL / 3.38 fl oz, 50 mL / 1.69 fl oz","Daily Boost Serum for Vitality, Glow, Firmness, and Vitalizing with 5 PDRN & Collagen A daily PDRN serum with 5 PDRN and Low-Molecular-Weight Collagen to help manage skin elasticity and enhance overall skin health.","Aqua/Water, Dipropylene Glycol, Butylene Glycol, Pentylene Glycol, Glycerin, Niacinamide, 1,2-Hexanediol, Betaine, Panthenol, Sodium DNA, Ammonium Acryloyldimethyltaurate/VP Copolymer, Polyacrylate Crosspolymer-6, Xanthan Gum, Ethylhexylglycerin, Adenosine, Hydrolyzed Corn Starch, Disodium EDTA, Hydrolyzed Collagen, Sucrose, t-Butyl Alcohol, Lactobacillus Ferment, Allantoin, Alpha-Arbutin, Centella Asiatica Extract, Propanediol, Tocopherol, Sodium Phytate, Sodium Hyaluronate, Hydrolyzed DNA, Caprylyl Glycol, Hydroxypropyltrimonium Hyaluronate, Acetyl Hexapeptide-8, Hydrolyzed Hyaluronic Acid, Sodium Acetylated Hyaluronate, Hyaluronic Acid, Hydrolyzed Sodium Hyaluronate, Sodium Hyaluronate Crosspolymer, Potassium Hyaluronate","• 5 PDRN : Boost skin repair, reduce aging signs, and brighten skin. • Low Molecular Weight Collagen (200 Da) : Boosts vitality, brightens skin, improves blemishes, and strengthens the skin barrier. • Niacinamide & Alpha-Arbutin : Improve pigmentation, even skin tone, and enhance radiance. • 8 Types of Hyaluronic Acid (Low, Medium & High Molecular Weight) : Provide deep, multi-layered hydration to replenish moisture and maintain skin’s plumpness. • Panthenol & Allantoin : Soothe and calm sensitive skin with weakened natural defenses, helping to reduce irritation.","[""sensitive""]",[],"[""brighten"", ""anti_aging""]",serum,Apply an appropriate amount to the face during the serum step of skincare and gently massage until absorbed.,,https://www.cosrx.com/cdn/shop/files/5PDRN_Serum_00_41bfc9ae-bbf5-40a2-a27c-35b27a2f0780_800x.webp?v=1761526605,https://www.cosrx.com/products/cosrx-5-pdrn-collagen-intense-vitalizing-serum,,86,true,true,[],[],[],"[""skin_concerns"", ""warnings""]","{""care_goals"": [], ""category"": [], ""skin_concerns"": [], ""skin_types"": []}",USD,,0.3.0,2026-09-15T06:35:27.307197+00:00,
113021198,COSRX 5 PDRN Hyaluronic Acid Vital Hydrating Hydrogel Mask,COSRX,mask,15.0,USD,,"#Home Care for Vitality, Glow, and Firmness with PDRN & Hyaluronic Acid This hydrogel mask, formulated with 5 PDRN and 8 types of Hyaluronic Acid, turns transparent as it delivers active ingredients onto the skin. It helps revitalize tired, dull skin and restore a healthy, hydrated complexion — just like after special care. Quantity : 1sheet / 3sheets","Home Care for Vitality, Glow, and Firmness with PDRN & Hyaluronic Acid This hydrogel mask, formulated with 5 PDRN and 8 types of Hyaluronic Acid, turns transparent as it delivers active It helps revitalize tired, dull skin and restore a healthy, hydrated complexion — just like after special care.","Aqua/Water, Glycerin, Acrylates Copolymer, Niacinamide, 1,2-Hexanediol, Ceratonia Siliqua (Carob) Gum, Chondrus Crispus, Agar, Sclerotium Gum, Potassium Chloride, Sucrose, Butylene Glycol, Sodium Hyaluronate, Cellulose Gum, Polyglyceryl-10 Laurate, Panthenol, Allantoin, Xanthan Gum, Ethylhexylglycerin, Adenosine, Coptis Japonica Root Extract, Sodium Phytate, Sodium DNA, Alpha-Arbutin, Cyanocobalamin, Lactobacillus Ferment, Hydrolyzed Collagen, Centella Asiatica Extract, Caprylyl Glycol, Hydroxypropyltrimonium Hyaluronate, Hydrolyzed Hyaluronic Acid, Hydrolyzed Sodium Hyaluronate, Hyaluronic Acid, Potassium Hyaluronate, Sodium Hyaluronate Crosspolymer, Tocopherol, Acetyl Hexapeptide-8, Propanediol, Pentylene Glycol, Sodium Acetylated Hyaluronate, Hydrolyzed DNA","• 5 PDRN : Boost skin recovery, improve signs of aging, enhance radiance, and reduce dark spots. • 8 Types of Hyaluronic Acid (Low, Medium & High Molecular Weight) : Provide deep, multi-layered hydration to replenish moisture and maintain skin’s plumpness. • Niacinamide & Alpha-Arbutin : Improve pigmentation, even skin tone, and enhance radiance. • Acetyl Hexapeptide-8, Adenosine, Low Molecular Weight Collagen (200 Da) : Work synergistically to improve sagging skin, reduce wrinkles, enhance firmness, and restore vitality. • Panthenol & Allantoin : Soothe and calm sensitive skin with weakened natural defenses, helping to reduce discomfort.","[""sensitive""]","[""dullness""]","[""cleanse"", ""hydrate"", ""brighten""]",,"1. After cleansing, apply toner or serum. 2. Open the pouch, remove the films, and put on the mask. 3. After about 2-3 hours or when the mask turns transparent, remove it and gently massage the remaining essence onto your face. *TIP* Better results can be expected if you use it as an OVERNIGHT TREATMENT. *","* For external use only. Do not get into eyes. If contact occurs, rinse eye thoroughly with water. After opening, please use it immediately as it may dry out.",https://www.cosrx.com/cdn/shop/files/5PDRN_Hydrogel_Mask_00_800x.webp?v=1761526641,https://www.cosrx.com/products/cosrx-5-pdrn-hyaluronic-acid-vital-hydrating-hydrogel-mask,,96,true,true,[],[],[],"[""texture"", ""volume""]","{""care_goals"": [], ""category"": [], ""skin_concerns"": [], ""skin_types"": []}",USD,,0.3.0,2026-09-15T06:35:30.745970+00:00,
113020521,Advanced Snail Mucin Glass Glow Hydrogel Mask,COSRX,mask,15.0,USD,,"#Glow now with Snail Mucin Achieve glass-like skin in just one use with the premium Snail & Collagen Hydrogel Mask!Formulated with 25% Snail Secretion, this mask turns transparent as it deeply moisturizes, enhances radiance, soothes sensitive skin, and softens texture—delivering instant benefits you can see and feel. Quantity : 1sheet / 3sheets","Glow now with Snail Mucin Achieve glass-like skin in just one use with the premium Snail & Collagen Hydrogel Mask!Formulated with 25% Snail Secretion, this mask turns transparent as it deeply moisturizes, enhances radiance, soothes sensitive skin, and softens texture—delivering instant","Aqua/Water, Snail Secretion Filtrate, Glycerin, Acrylates Copolymer, Niacinamide, 1,2-Hexanediol, Ceratonia Siliqua (Carob) Gum, Chondrus Crispus, Butylene Glycol, Betaine, Potassium Chloride, Agar, Erythritol, Sclerotium Gum, Sucrose, Cellulose Gum, Allantoin, Polyglyceryl-10 Laurate, Panthenol, Ethylhexylglycerin, Adenosine, Sodium Phytate, Hydrogenated Lecithin, Cetearyl Alcohol, Stearic Acid, Pentylene Glycol, Hydrolyzed Collagen, Gluconolactone, Ceramide NP, Sodium Hyaluronate, Tocopherol, Sodium Hyaluronate Crosspolymer, Hydrolyzed Hyaluronic Acid, Ceramide NS, Cholesterol, Phytosphingosine, Hyaluronic Acid, Ceramide AP, Ceramide AS, Hydrolyzed Sodium Hyaluronate, Ceramide EOP","• 25% Snail Secretion Filtrate (Mucin) : Improves glow, hydrates the skin, soothes irritation, Improve elasticity • Low Molecular Weight 200Da Collagen / Adenosine : Improves elasticity • Niacinamide / Gluconolactone : Improves glow • 5 types of Hyaluronic Acids & Ceramides / Panthenol : Hydrates the skin • Betaine / Allantoin : Soothes the skin","[""sensitive""]","[""sensitivity""]","[""cleanse"", ""hydrate"", ""brighten"", ""soothe""]",,"1. After cleansing, apply toner or serum. 2. Open the pouch, remove the films, and put on the mask. 3. After 2-3 hours or when the mask turn transparent, remove it and gently massage the remaining essence onto your face. *TIP* Better results can be expected if you use it as an OVERNIGHT TREATMENT . 1. After cleansing, apply toner or serum. 2. Open the pouch, remove the films, and put on the mask. 3. After 2-3 hours or when the mask turn transparent, remove it and gently massage the remaining essence onto your face. *TIP* Better results can be expected if you use it as an OVERNIGHT TREATMENT .",,https://www.cosrx.com/cdn/shop/files/Snail_Hydrogel_Mask_BAZAAR_800x.jpg?v=1759391631,https://www.cosrx.com/products/cosrx-advanced-snail-mucin-glass-glow-hydrogel-mask_3ea,,92,true,true,[],[],[],"[""warnings"", ""texture"", ""volume""]","{""care_goals"": [], ""category"": [], ""skin_concerns"": [], ""skin_types"": []}",USD,,0.3.0,2026-09-15T06:35:34.441113+00:00,
113020450,Advanced Snail Mucin Power Sheet Mask 10 Sheets,COSRX,mask,25.0,USD,,"Nourished & plump skin on one sheet! Sheet mask dipped in 35,000 ppm of snail mucin delivers nourishment and hydration skin deep! The natural-derived cellulose sheet creates perfect face-hugging fit and allows rich formula to be effectively absorbed into skin. Quantity: 10 Sheets","Nourished & plump skin on one sheet! Sheet mask dipped in 35,000 ppm of snail mucin delivers nourishment and hydration skin deep! The natural-derived cellulose sheet creates perfect face-hugging fit and allows rich formula to be effectively absorbed into skin.","Water, Butylene Glycol, Glycerin, Snail Secretion Filtrate, 1,2-Hexanediol, Panthenol, Hydroxyacetophenone, Hexylene Glycol, Xanthan Gum, Dipropylene Glycol, Sodium Polyacrylate, Allantoin, Hydroxyethylcellulose, Sodium Hyaluronate, Disodium EDTA, Dipotassium Glycyrrhizate, Melaleuca Alternifolia (Tea Tree) Leaf Oil, Polyglyceryl-10 Laurate, Polyglyceryl-10 Myristate","• Snail secretion filtrate 35,000 ppm : Nourish and plump leaving the skin healthy",[],[],"[""hydrate""]",sheet mask,"Apply the sheet mask evenly on your face. After 10 to 20 minutes, remove the mask and pat the remaining essence gently.",,https://www.cosrx.com/cdn/shop/files/advanced-snail-mucin-power-sheet-mask-10-sheets-cosrx-official-1_800x.jpg?v=1724835952,https://www.cosrx.com/products/cosrx-advanced-snail-mucin-power-sheet-mask-10-sheets,,74,true,true,[],[],[],"[""skin_types"", ""skin_concerns"", ""warnings"", ""volume""]","{""care_goals"": [], ""category"": [], ""skin_concerns"": [], ""skin_types"": []}",USD,,0.3.0,2026-09-15T06:35:36.940255+00:00,
113021058,COSRX AIRY-LIGHT OIL CONTROL CLEAR SUNSCREEN STICK SPF 50,COSRX,sunscreen,23.0,USD,,"#Broad-Spectrum SPF 50 Protection With A Clear, Airy-Light Texture An airy, transparent formula glides on smoothly without a white cast, providing powerful UV protection with waterproof resistance to water and sweat—all in a portable sunscreen stick.","Broad-Spectrum SPF 50 Protection With A Clear, Airy-Light Texture An airy, transparent formula glides on smoothly without a white cast, providing powerful UV protection with waterproof resistance to water and sweat—all in a portable sunscreen stick.","Diethylhexyl Carbonate, Homosalate, Methyl Methacrylate Crosspolymer, Synthetic Wax, Octocrylene, Dimethicone, Dimethicone/Vinyl Dimethicone Crosspolymer, Ethylhexyl Salicylate, Butyloctyl Salicylate, Isopropyl Palmitate, Butyl Methoxydibenzoylmethane, Diisostearyl Malate, Dimethiconol, Trisiloxane, Diphenylsiloxy Phenyl Trimethicone, Ethylhexyl Isononanoate, Synthetic Fluorphlogopite, Polyethylene, Polymethylsilsesquioxane, Bis-Behenyl/Isostearyl/Phytosteryl Dimer Dilinoleyl Dimer Dilinoleate, Ethylene/Propylene Copolymer, Camellia Japonica Seed Oil, Silica Dimethyl Silylate, Dimethicone Crosspolymer, Candelilla Wax Esters, Copernicia Cerifera (Carnauba) Wax, 3-O-Ethyl Ascorbic Acid, Panthenol, Sodium Hyaluronate, Tocopheryl Acetate",• Vitamin E(Tocopheryl Acetate) & Vitamin C(3-O-Ethyl Ascorbic) : Protects the skin from damage caused by oxidative stress • Panthenol(B5) : Soothes irritation and protects against damage • Sodium Hyaluronate : Provides hydration and alleviates dryness,"[""sensitive"", ""oily""]",[],"[""oil_control"", ""sun_protection""]",stick,"Turn the dial at the bottom of the container and apply evenly to areas of skin that are frequently exposed to UV rays. *TIP* The stick format makes it easy to carry and reapply anytime, anywhere for convenient sun protection. *","* Do not stay too long in the sun, even while using a sunscreen product. Keep babies and young children out of direct sunlight. Over-exposure to the sun is a serious health threat. Turn the dial at the bottom of the container and apply evenly to areas of skin that are frequently exposed to UV rays. *TIP* The stick format makes it easy to carry and reapply anytime, anywhere for convenient sun protection. *Cautions* Do not stay too long in the sun, even while using a sunscreen product. Keep babies and young children out of direct sunlight. Over-exposure to the sun is a serious health threat.",https://www.cosrx.com/cdn/shop/files/Airy-Light_Clear_SunStick_00_ffd57aae-2ac6-4ab6-870a-ccd935fc20c3_800x.jpg?v=1778562098,https://www.cosrx.com/products/cosrx-airy-light-clear-sunscreen-stick,,88,true,true,[],[],[],"[""skin_concerns"", ""volume""]","{""care_goals"": [], ""category"": [], ""skin_concerns"": [], ""skin_types"": []}",USD,,0.3.0,2026-09-15T06:35:38.891856+00:00,
113021178,COSRX PDRN EXOSOME Skinplaning Glaze Mask,COSRX,mask,17.0,USD,50ml,"#Opalescent Cream-To-Film #PDRN+Exosome #GlazeSkinMask #SmoothPeelOff A one layer peel-off mask that instantly transforms dull, uneven skin into a plump, glazed glow. Powered by PDRN + EXOSOME, it boosts firmness, hydration, and refines skin texture in just one use. Comes with a hygienic silicone brush for smooth, mess-free application. Size: 50 mL / 1.69 fl oz","Opalescent Cream-To-Film #PDRN+Exosome #GlazeSkinMask #SmoothPeelOff A one layer peel-off mask that instantly transforms dull, uneven skin into a plump, glazed glow. Powered by PDRN + EXOSOME, it boosts firmness, hydration, and refines skin texture in just one use. Comes with a hygienic silicone brush for smooth, mess-free application.","Aqua/Water, Polyvinyl Alcohol, Octyldodecanol, Methylpropanediol, Butylene Glycol, Niacinamide, Caprylic/Capric Triglyceride, 1,2-Hexanediol, Algin, Polysorbate 80, Pentaerythrityl Tetraethylhexanoate, Pullulan, Simmondsia Chinensis (Jojoba) Seed Oil, Polyglyceryl-10 Oleate, Glyceryl Stearate, PEG-100 Stearate, Titanium Dioxide, Disteardimonium Hectorite, Synthetic Fluorphlogopite, Mica, Microcrystalline Cellulose, Ethylhexylglycerin, Sphingomonas Ferment Extract, Adenosine, Cellulose Gum, Sodium Phytate, Sodium DNA, Tin Oxide, Glutathione, Acetyl Glucosamine, Allantoin, Panthenol, Hydrolyzed Collagen, Gluconolactone, Mannitol, Centella Asiatica Leaf Extract, Glycerin, Lactobacillus Extracellular Vesicles, Hydrated Silica, Citric Acid, Sodium Hyaluronate, Caprylyl Glycol, Acetyl Hexapeptide-8","• PDRN (Polydeoxyribonucleotide) : A DNA-derived ingredient originally from salmon, known for its skin-friendly structure. Helps send “repair signals” to boost elasticity and restore natural radiance. • Exosome (Lactobacillus & Centella-derived) : Tiny vesicles packed with proteins and growth factors that mimic the benefits of probiotics and Centella. Deliver powerful skin-boosting nutrients deep into the skin for firm, glowing results. *PDRN + EXOSOME Synergy* Work through different mechanisms to restore skin’s natural glow more effectively—plumping, strengthening, and revitalizing from within.","[""dry"", ""combination""]",[],"[""hydrate"", ""brighten""]",cream,"1. As the final step of your skincare routine, apply an even layer to clean, dry skin, avoiding the eyes and lips. Use the included brush for smooth, mess-free application. 2. Let it dry completely until a clear film forms . 3. Gently peel off from the edges and pat in any remaining essence. *Drying Time* • Thin layer : ~20 mins • Thick layer : ~40 mins (Varies by skin type & environment) *Tip* For an intensive glow, we recommend using overnight. *","* If you experience redness, swelling, or itching during or after use due to direct sunlight exposure, stop use and consult a dermatologist. Do not apply to broken or damaged skin. Storage and Handling: a) Keep out of reach of children. b) Store away from direct sunlight. 1. As the final step of your skincare routine, apply an even layer to clean, dry skin, avoiding the eyes and lips. Use the included brush for smooth, mess-free application. 2. Let it dry completely until a clear film forms . 3. Gently peel off from the edges and pat in any remaining essence. *Drying Time* • Thin layer : ~20 mins • Thick layer : ~40 mins (Varies by skin type & environment) *Tip* For an intensive glow, we recommend using overnight. *Cautions* If you experience redness, swelling, or itching during or after use due to direct sunlight exposure, stop use and consult a dermatologist. Do not apply to broken or damaged skin. Storage and Handling: a) Keep out of reach of children. b) Store away from direct sunlight.",https://www.cosrx.com/cdn/shop/files/12_2c3d39b6-d732-43ac-aaeb-7ba00d005802_800x.jpg?v=1789115233,https://www.cosrx.com/products/cosrx-pdrn-exosome-skinplaning-glaze-mask,,90,true,true,[],[],[],"[""skin_concerns""]","{""care_goals"": [], ""category"": [], ""skin_concerns"": [], ""skin_types"": []}",USD,,0.3.0,2026-09-15T06:35:41.787859+00:00,
113021302,COSRX RED RICE INOSITOL Exfoliating Care Pore Wash-Off Peel Serum,COSRX,serum,22.0,USD,80ml,"#Wash-Off Exfoliator #HydratingPeelOff One solution for every concern making your skin look dull and uneven — powered by Red Rice. A peeling serum that gently exfoliates dead skin cells and impurities, which may cause blackheads and whiteheads, for visibly smoother and clearer skin. Size: 80mL / 2.71 fl. oz.","A peeling serum that gently exfoliates dead skin cells and impurities, which may cause blackheads and whiteheads, for visibly smoother and clearer skin.","AQUA/WATER, DIPROPYLENE GLYCOL, TRIPROPYLENE GLYCOL, CELLULOSE, PROPANEDIOL, GLYCERIN, CARBOMER, STEARTRIMONIUM METHOSULFATE, ORYZA SATIVA (RICE) SEED WATER, ISOPROPYL ALCOHOL, SACCHARIDE ISOMERATE, HYDROXYACETOPHENONE, GLYCERETH-25 PCA ISOSTEARATE, 1,2-HEXANEDIOL, CAPRYLYL GLYCOL, CETYL ETHYLHEXANOATE, ETHYLHEXYL PALMITATE, SQUALANE, INOSITOL, BUTYLENE GLYCOL, HYDROGENATED LECITHIN, HYDROLYZED JOJOBA ESTERS, ETHYLHEXYLGLYCERIN, CAPRYLIC/CAPRIC TRIGLYCERIDE, SODIUM HYALURONATE, SODIUM PHYTATE, CYANOCOBALAMIN, COPTIS JAPONICA ROOT EXTRACT, CITRIC ACID, SODIUM CITRATE, HYDROXYPROPYLTRIMONIUM HYALURONATE, DIPOTASSIUM GLYCYRRHIZATE, ORYZA SATIVA (RICE) EXTRACT, HYDROLYZED HYALURONIC ACID, SODIUM ACETYLATED HYALURONATE, PANTHENOL, GLUCONOLACTONE, NIACINAMIDE, HYALURONIC ACID, GLYCOLIC ACID, PHYTIC ACID, HYDROLYZED SODIUM HYALURONATE, SODIUM HYALURONATE CROSSPOLYMER, TOCOPHEROL, SALICYLIC ACID, CERAMIDE NP, BETAINE, TROMETHAMINE","• Red Rice Extract : Fermented red rice with 2x more active ingredients than conventional rice, gently caring for dead skin cells and excess sebum for a visibly cleaner, more refined complexion. • Inositol : A rice-derived active that deeply replenishes moisture, leaving skin plump and supple. • Phytic Acid : A natural acid-type active sourced from rice that refines skin texture and helps restore moisture-oil balance after peeling. *3 key ingredients, one goal — visibly minimize the appearance of pores and control excess sebum.","[""sensitive"", ""dry""]","[""acne"", ""large_pores""]","[""cleanse"", ""hydrate"", ""exfoliate""]",serum,"After cleansing, apply an adequate amount to dry skin and gently roll across the entire face, avoiding the eye area. Rinse thoroughly. *Tip* Designed as a mild peeling serum gentle enough for everyday use — even for first-time exfoliation. Incorporate into your daily routine whenever your skin needs a little extra texture care. *","* 1. If irritation, redness, swelling, or itching occurs during or after use, discontinue and consult a dermatologist. 2. Avoid applying to broken or damaged skin. 3. Keep out of reach of children. Store away from direct sunlight. After cleansing, apply an adequate amount to dry skin and gently roll across the entire face, avoiding the eye area. Rinse thoroughly. *Tip* Designed as a mild peeling serum gentle enough for everyday use — even for first-time exfoliation. Incorporate into your daily routine whenever your skin needs a little extra texture care. *Cautions* 1. If irritation, redness, swelling, or itching occurs during or after use, discontinue and consult a dermatologist. 2. Avoid applying to broken or damaged skin. 3. Keep out of reach of children. Store away from direct sunlight.",https://www.cosrx.com/cdn/shop/files/Thumb_RedRice_Inositol_Serum_800x1067_1cb5f547-d3ec-4d5b-bbd8-4d4c7700dd16_800x.webp?v=1775037226,https://www.cosrx.com/products/cosrx-red-rice-inositol-exfoliating-care-pore-peel-serum,,100,true,true,[],[],[],[],"{""care_goals"": [], ""category"": [], ""skin_concerns"": [], ""skin_types"": []}",USD,,0.3.0,2026-09-15T06:36:03.270095+00:00,
113021301,COSRX RED RICE INOSITOL Pore Clarifying Deep Cleanser,COSRX,cleanser,20.0,USD,150ml,"#FaceMaskToFoam #DeepCleansing #RedRice A Low pH cleanser with a stretchy, bouncy texture that adheres closely to the skin to lift away impurities and excess sebum, leaving the skin smooth and clarified. Size: 150mL / 5.07 fl. oz.","FaceMaskToFoam #DeepCleansing #RedRice A Low pH cleanser with a stretchy, bouncy texture that adheres closely to the skin to lift away impurities and excess sebum, leaving the skin smooth and clarified.","AQUA/WATER, GLYCERIN, SODIUM COCOYL GLYCINATE, CELLULOSE, SODIUM LAUROYL GLUTAMATE, HYDRATED SILICA, KAOLIN, DISODIUM COCOAMPHODIACETATE, 1,2-HEXANEDIOL, ORYZA SATIVA (RICE) SEED WATER, BETAINE, SODIUM CHLORIDE, SODIUM SWEETALMONDAMPHOACETATE, LAURYL BETAINE, SODIUM METHYL COCOYL TAURATE, GLYCOL DISTEARATE, SODIUM POLYACRYLATE, GLYCOL STEARATE, ETHYLHEXYLGLYCERIN, HYDROXYACETOPHENONE, ACRYLATES/C10-30 ALKYL ACRYLATE CROSSPOLYMER, CITRIC ACID, INOSITOL, POLYGLYCERIN-3, PHYTOSTERYL/OCTYLDODECYL LAUROYL GLUTAMATE, GARDENIA FLORIDA FRUIT EXTRACT, DEXTRIN, CYANOCOBALAMIN, HEXYLENE GLYCOL, BUTYLENE GLYCOL, PANTHENOL, ORYZA SATIVA (RICE) SEED EXTRACT, NIACINAMIDE, GLUCONOLACTONE, PHYTIC ACID, BETA-GLUCAN, SODIUM HYALURONATE, TOCOPHEROL, CERAMIDE NP, HYDROLYZED HYALURONIC ACID, SODIUM ACETYLATED HYALURONATE","• Red Rice Extract : A special red rice crafted by fermenting conventional rice with Monascus, delivering superior efficacy compared to regular rice. • Inositol : A rice-derived active that deeply replenishes moisture, leaving skin plump and supple. • Phytic Acid : A natural acid-type active sourced from rice that refines skin texture.","[""sensitive"", ""dry""]","[""large_pores"", ""oiliness""]","[""cleanse""]",,"1. As a daily cleanser, dispense an adequate amount onto your hands, lather with water, and gently massage over the entire face before rinsing. 2. As a wash-off mask, apply a generous layer onto dry skin, avoiding the eye and mouth areas. After 1–2 minutes, gently roll off and rinse with lukewarm water. *","* 1. If irritation, redness, swelling, or itching occurs during or after use, discontinue and consult a dermatologist. 2. Avoid applying to broken or damaged skin. 3. Keep out of reach of children. Store away from direct sunlight. 4. If bubbles get into your eyes, rinse thoroughly with water. If irritation or discomfort persists, consult a dermatologist. 1. As a daily cleanser, dispense an adequate amount onto your hands, lather with water, and gently massage over the entire face before rinsing. 2. As a wash-off mask, apply a generous layer onto dry skin, avoiding the eye and mouth areas. After 1–2 minutes, gently roll off and rinse with lukewarm water. *Cautions* 1. If irritation, redness, swelling, or itching occurs during or after use, discontinue and consult a dermatologist. 2. Avoid applying to broken or damaged skin. 3. Keep out of reach of children. Store away from direct sunlight. 4. If bubbles get into your eyes, rinse thoroughly with water. If irritation or discomfort persists, consult a dermatologist.",https://www.cosrx.com/cdn/shop/files/Thumb_RedRice_Inositol_DeepCleanser_800x1067_1_800x.webp?v=1775037121,https://www.cosrx.com/products/cosrx-red-rice-inositol-pore-clarifying-deep-cleanser,,98,true,true,[],[],[],"[""texture""]","{""care_goals"": [], ""category"": [], ""skin_concerns"": [], ""skin_types"": []}",USD,,0.3.0,2026-09-15T06:36:09.170630+00:00,
113020073,COSRX Skin Barrier Moisturizing Body Cream,COSRX,body_care,25.0,USD,450ml,"#Cloud-soft texture, perfect for body & face Clinically proven to deliver 100-hour hydration and strengthen the skin barrier. Formulated with 5 types of ceramides, this rich cream melts into a lightweight, non-greasy finish. For dry or sensitive skin from head to toe. Size: 450 ml / 15.2 fl. oz.","Cloud-soft texture, perfect for body & face Clinically proven to deliver 100-hour hydration and strengthen the skin barrier.","Aqua/Water, Glycerin, Cetearyl Alcohol, Caprylic/Capric Triglyceride, Cetyl Alcohol, Ceteareth-20, Behentrimonium Methosulfate, Dimethicone, Petrolatum, Butylene Glycol, Caprylyl Glycol, Potassium Phosphate, Ethylhexylglycerin, Disodium EDTA, Dipotassium Phosphate, Panthenol, Betaine, Synthetic Wax, Hydrogenated Lecithin, Squalane, Propanediol, Sodium PCA, Sodium Lactate, Stearic Acid, PCA, Sodium Hyaluronate, Polyglyceryl-10 Stearate, 1,2-Hexanediol, Serine, Alanine, Glycine, Hydrolyzed Hyaluronic Acid, Glutamic Acid, Lysine HCL, Threonine, Arginine, Ceramide NP, Sodium Hyaluronate Crosspolymer, Cholesterol, Hyaluronic Acid, Tocopherol, Proline, Palmitic Acid, Ceramide NS, Phytosphingosine, Sodium Acetylated Hyaluronate, Ceramide AP, Ceramide AS, Ceramide EOP","• 5-Ceramide Complex (Ceramide NP, NS, AP, AS, EOP): Reinforces the skin barrier and prevents moisture loss by mimicking skin’s natural lipids. • Cholesterol & Fatty Acids : Essential lipids that support barrier repair and restore skin elasticity and resilience. • Phytosphingosine, Squalane : Soothe irritation and help balance skin’s moisture levels for a healthy, nourished feel. • Multi-molecular Hyaluronic Acid (5 types) : Delivers multi-depth hydration and plumps dehydrated skin without heaviness. • Panthenol (Vitamin B5) : Calms redness and irritation while enhancing moisture retention and skin softness. • NMF (Natural Moisturizing Factor) : Replenishes skin’s natural moisture components to maintain long-lasting hydration.","[""sensitive"", ""dry"", ""oily""]","[""sensitivity"", ""acne""]","[""hydrate"", ""repair"", ""anti_acne""]",cream,"Apply a generous amount to dry areas like arms, legs, elbows, or hands. Massage gently until fully absorbed. For extra hydration, layer on dry, rough patches. * Tip * Works great as a nighttime intensive moisturizer for extra dry zones. *","* If you experience any abnormal symptoms or side effects such as redness, swelling, or itching due to direct sunlight during or after use, discontinue use and consult a dermatologist or healthcare professional. Do not use on areas with wounds or skin conditions. Storage and Handling: a) Keep out of reach of children. b) Store away from direct sunlight. Apply a generous amount to dry areas like arms, legs, elbows, or hands. Massage gently until fully absorbed. For extra hydration, layer on dry, rough patches. * Tip * Works great as a nighttime intensive moisturizer for extra dry zones. *Cautions* If you experience any abnormal symptoms or side effects such as redness, swelling, or itching due to direct sunlight during or after use, discontinue use and consult a dermatologist or healthcare professional. Do not use on areas with wounds or skin conditions. Storage and Handling: a) Keep out of reach of children. b) Store away from direct sunlight.",https://www.cosrx.com/cdn/shop/files/Skinbarrier_Cream_00_9ea9d922-f996-448a-b5b0-372c79f1043c_800x.webp?v=1755070414,https://www.cosrx.com/products/cosrx-skin-barrier-moisturizing-body-cream,,100,true,true,[],[],[],[],"{""care_goals"": [], ""category"": [], ""skin_concerns"": [], ""skin_types"": []}",USD,,0.3.0,2026-09-15T06:36:15.263228+00:00,
113020929,COSRX The Alpha-Arbutin Discoloration Care Hydrogel Mask,COSRX,mask,15.0,USD,,"#Fade, Brighten and Glow Powered by Alpha-Arbutin This hydrogel mask, formulated with Alpha-Arbutin and Low-Molecular-Weight Collagen, turns transparent as it delivers active ingredients onto the skin. It helps reduce the appearance of blemishes and hyperpigmentation, revealing a clearer, more even-toned, and radiant complexion. Quantity : 1sheet / 3sheets","Fade, Brighten and Glow Powered by Alpha-Arbutin This hydrogel mask, formulated with Alpha-Arbutin and Low-Molecular-Weight Collagen, turns transparent as it delivers active It helps reduce the appearance of blemishes and hyperpigmentation, revealing a clearer, more even-toned, and radiant complexion.","Aqua/Water, Glycerin, Acrylates Copolymer, Niacinamide, 1,2-Hexanediol, Ceratonia Siliqua (Carob) Gum, Chondrus Crispus, Agar, Betaine, Sclerotium Gum, Potassium Chloride, Alpha-Arbutin, Erythritol, Sucrose, Cellulose Gum, Polyglyceryl-10 Laurate, Panthenol, Allantoin, Acetyl Glucosamine, Xanthan Gum, Ethylhexylglycerin, Adenosine, Theobroma Cacao (Cocoa) Seed Extract, Hydrolyzed Collagen, Sodium Phytate, Hydrogenated Lecithin, Cetearyl Alcohol, Stearic Acid, Pentylene Glycol, Ferulic Acid, Ceramide NP, Sodium Hyaluronate, Tocopherol, Sodium Hyaluronate Crosspolymer, Hydrolyzed Hyaluronic Acid, Ceramide NS, Cholesterol, Phytosphingosine, Hyaluronic Acid, Ceramide AP, Ceramide AS, Hydrolyzed Sodium Hyaluronate, Glutathione, Ceramide EOP","• Alpha-Arbutin : Brightens the skin for a clearer, more radiant complexion • Niacinamide & N-Acetyl Glucosamine (NAG) : Improves skin clarity and evens out skin tone • Glutathione & Ferulic acid : Enhances and prolongs brightening effects • Low Molecular Weight Collagen (200Da) & Adenosine : Boosts elasticity and improves skin firmness • 5 types of Hyaluronic Acids + Panthenol : Delivers deep, lasting hydration • 5 types of Ceramides + Cholesterol & Fatty Acids : Strengthens the skin's moisture barrier • Betaine & Allantoin : Soothes and calms sensitive skin","[""sensitive""]","[""acne"", ""dark_spot""]","[""cleanse"", ""brighten"", ""anti_acne""]",,"1. After cleansing, apply toner or serum. 2. Open the pouch, remove the films, and put on the mask. 3. After about 2-3 hours or when the mask turns transparent, remove it and gently massage the remaining essence onto your face. *TIP* Better results can be expected if you use it as an OVERNIGHT TREATMENT. *",""" For external use only. Do not get into eyes. If contact occurs, rinse eye thoroughly with water. After opening, please use it immediately as it may dry out.",https://www.cosrx.com/cdn/shop/files/Alpha-Arbutin_Hydroge_Mask_00_800x.webp?v=1749692231,https://www.cosrx.com/products/cosrx-the-alpha-arbutin-discoloration-care-hydrogel-mask,,96,true,true,[],[],[],"[""texture"", ""volume""]","{""care_goals"": [], ""category"": [], ""skin_concerns"": [], ""skin_types"": []}",USD,,0.3.0,2026-09-15T06:42:21.565637+00:00,
113021188,COSRX The Blue Peptide Bakuchiol Plump Glow Serum,COSRX,serum,27.0,USD,50ml,"#CopperPeptide(GHK-Cu) #Bakuchiol #SkinPlumping A powerfully-formulated hydro-glow booster powered by Copper Tripeptide-1 (GHK-Cu) and Bakuchiol (a plant-based retinol alternative) to help visibly improve the look of skin density. This plumping radiance serum helps smooth the look of pores, texture, and dark spots for a flawless, glass-like glow.As Featured In: Named ""Best Peptide Serum for Large Pores"" by Marie Claire in The 10 Best Peptide Serums — praised for its lightweight feel and the combination of Copper Tripeptide, 5 Peptides, and Bakuchiol that visibly improves hydration, texture, and firmness.Key Ingredients: Copper Peptide 0.5% (5,000ppm) + Bakuchiol 0.25% (2,500ppm) Size: 50mL / 1.69 fl. oz.","CopperPeptide(GHK-Cu) #Bakuchiol #SkinPlumping A powerfully-formulated hydro-glow booster powered by Copper Tripeptide-1 (GHK-Cu) and Bakuchiol (a plant-based retinol alternative) to help visibly improve the look of skin density. This plumping radiance serum helps smooth the look of pores, texture, and dark spots for a flawless, glass-like glow.As Featured In: Named ""Best Peptide Serum for Large Pores"" by Marie Claire in The 10 Best Peptide Serums — praised for its lightweight feel and the combination of Copper Tripeptide, 5 Peptides, and Bakuchiol that visibly improves hydration, texture, and firmness.Key","AQUA/WATER, BUTYLENE GLYCOL, GLYCERIN, DIPROPYLENE GLYCOL, NIACINAMIDE, 1,2-HEXANEDIOL, BETAINE, DIETHOXYETHYL SUCCINATE, AMMONIUM ACRYLOYLDIMETHYLTAURATE/VP COPOLYMER, DIMETHICONE, COPPER TRIPEPTIDE-1(GHK-Cu), POLYGLYCERYL-6 CAPRYLATE, POLYGLYCERYL-4 CAPRATE, BAKUCHIOL, HYDROGENATED LECITHIN, ALCOHOL, SODIUM METHYL STEAROYL TAURATE, ETHYLHEXYLGLYCERIN, HYDROXYPROPYL STARCH PHOSPHATE, DISODIUM EDTA, ADENOSINE, CAPRYLYL GLYCOL, TOCOPHEROL, DIPEPTIDE DIAMINOBUTYROYL BENZYLAMIDE DIACETATE, ACETYL HEXAPEPTIDE-1, ACETYL HEPTAPEPTIDE-4, PANTHENOL, INOSITOL, ACETYL HEXAPEPTIDE-8, SODIUM HYDROXIDE, PROPANEDIOL, BETA-GLUCAN, SODIUM HYALURONATE, HYALURONIC ACID, SODIUM HYALURONATE CROSSPOLYMER, HYDROLYZED COLLAGEN, HYDROLYZED HYALURONIC ACID, SODIUM ACETYLATED HYALURONATE, ACETYL OCTAPEPTIDE-3","• Copper Tripeptide-1 (GHK-Cu): A naturally blue-hued ingredient that helps support the look of skin resilience, while visibly improving the appearance of early signs of aging for a firmer-looking complexion. • Bakuchiol: A plant-derived active from Babchi, traditionally used in skincare for its conditioning properties. A gentle alternative to retinol that supports early signs of aging care — suitable for sensitive skin and retinol beginners. • 5 Multi-Peptide Complex : A blend of 5 peptides formulated to help visibly improve the look of skin firmness and texture through multiple pathways. • Collagen & 5-Type Hyaluronic Acid: Formulated with collagen and a multi-molecular hyaluronic acid complex to help support the look of plump, hydrated skin. • Panthenol, Betaine & Tocopherol : A protective trio that helps soothe visible irritation and support skin resilience against everyday stressors. • Niacinamide: Helps visibly improve the appearance of uneven skin tone for a brighter-looking complexion.","[""sensitive"", ""dry""]","[""dark_spot"", ""large_pores"", ""acne""]","[""cleanse"", ""hydrate"", ""brighten"", ""anti_acne""]",serum,"After cleansing and toning step, apply adequate amount on the face and spread the product from the inside out, avoiding the eye area. *","* 1. If irritation, redness, swelling, or itching occurs during or after use, discontinue and consult a dermatologist. 2. Avoid applying to broken or damaged skin. 3. Keep out of reach of children. Store away from direct sunlight. 4. As these are potent formulations, please avoid using them together with high-concentration Vitamin C products, including our Vitamin C 13 Serum & Vitamin C 23 Serum. We recommend using them at different times of the day (morning/evening) to help optimize absorption and maximize the benefits of each product. After cleansing and toning step, apply adequate amount on the face and spread the product from the inside out, avoiding the eye area. *Cautions* 1. If irritation, redness, swelling, or itching occurs during or after use, discontinue and consult a dermatologist. 2. Avoid applying to broken or damaged skin. 3. Keep out of reach of children. Store away from direct sunlight. 4. As these are potent formulations, please avoid using them together with high-concentration Vitamin C products, including our Vitamin C 13 Serum & Vitamin C 23 Serum. We recommend using them at different times of the day (morning/evening) to help optimize absorption and maximize the benefits of each product.",https://www.cosrx.com/cdn/shop/files/BluePeptide_Serum_00_800x.jpg?v=1777444989,https://www.cosrx.com/products/cosrx-the-blue-peptide-bakuchiol-plump-glow-serum,,100,true,true,[],[],[],[],"{""care_goals"": [], ""category"": [], ""skin_concerns"": [], ""skin_types"": []}",USD,,0.3.0,2026-09-15T06:42:28.142180+00:00,
113021145,The Ceramide Skin Barrier Moisturizing Mist,COSRX,toner,24.0,USD,120ml,"Moisturizing Barrier Mist for Instant Skin Relief A soft, ultra-fine mist enriched with a 5-Ceramide Complex, cholesterol, fatty acids and five types of hyaluronic acid. Designed for dry, sensitive or irritated skin, it instantly hydrates deeply and forms a lightweight protective film, leaving skin visibly plumper, calmer and resilient without any stickiness even over makeup. Size: 120 mL / 4.06 fl oz","Concern Suitable Key Benefit Key Ingredient Dryness & dehydration Yes Instantly hydrates dry skin Natural Moisturizing Factors(NMF)+Hyaluronic Acids Weakened barrier Yes Strengthens skin barrier Ceramides, Cholesterol, Fatty acids Redness & sensitivity Yes Soothes and calms Panthenol, Allantoin Dull, tired skin Yes Boosts radiance with light moisture Ceramides, Cholesterol, Fatty acids Makeup setting & refresh Yes Can be used over makeup anytime Ultra-fine mist formula","Aqua/Water, Glycerin, Butylene Glycol, Caprylic/Capric Triglyceride, Hydrogenated Poly(C6-14 OLEFIN), Dimethicone, Cetyl Ethylhexanoate, Hydroxypropyl Bislauramide MEA, 1,2-Hexanediol, Cholesterol, Sodium Surfactin, Glyceryl Caprylate, Ethylhexylglycerin, Disodium EDTA, Behenic Acid, Squalane, Panthenol, Allantoin, Hydrogenated Lecithin, Cetearyl Alcohol, Tocopherol, Betaine, Stearic Acid, Propanediol, Sodium PCA, Sodium Hyaluronate, Sodium Lactate, PCA, Serine, Alanine, Glycine, Hydrolyzed Hyaluronic Acid, Ceramide NP, Glutamic Acid, Sodium Hyaluronate Crosspolymer, Lysine HCL, Threonine, Arginine, Hyaluronic Acid, Ceramide NS, Phytosphingosine, Ceramide AP, Ceramide AS, Proline, Sodium Acetylated Hyaluronate, Ceramide EOP",,"[""sensitive"", ""dry"", ""normal""]","[""dryness"", ""redness"", ""sensitivity""]","[""hydrate"", ""brighten"", ""repair"", ""soothe""]",mist,"Hold bottle about 20 cm (8 inches) from the face. Close eyes and spray evenly for an instant moisture boost. Reapply anytime your skin feels dry, even over makeup. Hold bottle about 20 cm (8 inches) from the face. Close eyes and spray evenly for an instant moisture boost. Reapply anytime your skin feels dry, even over makeup.",,https://www.cosrx.com/cdn/shop/files/Skinbarrier_Mist_00_484b9ebd-d4b7-4386-9752-e56852ae7773_800x.webp?v=1755070277,https://www.cosrx.com/products/cosrx-the-ceramide-skin-barrier-moisturizing-mist,,86,true,true,[],[],[],"[""key_ingredients"", ""warnings""]","{""care_goals"": [], ""category"": [], ""skin_concerns"": [], ""skin_types"": []}",USD,,0.3.0,2026-09-15T06:42:30.303491+00:00,
113020121,Full fit Propolis Light Ampoule,COSRX,serum,28.0,USD,1.01floz,"Light texture with heavy benefits! A rich ampoule for glowing skin. Intensive caring ampule to make your skin glowy and smooth without stickiness. Best selling ampoule that everyone loves, all year long! Add to your routine for extra nourished skin with that healthy glow.",Intensive caring ampule to make your skin glowy and smooth without stickiness. Add to your routine for extra nourished skin with that healthy glow.,"Propolis Extract, Butylene Glycol, Glycerin, Betaine, 1,2-Hexanediol, Cassia Obtusifolia Seed Extract, Sodium Hyaluronate, Hydroxyethylcellulose, Carbomer, Panthenol, Arginine",• 83.3% Propolis Extract : Make your skin glowy and smooth without stickiness,[],[],"[""cleanse"", ""hydrate"", ""brighten""]",,Apply evenly after cleansing and toning step. Gently massage and pat over entire face for quick absorption and proceed to moisturizer step,,https://www.cosrx.com/cdn/shop/files/full-fit-propolis-light-ampoule-cosrx-official-1_800x.jpg?v=1724835475,https://www.cosrx.com/products/full-fit-propolis-light-ampoule,,74,true,true,[],[],[],"[""skin_types"", ""skin_concerns"", ""warnings"", ""texture""]","{""care_goals"": [], ""category"": [], ""skin_concerns"": [], ""skin_types"": []}",USD,,0.3.0,2026-09-15T06:42:33.926014+00:00,
113020123,Full Fit Propolis Light Cream,COSRX,toner,32.0,USD,65ml,"Cream infused with Full fit Pro Complex Moisturizing cream with high percentage of black bee propolis complex and antioxidants. Its light-weight, gel-like cream texture absorbs effortlessly onto skin, allowing you to use any circumstances you want. Makes your skin more plump and hydrated when using with Full fit Propolis toner and ampoule. Type : Tube(Discontinued), Jar Size : 65ml / 2.19 fl.oz","Cream infused with Full fit Pro Complex Moisturizing cream with high percentage of black bee propolis complex and antioxidants. Its light-weight, gel-like cream texture absorbs effortlessly onto skin, allowing you to use any circumstances you want. Makes your skin more plump and hydrated when using with Full fit Propolis toner and ampoule.","Propolis Extract, Butylene Glycol, Glycerin, Caprylic/Capric Triglyceride, Helianthus Annuus (Sunflower) Seed Oil, 1,2-Hexanediol, Honey Extract, Royal Jelly Extract, Hydroxyethyl Acrylate/Sodium Acryloyldimethyl Taurate Copolymer, Cassia Obtusifolia Seed Extract, Cetearyl Olivate, Beeswax, Cetearyl Alcohol, Sorbitan Olivate, Allantoin, Arginine, Carbomer, Xanthan Gum","• 64% Propolis Extract + 1% Honey Extract + 1% Royal Jelly Extract : Deliver nourishment and antioxidants for soft, supply skin texture and moisture deep into your skin","[""oily""]",[],"[""cleanse"", ""hydrate""]",gel,"Gently apply a proper amount of the cream to face, avoiding the eye and mouth area, after cleansing and toning. Tap the area where the cream was applied gently in order for it to be absorbed along the skin texture.",,https://www.cosrx.com/cdn/shop/files/full-fit-propolis-light-cream-cosrx-official-1_800x.jpg?v=1745370401,https://www.cosrx.com/products/full-fit-propolis-light-cream,,86,true,true,[],[],[],"[""skin_concerns"", ""warnings""]","{""care_goals"": [], ""category"": [], ""skin_concerns"": [], ""skin_types"": []}",USD,,0.3.0,2026-09-15T06:42:35.633505+00:00,
113020124,Full Fit Propolis Synergy Toner,COSRX,toner,29.0,USD,9.46floz,"Daily boosting toner creates synergy with Propolis Light Ampoule A toner that contains 72.6% of Black bee Propolis extract and 10% Honey extract which will make your skin glowy and smooth. A boosting toner and the best selling ampoule, the combination of two propolis product will make your skin plump and nourished even better than one.",,"Propolis Extract, Honey Extract, Butylene Glycol, 1,2-Hexanediol, Glycerin, Betaine, Cassia Obtusifolia Seed Extract, Panthenol, Polyglyceryl-10 Laurate, Polyglyceryl-10 Myristate, Ethylhexylglycerin, Sodium Hyaluronate, Hydroxyethyl Acrylate/Sodium Acryloyldimethyl Taurate Copolymer, Caprylic/Capric Triglyceride",• 72.6% Propolis Extract : Nourish tired skin leaving it healthy and plump • 10.7% Honey Extract : Charge the skin with revitaizing energy • 0.2% Panthenol,"[""normal"", ""dry"", ""oily"", ""combination"", ""sensitive""]",[],"[""brighten""]",,Apply as the first step of your skincare routine after washing you face. Massage over the entire face for better absorption.,,https://www.cosrx.com/cdn/shop/files/full-fit-propolis-synergy-toner-cosrx-official-1_800x.jpg?v=1724835425,https://www.cosrx.com/products/full-fit-propolis-synergy-toner,,70,true,true,[],[],[],"[""benefits"", ""skin_concerns"", ""warnings"", ""texture""]","{""care_goals"": [], ""category"": [], ""skin_concerns"": [], ""skin_types"": []}",USD,,0.3.0,2026-09-15T06:42:37.297367+00:00,
113020099,Galactomyces 95 Tone Balancing Essence,COSRX,serum,24.0,USD,3.38floz,"Multi - acting enhancer for dull, rough skin! Formulated with 95% Galactomyces Ferment Filtrate, this essence helps nourish and hydrate the skin, and over time making it appears more radiant and clear. Size: 3.38 fl.oz / 100mL","Formulated with 95% Galactomyces Ferment Filtrate, this essence helps nourish and hydrate the skin, and over time making it appears more radiant and clear.","Galactomyces Ferment Filtrate, Niacinamide, Panthenol, Glycerin, 1,2-Hexanediol, Butylene Glycol, Betaine, Sodium Hyaluronate, Allantoin, Xanthan Gum, Ethyl Hexanediol, Adenosine",•Galactomyces ferment filtate : Helps brightening tired and dull looking skin • Hyaluronic acid and panthenol : Maintain the skin hydrated and smooth,"[""sensitive"", ""dry""]",[],"[""cleanse"", ""hydrate""]",essence,"1. After cleansing and toning, apply a small amount on your entire face. 2. Gently pat using fingertips to aid absorption, and then go forth with your moisturizers.",,https://www.cosrx.com/cdn/shop/files/galactomyces-95-tone-balancing-essence-cosrx-official-1_800x.jpg?v=1724835413,https://www.cosrx.com/products/galactomyces-95-tone-balancing-essence,,86,true,true,[],[],[],"[""skin_concerns"", ""warnings""]","{""care_goals"": [], ""category"": [], ""skin_concerns"": [], ""skin_types"": []}",USD,,0.3.0,2026-09-15T06:42:38.964573+00:00,
113020130,Hydrium Centella Aqua Soothing Ampoule,COSRX,serum,26.0,USD,1.35floz,"Pure hydration without any irritation! What it is: A lightweight, fast-absorbing ampoule that delivers immediate, pure hydration even for angry, red acne skin. WHY IT'S SPECIAL: COSRX Hydrium:Moisturize in your own way with Hydrium Curation made exclusively for you. B5: also known as panthenol is the key ingredient of Hydrium line. Moisturizing, regenerating, and anti-inflammatory effects and is safe to use on all skin type. Centella Asiatica extract and the Madecassoside compounds: provide mild moisture for sensitive skin and effectively calm sensitive skin. Safe on active acne:Hydrium Centella Aqua Soothing Ampoule can be used for active acne which requires moisturizing without irritation. Non sticky, non rich, light weight: fast absorbing solution- this lightweight formula absorbs quickly without a greasy or tacky feeling on the skin. How to use: Apply two or three drops onto the face before a moisturizer, avoiding the eye and mouth area. INGREDIENTS Water, Centella Asiatica Extract, Dipropylene Glycol, Glycerin, 1,2-Hexanediol, Betaine, Chondrus Crispus Extract, Saccharum Officinarum (Sugarcane) Extract, Pentylene Glycol, Octanediol, Ammonium Acryloyldimethyltaurate/VP Copolymer, Xanthan Gum, Ethylhexylglycerin, Allantoin, Madecassoside, Panthenol","COSRX Hydrium:Moisturize in your own way with Hydrium Curation made exclusively for you. B5: also known as panthenol is the key ingredient of Hydrium line. Moisturizing, regenerating, and anti-inflammatory effects and is safe to use on all skin type. Centella Asiatica extract and the Madecassoside compounds: provide mild moisture for sensitive skin and effectively calm sensitive skin. Safe on active acne:Hydrium Centella Aqua Soothing Ampoule can be used for active acne which requires moisturizing without irritation. Non sticky, non rich, light weight: fast absorbing solution- this lightweight formula absorbs quickly without a greasy or tacky feeling on the skin.",,"of Hydrium line. Moisturizing, regenerating, and anti-inflammatory effects and is safe to use on all skin type. Centella Asiatica extract and the Madecassoside compounds: provide mild moisture for sensitive skin and effectively calm sensitive skin. Safe on active acne:Hydrium Centella Aqua Soothing Ampoule can be used for active acne which requires moisturizing without irritation. Non sticky, non rich, light weight: fast absorbing solution- this lightweight formula absorbs quickly without a greasy or tacky feeling on the skin.","[""sensitive"", ""dry""]","[""acne"", ""redness"", ""sensitivity""]","[""hydrate"", ""anti_acne"", ""soothe""]",,"Apply two or three drops onto the face before a moisturizer, avoiding the eye and mouth area. INGREDIENTS Water, Centella Asiatica Extract, Dipropylene Glycol, Glycerin, 1,2-Hexanediol, Betaine, Chondrus Crispus Extract, Saccharum Officinarum (Sugarcane) Extract, Pentylene Glycol, Octanediol, Ammonium Acryloyldimethyltaurate/VP Copolymer, Xanthan Gum, Ethylhexylglycerin, Allantoin, Madecassoside, Panthenol",,https://www.cosrx.com/cdn/shop/files/hydrium-centella-aqua-soothing-ampoule-cosrx-official-1_800x.jpg?v=1689840666,https://www.cosrx.com/products/hydrium-centella-aqua-soothing-ampoule,,76,true,true,[],[],[],"[""inci_ingredients"", ""warnings"", ""texture""]","{""care_goals"": [], ""category"": [], ""skin_concerns"": [], ""skin_types"": []}",USD,,0.3.0,2026-09-15T06:42:51.484408+00:00,
113021339,Hydrium Green Tea Aqua Soothing Gel Cream,COSRX,moisturizer,25.0,USD,1.69floz,"Cooling relief for heated angry skin!A gel-like, cooling, non-oily gel cream moisturizer that immerses skin in hydration. It absorbs quickly and delivers instant hydration with a fresh finish.",It absorbs quickly and delivers instant hydration with a fresh finish.,"Water, Propanediol, Camellia Sinensis Leaf Extract, Glycerin, Pentylene Glycol, 1,2-Hexanediol, Acrylates/C10-30 Alkyl Acrylate Crosspolymer, Panthenol, Tromethamine, Butylene Glycol, Cetearyl Olivate, Sorbitan Olivate, Allantoin, Aloe Ferox Leaf Extract, Ethylhexylglycerin, Glyceryl Acrylate/Acrylic Acid Copolymer, Disodium EDTA, Hydrolyzed Hibiscus Esculentus Extract, Lupinus Albus Seed Extract, Moringa Oleifera Seed Extract, Melia Azadirachta Leaf Extract, Melia Azadirachta Flower Extract","• D-panthenol 5,000ppm : Moisturizing, regenerating, and anti-inflammatory • Green Tea Extract : Cooling relief to soothe redness, blemishes, and sun burns • Allantoin : Smooths, Regeneration","[""sensitive"", ""combination""]",[],"[""cleanse"", ""hydrate"", ""soothe""]",gel-cream,"Gently apply a proper amount of the gel cream to face, avoiding the eye and mouth area, after cleansing and toning. Tap the area where the cream was applied gently in order for it to be absorbed along the skin texture.",,https://www.cosrx.com/cdn/shop/files/hydrium-green-tea-aqua-soothing-gel-cream-cosrx-official-1_800x.jpg?v=1724835322,https://www.cosrx.com/products/hydrium-green-tea-aqua-soothing-gel-cream,,86,true,true,[],[],[],"[""skin_concerns"", ""warnings""]","{""care_goals"": [], ""category"": [], ""skin_concerns"": [], ""skin_types"": []}",USD,,0.3.0,2026-09-15T06:42:52.971217+00:00,
113020132,Hydrium Triple Hyaluronic Moisture Ampoule,COSRX,serum,26.0,USD,1.35floz,"Gift your skin with deep & long - lasting hydration!Viscous serum texture leaves skin feeling supple and hydrated to the touch. Doesn't have a greasy finish and gives you visibly plumped healthy complexion all day long. Gives an immediate plumping effect and long lasting hydration for dry, dehydrated, and flaky skin.",Gift your skin with deep & long - lasting hydration!Viscous serum texture leaves skin feeling supple and hydrated to the touch. Doesn't have a greasy finish and gives you visibly plumped healthy complexion all day long.,"Water, Glycerin, Butylene Glycol, Dipropylene Glycol, 1,2-Hexanediol, Methyl Gluceth-10, Sodium Hyaluronate, Carbomer, Panthenol, Tromethamine, Ethylhexylglycerin, Hyaluronic Acid, Hydrolyzed Hyaluronic Acid, Gluconolactone, Lactobionic Acid","• Triple Hyaluronic Acid : Creates an invisible protective barrier on the skin and keeps your skin moisturized • D-Panthenol (vitamin B5) : Moisturizes, soothes and heals","[""dry""]","[""dryness""]","[""hydrate""]",serum,Apply two or three drops onto the face avoiding the eye and mouth area. Evenly spread and massage it for maximum absorption.,,https://www.cosrx.com/cdn/shop/files/hydrium-triple-hyaluronic-moisture-ampoule-cosrx-official-1_800x.jpg?v=1724835343,https://www.cosrx.com/products/hydrium-triple-hyaluronic-moisture-ampoule,,96,true,true,[],[],[],"[""warnings""]","{""care_goals"": [], ""category"": [], ""skin_concerns"": [], ""skin_types"": []}",USD,,0.3.0,2026-09-15T06:42:56.885107+00:00,
113020136,Hydrium Watery Toner,COSRX,toner,29.0,USD,9.46floz,Full of hydration for dewy skin!Moisture toner with vitamin B5 and hyaluronic acid which makes your skin more dewy with full of hydration. Not only it's moisturizing toner but also it's the foundation of skin health recovering skincare step.,Not only it's moisturizing toner but also it's the foundation of skin health recovering skincare step.,"Water, Butylene Glycol, Glycerin, 1,2-Hexanediol, Allantoin, Panthenol, Sodium Hyaluronate, Pentylene Glycol, Sodium hyaluronate Crosspolymer, Hydrolyzed Hyaluronic Acid, Hyaluronic Acid, Ethylhexylglycerin, Hydrolyzed Sodium Hyaluronate","• 100ppm of 6-type hyaluronic acids : prevent moisture loss in the skin, making it more hydrated • 0.1% D-panthenol : moisturizing, regenerating effect • 0.1% Allantoin : soothing sensitive skin","[""normal"", ""dry"", ""oily"", ""combination"", ""sensitive""]","[""dryness""]","[""cleanse"", ""hydrate""]",,"Apply as the first step of your skincare routine after washing you face. Massage over the entire face for better absorption. **multipurpose /Toner sheet mask/ If your skin feels extra dry and heated, you can soak the cotton pads with this toner and use as toner sheet mask. /Mist/ you can spray on your face when you feel dryness during the day. /Cleansing/ when your skin stimulated with dryness, mix this toner and water by the ratio of 8 : 2. Rinse your face at the last of cleansing routine. Don't wipe your face with a towel just tap gently in order for it to be absorbed along the skin texture. Apply as the first step of your skincare routine after washing you face. Massage over the entire face for better absorption. **multipurpose /Toner sheet mask/ If your skin feels extra dry and heated, you can soak the cotton pads with this toner and use as toner sheet mask. /Mist/ you can spray on your face when you feel dryness during the day. /Cleansing/ when your skin stimulated with dryness, mix this toner and water by the ratio of 8 : 2. Rinse your face at the last of cleansing routine. Don't wipe your face with a towel just tap gently in order for it to be absorbed along the skin texture.",,https://www.cosrx.com/cdn/shop/files/hydrium-watery-toner-cosrx-official-1_800x.jpg?v=1724836011,https://www.cosrx.com/products/hydrium-watery-toner,,94,true,true,[],[],[],"[""warnings"", ""texture""]","{""care_goals"": [], ""category"": [], ""skin_concerns"": [], ""skin_types"": []}",USD,,0.3.0,2026-09-15T06:42:58.177843+00:00,
113020186,Lip Plump - Refresh AHA BHA Vitamin C Lip Plumper,COSRX,lip_care,19.0,USD,0.70floz,Ultra glow plumper containing Volufiline and vitamin derivatives to leave your lips volumized and full of energy. Size : 0.70 fl.oz / 20g,Ultra glow plumper containing Volufiline and vitamin derivatives to leave your lips volumized and full of energy.,"Petrolatum, Hydrogenated Polyisobutene, Polyisobutene, Phytosteryl/Isostearyl/Cetyl/Stearyl/Behenyl Dimer Dilinoleate, Butyrospermum Parkii (Shea) Butter, Diisostearyl Malate, Ethylene/Propylene/Styrene Copolymer, Sorbitan Sesquioleate, Microcrystalline Wax, Vanillyl Butyl Ether ,Butylene/Ethylene/Styrene Copolymer, Ethylhexylglycerin, Water, Pentaerythrityl Tetra-di-t-butyl Hydroxyhydrocinnamate, Butylene Glycol, Melia Azadirachta Leaf Extract, Melia Azadirachta Flower Extract, Coccinia Indica Fruit Extract, Amber Powder, Mentha Piperita (Peppermint) Leaf Extract, Solanum Melongena (Eggplant) Fruit Extract, Ocimum Sanctum Leaf Extract, Curcuma Longa (Turmeric) Root Extract, Corallina Officinalis Extract, Moringa Oleifera Seed Oil, Magnesium Ascorbyl Phosphate, Citric Acid, Betaine Salicylate, Anemarrhena Asphodeloides Root Extract",,"[""sensitive""]",[],"[""brighten""]",,"Apply a proper amount onto lips. You may experience tingling sensation due to the plumping effect depending on the state of your lips, which is common for lip plumping products (caused by Vanillyl Butyl Ether).",,https://www.cosrx.com/cdn/shop/files/lip-plump-refresh-aha-bha-vitamin-c-lip-plumper-cosrx-official-1_800x.jpg?v=1724836331,https://www.cosrx.com/products/lip-plump-refresh-aha-bha-viamin-c-lip-plumper,,74,true,true,[],[],[],"[""key_ingredients"", ""skin_concerns"", ""warnings"", ""texture""]","{""care_goals"": [], ""category"": [], ""skin_concerns"": [], ""skin_types"": []}",USD,,0.3.0,2026-09-15T06:42:59.756281+00:00,
113020185,Lip Scrub - Full Fit Honey Sugar Lip Scrub,COSRX,lip_care,19.0,USD,0.70floz,Lip scrub has never been so sweet! A lip scrub that gently buffs away dead flakes with sugar crystals and keeps lips hydrated with honey extract. Size: 0.70 fl.oz / 20g,A lip scrub that gently buffs away dead flakes with sugar crystals and keeps lips hydrated with honey extract.,"Sucrose, Caprylic/Capric Triglyceride, Glycerin, Euphorbia Cerifera (Candelilla) Wax, Sorbeth-30 Tetraoleate, Butyrospermum Parkii (Shea) Butter, Bis-Diglyceryl Polyacyladipate-2, Water, Stearalkonium Hectorite, 1,2-Hexanediol, Propylene Carbonate, Theobroma Cacao (Cocoa) Extract, Ethylhexylglycerin, Butylene Glycol, Saccharum Officinarum (Sugarcane) Extract, Dextrin, Citrus Limon (Lemon) Fruit Extract, Honey Full Ingredients × Full Ingredients Full Ingredients × Full Ingredients × Full Ingredients",,"[""dry""]",[],"[""hydrate"", ""exfoliate""]",,"Apply a proper amount onto lips, and massage with a finger. Leave on for few minutes, then rinse with lukewarm water. For best effect, use Full Fit Propolis Lip Sleeping Mask before and after exfoliation.",,https://www.cosrx.com/cdn/shop/files/lip-scrub-full-fit-honey-sugar-lip-scrub-cosrx-official-1_800x.jpg?v=1724836318,https://www.cosrx.com/products/lip-scrub-full-fit-propolis-honey-sugar-lip-scrub,,74,true,true,[],[],[],"[""key_ingredients"", ""skin_concerns"", ""warnings"", ""texture""]","{""care_goals"": [], ""category"": [], ""skin_concerns"": [], ""skin_types"": []}",USD,,0.3.0,2026-09-15T06:43:01.505874+00:00,
113020478,Low pH Good Morning Gel Cleanser,COSRX,cleanser,14.0,USD,5.07floz,"Gentle gel type cleanser with mildly acidic pH levelWhile refining the skin texture, the cleanser will help cleanse with no stripping. Great for all skin types, wake up to a firmer-looking skin while letting it rest clean during the night.","Gentle gel type cleanser with mildly acidic pH levelWhile refining the skin texture, the cleanser will help cleanse with no stripping.","Water, Cocamidopropyl Betaine, Sodium Lauroyl Methyl Isethionate, Sodium Chloride, Polysorbate 20, Styrax Japonicus Branch/Fruit/Leaf Extract, Butylene Glycol, Saccharomyces Ferment, Cryptomeria Japonica Leaf Extract, Nelumbo Nucifera Leaf Extract, Pinus Palustris Leaf Extract, Ulmus Davidiana Root Extract, Oenothera Biennis (Evening Primrose) Flower Extract, Pueraria Lobata Root Extract, Melaleuca Alternifolia (Tea Tree) Leaf Oil, Allantoin, Caprylyl Glycol, Ethylhexylglycerin, Betaine Salicylate, Citric Acid, Ethyl Hexanediol, 1,2-Hexanediol, Trisodium Ethylenediamine Disuccinate, Sodium Benzoate, Disodium EDTA",• Betaine Salicylate (BHA) & Tea Tree Oil : Soothe and strengthen for luminous and clear skin • pH Balanced pH 5.31±1.00 : Optimize the balance of oil and water in the skin,"[""normal"", ""dry"", ""oily"", ""combination"", ""sensitive""]",[],"[""cleanse""]",gel,"Use morning and night, after removing makeup. Begin with wet hands and face. Squeeze a proper amount onto your hand and foam up. Gently massage onto face avoiding the eye and mouth area. Rinse with warm water.",,https://www.cosrx.com/cdn/shop/files/low-ph-good-morning-gel-cleanser-cosrx-official-1_800x.jpg?v=1768785801,https://www.cosrx.com/products/low-ph-good-morning-gel-cleanser,,86,true,true,[],[],[],"[""skin_concerns"", ""warnings""]","{""care_goals"": [], ""category"": [], ""skin_concerns"": [], ""skin_types"": []}",USD,,0.3.0,2026-09-15T06:43:06.842763+00:00,
113020182,Low pH Goodnight Soft Peeling Gel,COSRX,exfoliant,16.0,USD,4.05floz,"Gentle low pH peeling gel enriched with naturally derived ingredients to improve skin condition.With a pH similar to skin and barrier protecting components, it works great for even sensitive skin. Quick, easy and convenient, a peeling gel that can be used directly on wet skin while cleansing.","Quick, easy and convenient, a peeling gel that can be used directly on wet skin while cleansing.","Water, Cellulose, Glycerin, Rosa Damascena Flower Water, Propanediol, Butylene Glycol, 1,2-Hexanediol, Acrylates/C10-30 Alkyl Acrylate Crosspolymer, Hydroxyacetophenone, Lavandula Angustifolia (Lavender) Flower Water, Tromethamine, Niacinamide, Maltodextrin, Ethylhexylglycerin, Disodium EDTA, Pentylene Glycol, Lactobionic Acid, Papain, Hyaluronic Acid, Hydrolyzed Hyaluronic Acid, Lactobacillus/Soybean Ferment Extract, Sodium Hyaluronate, Sodium Metabisulfite, Lactobacillus/Rice Ferment, Camellia Japonica Flower Extract","• 8% Cellulose : Eliminates impurities softened by PHA • hyaluronic acid : Dissolves dead skin cells, hydrating exfoliation","[""sensitive""]","[""sensitivity""]","[""cleanse""]",gel,"After cleansing, apply onto damp skin. Gently massage the skin with fingertips, while avoiding the eye area. Rinse thoroughly with lukewarm water.",,https://www.cosrx.com/cdn/shop/files/low-ph-goodnight-soft-peeling-gel-cosrx-official-1_800x.jpg?v=1724836210,https://www.cosrx.com/products/low-ph-goodnight-soft-peeling-gel,,96,true,true,[],[],[],"[""warnings""]","{""care_goals"": [], ""category"": [], ""skin_concerns"": [], ""skin_types"": []}",USD,,0.3.0,2026-09-15T06:43:11.215109+00:00,
113020295,Oil-Free Ultra-Moisturizing Lotion with Birch Sap,COSRX,moisturizer,25.0,USD,3.38floz,"Daily moisturizer for all skin type and all situation! **Ingredient change:The scent may be different as it has been reformulated. Fragrance ingredients have been excluded and 4-Terpineol which is the main component of the tea tree has been added to reduce skin reactions and soothe the skin.The weightless subtle lotion which is a skin-friendly natural ingredient full of vitamins and antioxidants, effectively calming and treating irritated skin. Size : 3.38 fl. oz / 100ml",,"Betula Platyphylla Japonica Juice, Butylene Glycol, Glycerin, Dimethicone, Betaine, Cetearyl Alcohol, 1,2-Hexanediol, Cetearyl Olivate, Sorbitan Olivate, Ethylhexylglycerin, Hydroxyethyl Acrylate/Sodium Acryloyldimethyl Taurate Copolymer, Ethyl Hexanediol, Xanthan Gum, Allantoin, Panthenol, Water, Sodium Hyaluronate, Sodium Lactate, Sorbitan Isostearate, Polysorbate 60, Tocopherol, 4-Terpineol","• 70% Betula Platyphylla Japonica Juice : prevents moisture loss in the skin, making it more hydrated and can be used by any skin type","[""normal"", ""dry"", ""oily"", ""combination"", ""sensitive""]",[],"[""cleanse"", ""hydrate"", ""soothe"", ""exfoliate""]",lotion,"*After cleansing and toning and chemical exfoliates, use Oil Free Ultra Moisturizing Lotion before your cream step or sunscreen. Gently apply a proper amount of the cream to face. Tap the area where the cream was applied gently, in order for it to be absorbed along the skin texture. *After cleansing and toning and chemical exfoliates, use Oil Free Ultra Moisturizing Lotion before your cream step or sunscreen. Gently apply a proper amount of the cream to face. Tap the area where the cream was applied gently, in order for it to be absorbed along the skin texture.",,https://www.cosrx.com/cdn/shop/files/oil-free-ultra-moisturizing-lotion-with-birch-sap-cosrx-official-1_858x.png?v=1724836818,https://www.cosrx.com/products/oil-free-ultra-moisturizing-lotion-with-birch-sap,,72,true,true,[],[],[],"[""benefits"", ""skin_concerns"", ""warnings""]","{""care_goals"": [], ""category"": [], ""skin_concerns"": [], ""skin_types"": []}",USD,,0.3.0,2026-09-15T06:43:24.402645+00:00,
113020249,One Step Moisture Up Pad,COSRX,exfoliant,22.0,USD,,"Full of strong natural moisture energy with high content of Alaskan glacier water Alaska glacier water fills your skin with moisture, Moisture toning pads with BHA and PHA to gently care your skin texture. Quantity : 70 Pads",,"Water, Butylene Glycol, Propanediol, Glycerin, 1,2-Hexanediol, Betaine Salicylate, Betaine, Panthenol, Allantoin, Polyglyceryl-10 Myristate, Polyglyceryl-10 Laurate, Sodium Hydroxide, Gluconolactone, Sodium Hyaluronate, Citrus Aurantium Bergamia (Bergamot) Fruit Oil, Carbomer, Arginine, Citrus Limon (Lemon) Peel Oil, Pentylene Glycol, Sodium Hyaluronate Crosspolymer, Hydrolyzed Hyaluronic Acid, Hydrolyzed Sodium Hyaluronate, Hyaluronic Acid, Ethylhexylglycerin, Squalane","• 84.9% Alaska Glacier Water : Nourish, Cool & Hydrate • 0.5% BHA (Betaine Salicylate) : Smoothe skin texture, control sebum production • Squalane, 6-layered hyaluronic acid, Panthenol : Moist up Formula, build skin barrier","[""sensitive"", ""dry"", ""oily""]",[],"[""cleanse""]",pads,Swipe the embossing side across the face avoiding eye area after cleansing. Swipe the softer side across the face to pick up the remaining debris. Replace the lid tightly to make sure the pads stay wet and clean.,,https://www.cosrx.com/cdn/shop/files/Moisture_Pad_0_800x.jpg?v=1710475791,https://www.cosrx.com/products/one-step-moisture-up-pad,,70,true,true,[],[],[],"[""benefits"", ""skin_concerns"", ""warnings"", ""volume""]","{""care_goals"": [], ""category"": [], ""skin_concerns"": [], ""skin_types"": []}",USD,,0.3.0,2026-09-15T06:43:27.439743+00:00,
113021248,One Step Original Peptide Collagen Lifting Glow Pad,COSRX,serum,26.0,USD,,"#PinkPeptidePad #GlowTonerPad Visibly firms, lifts, and illuminates the lookof skin with every use. Infused with peptides and collagen, these pink pads feature a firming-focused formula to help improve the look of skin in need of a firmness boost. In just 3 minutes, use as a facial mask to help tighten and plump the look of skin for a lifted, younger-looking complexion. 70mm oversized pads soaked in 300mL (10.14 fl. oz.) of essence — one of the highest volumes in its category for generous, long-lasting care. Size: 100 Pads / 10.14 fl. oz. (300mL)","PinkPeptidePad #GlowTonerPad Visibly firms, lifts, and illuminates the lookof skin with every use. Infused with peptides and collagen, these pink pads feature a firming-focused formula to help improve the look of skin in need of a firmness boost. In just 3 minutes, use as a facial mask to help tighten and plump the look of skin for a lifted, younger-looking complexion.","AQUA/WATER, BUTYLENE GLYCOL, GLYCERIN, TRIPROPYLENE GLYCOL, NIACINAMIDE, PENTYLENE GLYCOL, 2,3-BUTANEDIOL, BETAINE, LACTOBACILLUS FERMENT, PROPANEDIOL, DIETHOXYETHYL SUCCINATE, HYDROXYACETOPHENONE, CAPRYLYL GLYCOL, ETHYLHEXYLGLYCERIN, 1,2-HEXANEDIOL, ADENOSINE, ARGININE, CARBOMER, DISODIUM EDTA, XANTHAN GUM, GLYCERYL ACRYLATE/ACRYLIC ACID COPOLYMER, DIPOTASSIUM GLYCYRRHIZATE, ALLANTOIN, PANTHENOL, CYANOCOBALAMIN, PRUNUS PERSICA (PEACH) FLOWER EXTRACT, HYDROLYZED COLLAGEN, PANTOTHENIC ACID, TOCOPHEROL, SODIUM HYALURONATE, HYALURONIC ACID, HYDROLYZED HYALURONIC ACID, PALMITOYL TRIPEPTIDE-5, COPPER TRIPEPTIDE-1, ACETYL HEXAPEPTIDE-8, DIMETHYLSILANOL HYALURONATE, POTASSIUM HYALURONATE, HYDROLYZED SODIUM HYALURONATE, HYDROXYPROPYLTRIMONIUM HYALURONATE, SODIUM HYALURONATE CROSSPOLYMER, COLLAGEN, SODIUM HYALURONATE DIMETHYLSILANOL, SODIUM ACETYLATED HYALURONATE, COLLAGEN EXTRACT","• Triple Peptide Complex (Palmitoyl Tripeptide-5, Acetyl Hexapeptide-8, Copper Tripeptide-1) : Each peptide targets a specific concern —supporting the look of firmness and radiance, visibly smoothing expression-induced texture, and helping maintain the look of balanced, resilient skin. • 6-Molecular Collagen Complex : Higher-weight molecules help lock in moisture for a visibly supple feel on the surface, while lower-weight molecules help condition and visibly refine the look of uneven texture.","[""sensitive""]",[],"[""brighten"", ""anti_aging""]",pads,"1. Use the built-in tweezer to take out a pad and gently wipe from the inner to outer areas of the face along the skin texture. 2. For areas needing intensive firming or radiance care, place the pad on the skin like a mini mask and leave it on for a few minutes. 3. Lightly pat the remaining essence onto the skin and close the lid tightly to keep the pads from drying out. *Morning Tip* Use before makeup for an instant moisture boost that cools and smooths skin texture, minimizing dry patches and uneven areas for a flawless, makeup-ready finish. One pad, one step — that's all it takes. *Evening Tip* For enhanced lifting and firming results, pair with the COSRX Peptide Collagen Lifting Glow Gel Mask as your nighttime routine finale. *","* For external use only. Do not get into eyes. 1. Use the built-in tweezer to take out a pad and gently wipe from the inner to outer areas of the face along the skin texture. 2. For areas needing intensive firming or radiance care, place the pad on the skin like a mini mask and leave it on for a few minutes. 3. Lightly pat the remaining essence onto the skin and close the lid tightly to keep the pads from drying out. *Morning Tip* Use before makeup for an instant moisture boost that cools and smooths skin texture, minimizing dry patches and uneven areas for a flawless, makeup-ready finish. One pad, one step — that's all it takes. *Evening Tip* For enhanced lifting and firming results, pair with the COSRX Peptide Collagen Lifting Glow Gel Mask as your nighttime routine finale. *Cautions* For external use only. Do not get into eyes.",https://www.cosrx.com/cdn/shop/files/1_800x1067_40e9bec3-18f2-4c99-9778-941e17858fa3_800x.webp?v=1774854217,https://www.cosrx.com/products/one-step-original-peptide-collagen-lifting-glow-pad,,88,true,true,[],[],[],"[""skin_concerns"", ""volume""]","{""care_goals"": [], ""category"": [], ""skin_concerns"": [], ""skin_types"": []}",USD,,0.3.0,2026-09-15T06:43:34.575731+00:00,
113021251,One Step Original Tone Clarifying Moisture Pad,COSRX,serum,26.0,USD,,"#BlueMoisturePad #RiceWaterToningPad Drenches skin in 69% rice water to deliver deep hydration and visibly clearer-looking skin in one swipe. Formulated with a 10-type hyaluronic acid complex and a brightening-focused blend, these pads help replenish moisture, visibly even the appearance of skin tone, and help soothe the feel of heat-stressed skin for a plump, radiant finish. * 70mm oversized pads soaked in 230mL (7. 77 fl. oz.) of essence — one of the highest volumes in its category for generous, long-lasting care.Size: 100 Pads / 7. 77 fl. oz. (230mL)","BlueMoisturePad #RiceWaterToningPad Drenches skin in 69% rice water to deliver deep hydration and visibly clearer-looking skin in one swipe. Formulated with a 10-type hyaluronic acid complex and a brightening-focused blend, these pads help replenish moisture, visibly even the appearance of skin tone, and help soothe the feel of heat-stressed skin for a plump, radiant finish.","ORYZA SATIVA (RICE) BRAN WATER, BUTYLENE GLYCOL, AQUA/WATER, GLYCERIN, NIACINAMIDE, 1,2-HEXANEDIOL, GLUCONOLACTONE, XANTHAN GUM, ETHYLHEXYLGLYCERIN, SIMMONDSIA CHINENSIS (JOJOBA) SEED OIL, ADENOSINE, TROMETHAMINE, DISODIUM EDTA, HYDROGENATED LECITHIN, BETAINE, PANTHENOL, PANTOTHENIC ACID, ALLANTOIN, ALPHA-ARBUTIN, GARDENIA JASMINOIDES FRUIT EXTRACT, POLYGLYCERYL-10 LAURATE, 3-O-ETHYL ASCORBIC ACID, HYDROLYZED HYALURONIC ACID, HYALURONIC ACID, SODIUM HYALURONATE, HYDROLYZED SODIUM HYALURONATE, POTASSIUM HYALURONATE, DIMETHYLSILANOL HYALURONATE, HYDROXYPROPYLTRIMONIUM HYALURONATE, SODIUM HYALURONATE CROSSPOLYMER, SODIUM HYALURONATE DIMETHYLSILANOL, SODIUM ACETYLATED HYALURONATE, GLUTATHIONE, SQUALANE, SODIUM PCA, SODIUM LACTATE, PCA, TOCOPHEROL, SERINE, ALANINE, GLYCINE, GLUTAMIC ACID, LYSINE HCL, THREONINE, ARGININE, PROLINE","• Rice Water 69% : A nature-derived extract helps maintain the skin's moisture balance while supporting a more even-looking skin tone. • 10-Type Hyaluronic Acid Complex : Amulti-molecular blend that helps attract and lock in moisture for deep hydration, leaving skin feeling lastingly plump and supple. • Panthenol & Pantothenic Acid : A Pro-Vitamin B5 duo that helps soothe the feel of dryness, calm visible irritation, and support skin resilience. • Tone Brightening Quartet (Niacinamide, Alpha-Arbutin, Vitamin C Derivative, Glutathione) : A multi-action brightening complex that helps visibly improve the appearance of uneven tone and dullness for a clearer, more radiant-looking complexion.","[""sensitive"", ""dry""]",[],"[""hydrate"", ""brighten"", ""anti_aging"", ""soothe""]",pads,"1. Use the built-in tweezer to take out a pad and gently wipe from the inner to outer areas of the face along the skin texture. 2. For areas needing intensive firming or radiance care, place the pad on the skin like a mini mask and leave it on for a few minutes. 3. Lightly pat the remaining essence onto the skin and close the lid tightly to keep the pads from drying out. *","* For external use only. Do not get into eyes. 1. Use the built-in tweezer to take out a pad and gently wipe from the inner to outer areas of the face along the skin texture. 2. For areas needing intensive firming or radiance care, place the pad on the skin like a mini mask and leave it on for a few minutes. 3. Lightly pat the remaining essence onto the skin and close the lid tightly to keep the pads from drying out. *Cautions* For external use only. Do not get into eyes.",https://www.cosrx.com/cdn/shop/files/One-Step_Moisture_Pad_00_800x.webp?v=1774854127,https://www.cosrx.com/products/one-step-original-tone-clarifying-moisture-pad,,88,true,true,[],[],[],"[""skin_concerns"", ""volume""]","{""care_goals"": [], ""category"": [], ""skin_concerns"": [], ""skin_types"": []}",USD,,0.3.0,2026-09-15T06:43:36.619106+00:00,
113020170,Full Fit Propolis Nourishing Magnet Sheet Mask,COSRX,mask,6.99,USD,,"3 honey- derived to Nourishing, Moisturizing, Plumping! Enriched with propolis, royal Jelly, and honey extracts, this sheet mask provides nourishment and long-lasting hydration to the skin. Size : 1 ea","3 honey- derived to Nourishing, Moisturizing, Plumping! Enriched with propolis, royal Jelly, and honey extracts, this sheet mask provides nourishment and long-lasting hydration to the skin.","Water, Dipropylene Glycol, Glycereth-26m Glycerin, Butylene Glycol, 1,2-Hexanediol, Panthenol, Trehalose, Hexylene Glycol, Hydroxyacetophenone, Xanthan Gum, Propolis Extract, Royal Jelly Extract, Honey Extract, Disodium EDTA, Polyglyceryl-10 Myristate, Polyglyceryl-10 Laurate , Pimpinella Anisum(Anise) Fruit Extract, Vanilla Planifolia Fruit Extract, Camiellia Sinensis Leaf Extract, Rosa Centifolia Flower Water, Pyrus Communis (Pear) Fruit Extract, Cocos Nucifera (Coconut) Oil, Fragaria Chiloensis (Strawberry) Fruit Extract, Rosa Damascena Flower Water.","• 1,000 ppm each of the 3 honey-derived",[],[],"[""hydrate""]",sheet mask,"Apply this mask evenly on your face. After 15 to 20 minutes, remove the mask and gently pat to absorb the remaining essence. * For external use only. Do not get into eyes.",,https://www.cosrx.com/cdn/shop/files/full-fit-propolis-nourishing-magnet-sheet-mask-cosrx-official-1_800x.jpg?v=1724836038,https://www.cosrx.com/products/propolis-nourishing-magnet-sheet-mask,,74,true,true,[],[],[],"[""skin_types"", ""skin_concerns"", ""warnings"", ""volume""]","{""care_goals"": [], ""category"": [], ""skin_concerns"": [], ""skin_types"": []}",USD,,0.3.0,2026-09-15T06:43:54.705851+00:00,
113020141,Pure Fit Cica Calming True Sheet Mask,COSRX,mask,6.99,USD,,Quick & easy treatment for the entire face This soothing mask is formulated with Centella extracts to calm sensitive skin Size : 1 ea,,"Water, Butylene Glycol, Glycerin, Alcohol, Betaine, Centella Asiatica Extract, Xanthan Gum, Paeonia Suffruticosa RootExtract, 1,2-Hexanediol, Polyglyceryl-10 Laurate, Chamomilla Recutita (Matricaria) Flower Extract, Glyceryl Caprylate,Panthenol, Ethylhexylglycerin, Disodium EDTA, Eucalyptus Globulus Leaf Oil, Centella Asiatica Leaf Extract, Melaleuca Alternifolia (Tea Tree) Leaf Oil, Hydrogenated Phosphatidylcholine, Diethylhexyl Sodium Sulfosuccinate, Caprylic/Capric Triglyceride, Sucrose Stearate, Pantolactone, Dipropylene Glycol, Asiaticoside, Asiatic Acid, Madecassic Acid, Cholesterol, Madecassoside, Centella Asiatica Root Extract","• Pure Fit Cica-7 Complex : Soothes, regenerates, and restores sensitive skin","[""sensitive""]","[""sensitivity""]","[""soothe""]",sheet mask,"Apply this mask evenly on your face. After 15 to 20 minutes, remove the mask and gently pat to absorb the remaining essence. *For external use only. Do not get into eyes.",,https://www.cosrx.com/cdn/shop/files/pure-fit-cica-calming-true-sheet-mask-cosrx-official-1_800x.jpg?v=1724835917,https://www.cosrx.com/products/pure-fit-cica-calming-true-sheet-mask,,80,true,true,[],[],[],"[""benefits"", ""warnings"", ""volume""]","{""care_goals"": [], ""category"": [], ""skin_concerns"": [], ""skin_types"": []}",USD,,0.3.0,2026-09-15T06:43:58.019669+00:00,
113021298,Pure Fit Cica Creamy Foam Cleanser,COSRX,cleanser,18.0,USD,0.67floz,"Rich and luxurious foam for pleasant and satisfying cleanse A creamy foam cleanser with Pure Fit Cica-7 Complex to protect the skin while whisking away dirt and impurities, leaving the skin feeling fresh and clean. Size : 0.67 fl.oz / 20mL","Rich and luxurious foam for pleasant and satisfying cleanse A creamy foam cleanser with Pure Fit Cica-7 Complex to protect the skin while whisking away dirt and impurities, leaving the skin feeling fresh and clean.","Water, Glycerin, Myristic Acid, Palmitic Acid, Stearic Acid, Lauric Acid, Potassium Hydroxide, Glyceryl Stearate, 1,2-Hexanediol, Polyquaternium-7, Ethylhexylglycerin, Citrus Limon (Lemon) Fruit Extract, Citrus Nobilis (Mandarin Orange) Oil, Disodium EDTA, Butylene Glycol, Eucalyptus Globulus Leaf Oil, Lavandula Angustifolia (Lavender) Oil, Pinus Palustris Oil, Melia Azadirachta Leaf Extract, Melia Azadirachta Flower Extract, Sodium Benzoate, Coccinia Indica Fruit Extract, Amber Powder, Solanum Melongena (Eggplant) Fruit Extract, Ocimum Sanctum Leaf Extract, Curcuma Longa (Turmeric) Root Extract, Centella Asiatica Leaf Extract, Corallina Officinalis Extract, Moringa Oleifera Seed Oil, Hydrogenated Phosphatidylcholine, Caprylic/Capric Triglyceride, Sucrose Stearate, Centella Asiatica Extract, Cetearyl Alcohol, Centella Asiatica Root Extract, Asiatic Acid, Asiaticoside, Madecassic Acid, Madecassoside","• Pure Fit Cica - 7 Complex : Compound of 7 centella components specialized in protecting and soothing delicate, fragile skin • 91% natural","[""sensitive"", ""oily""]",[],"[""cleanse""]",foam,Squeeze proper amount onto damp hands and rub together to make rich foam. Gently massage the foam onto damp skin. Rinse thoroughly with warm water.,,https://www.cosrx.com/cdn/shop/files/pure-fit-cica-creamy-foam-cleanser-cosrx-official-1_800x.jpg?v=1724836245,https://www.cosrx.com/products/pure-fit-cica-creamy-foam-cleanser,,86,true,true,[],[],[],"[""skin_concerns"", ""warnings""]","{""care_goals"": [], ""category"": [], ""skin_concerns"": [], ""skin_types"": []}",USD,,0.3.0,2026-09-15T06:44:05.118424+00:00,
113020137,Refresh ABC Daily Toner (AHA BHA Vitamin C),COSRX,toner,28.0,USD,9.46floz,"Daily savior toner for dull skin owners ! Skin-revitalizing daily toner containing AHA, BHA, and Vitamin C that helps to improve the skin's texture and tone to leave dull skin refined and radiant. Absorbs immediately into the skin to leave it soft, smooth and prepped for the next skincare products to follow.","Skin-revitalizing daily toner containing AHA, BHA, and Vitamin C that helps to improve the skin's texture and tone to leave dull skin refined and radiant. Absorbs immediately into the skin to leave it soft, smooth and prepped for the next skincare products to follow.","Actinidia Chinensis (Kiwi) Fruit Extract, Hylocereus Undatus Fruit Extract, Salix Alba (Willow) Bark Water, Pyrus Malus (Apple) Fruit Water, Butylene Glycol, Niacinamide, 1,2-Hexanediol, Ethyl Hexanediol, Sodium Lactate, Water, Glycolic Acid, Allantoin, Panthenol, Adenosine, Betaine Salicylate, Ascorbyl Glucoside","• 62% COSRX GOLDEN-RX Complex : Utilizes fruit peels that are often discarded but are in fact more nutritious than the fruit itself (Pitahaya Extract, Kiwi Extract) • AHA (16% apple water) + BHA (17% white willow bark water) : Remove accumulated dead skin cells and vitamin C to revitalize tired skin","[""normal"", ""dry"", ""oily"", ""combination"", ""sensitive""]","[""dullness""]","[""cleanse""]",,"After cleansing, soak a cotton pad with the toner and gently wipe across the face avoiding the eye and mouth area. Gently pat the entire face for better absorption. * If using during the day, please be sure to apply sunscreen After cleansing, soak a cotton pad with the toner and gently wipe across the face avoiding the eye and mouth area. Gently pat the entire face for better absorption. * If using during the day, please be sure to apply sunscreen",,https://www.cosrx.com/cdn/shop/files/refresh-abc-daily-toner-aha-bha-vitamin-c-cosrx-official-1_800x.jpg?v=1724835175,https://www.cosrx.com/products/refresh-abc-daily-toner-aha-bha-vitamin-c,,94,true,true,[],[],[],"[""warnings"", ""texture""]","{""care_goals"": [], ""category"": [], ""skin_concerns"": [], ""skin_types"": []}",USD,,0.3.0,2026-09-15T06:44:06.788649+00:00,
113021257,The AHA BHA PHA LHA 35 Peel,COSRX,exfoliant,19.0,USD,30ml,"Immediate skin resurfacing in 10 minutes Dramatically smooths skin texture and clears congested pores with a powerful multi-acid blend. This professional formula gently exfoliates, minimizes pores, and reveals a more even, radiant complexion. Size: 30mL (1.01 fl.oz.)","Immediate skin resurfacing in 10 minutes Dramatically smooths skin texture and clears congested pores with a powerful multi-acid blend. This professional formula gently exfoliates, minimizes pores, and reveals a more even, radiant complexion.","Water, Glycolic Acid, Lactic Acid, Potassium Hydroxide, Gluconolactone, Mandelic Acid, Dipropylene Glycol, Panthenol, Salicylic Acid(2%), Methylpropanediol, 1,2-Hexanediol, Octyldodeceth-16, Citric Acid, Hydroxyethylcellulose, Pentylene Glycol, Sodium Polyacryloyldimethyl Taurate, Cyanocobalamin, Polyacrylate Crosspolymer-6, Hydroxypropyl Starch Phosphate, Ethylhexylglycerin, Capryloyl Salicylic Acid, Polysorbate 60, Disodium Phosphate, Sodium Phosphate, Tocopherol, Allantoin, Hydrolyzed Hyaluronic Acid","• 35% multi-acids : AHA, a water-soluble exfoliant with, rough&bumpy texture. Oil-soluble BHA penetrates pores to unclog, refine, and soothe. PHAs and LHAs are not only just a gentle exfoliator, these are also comfort moisturizers. • Vitamin-Trio : Vitamin B5, Vitamin B12, and Vitamin E reduce irritation that can be associated with acid use and added protection.","[""dry"", ""oily""]","[""large_pores""]","[""exfoliate""]",,"Use once a week/PM. Apply a generous amount to clean, dry skin, avoiding the eye area and lips. Leave on for no more than 10 minutes and then rinse off using lukewarm water. *Patch test is recommended before use Use once a week/PM. Apply a generous amount to clean, dry skin, avoiding the eye area and lips. Leave on for no more than 10 minutes and then rinse off using lukewarm water. *Patch test is recommended before use",,https://www.cosrx.com/cdn/shop/files/The_35peel_0_800x.webp?v=1724836979,https://www.cosrx.com/products/the-aha-bha-pha-lha-35-peel,,94,true,true,[],[],[],"[""warnings"", ""texture""]","{""care_goals"": [], ""category"": [], ""skin_concerns"": [], ""skin_types"": []}",USD,,0.3.0,2026-09-15T06:44:17.498428+00:00,
113021314,COSRX The Blue Peptide Bakuchiol Plump Bounce Cream,COSRX,mask,28.0,USD,50ml,"#CopperPeptide(GHK-Cu) #Bakuchiol #Anti-agingCream #Lightweight #Hydrating Lightweight yet deeply hydrating, this water-texture anti-aging cream absorbs instantly with no greasy residue. Powered by Copper Tripeptide-1 (GHK-Cu), Bakuchiol (a gentle retinol alternative), and Ceramides, it firms skin and strengthens the moisture barrier — no irritation, just plump, glass-like skin with a radiant glow. Key Ingredients: Copper Peptide 0.5% (5,000ppm) + Bakuchiol 0.05% (500ppm) Size: 50mL / 1.69 fl. oz.","CopperPeptide(GHK-Cu) #Bakuchiol #Anti-agingCream #Lightweight #Hydrating Lightweight yet deeply hydrating, this water-texture anti-aging cream absorbs instantly with no greasy residue. Powered by Copper Tripeptide-1 (GHK-Cu), Bakuchiol (a gentle retinol alternative), and Ceramides, it firms skin and strengthens the moisture barrier — no irritation, just plump, glass-like skin with a radiant glow.","AQUA/WATER, BUTYLENE GLYCOL, GLYCERIN, METHYL TRIMETHICONE, NIACINAMIDE, 1,2-HEXANEDIOL, CETEARYL ALCOHOL, SQUALANE, DIMETHICONE, CAPRYLYL METHICONE, COPPER TRIPEPTIDE-1 (GHK-Cu), CAPRYLIC/CAPRIC TRIGLYCERIDE, AMMONIUM ACRYLOYLDIMETHYLTAURATE/VP COPOLYMER, AMMONIUM ACRYLOYLDIMETHYLTAURATE/BEHENETH-25 METHACRYLATE CROSSPOLYMER, POLYACRYLATE CROSSPOLYMER-6, GLYCERYL STEARATE, C30-45 ALKYL CETEARYL DIMETHICONE CROSSPOLYMER, CETEARYL GLUCOSIDE, HYDROGENATED LECITHIN, GLYCERYL CAPRYLATE, ETHYLHEXYLGLYCERIN, STEARIC ACID, POLYGLYCERYL-3 METHYLGLUCOSE DISTEARATE, PALMITIC ACID, SODIUM GLUCONATE, BAKUCHIOL, ADENOSINE, MYRISTIC ACID, LAURIC ACID, CAPRYLYL GLYCOL, TOCOPHEROL, DIPEPTIDE DIAMINOBUTYROYL BENZYLAMIDE DIACETATE, ACETYL HEXAPEPTIDE-1, ACETYL HEPTAPEPTIDE-4, PANTHENOL, BETAINE, INOSITOL, ACETYL HEXAPEPTIDE-8, SODIUM HYDROXIDE, PROPANEDIOL, SYNTHETIC WAX, SODIUM HYALURONATE, ACETYL OCTAPEPTIDE-3, POLYGLYCERYL-10 STEARATE, HYDROLYZED HYALURONIC ACID, BETA-GLUCAN, SODIUM HYALURONATE CROSSPOLYMER, CERAMIDE NP, HYALURONIC ACID, CHOLESTEROL, HYDROLYZED COLLAGEN, SODIUM ACETYLATED HYALURONATE","• Copper Tripeptide-1 (GHK-Cu): A naturally blue-hued ingredient that helps support the look of skin resilience, while visibly improving the appearance of early signs of aging for a firmer-looking complexion. • Bakuchiol: A plant-derived active from Babchi, traditionally used in skincare for its conditioning properties. A gentle alternative to retinol that supports early signs of aging care — suitable for sensitive skin and retinol beginners. • 5 Multi-Peptide Complex : A blend of 5 peptides formulated to help visibly improve the look of skin firmness and texture through multiple pathways. • Niacinamide 2%: Helps visibly improve the appearance of uneven skin tone for a brighter-looking complexion.","[""sensitive"", ""oily""]","[""aging"", ""redness""]","[""cleanse"", ""hydrate"", ""brighten"", ""anti_aging""]",cream,"After cleansing and serum step, apply adequate amount on the face and spread the product from the inside out, avoiding the eye area. *","* 1. If irritation, redness, swelling, or itching occurs during or after use, discontinue and consult a dermatologist. 2. Avoid applying to broken or damaged skin. 3. Keep out of reach of children. Store away from direct sunlight. 4. As these are potent formulations, please avoid using them together with high-concentration Vitamin C products, including our Vitamin C 13 Serum & Vitamin C 23 Serum. We recommend using them at different times of the day (morning/evening) to help optimize absorption and maximize the benefits of each product. After cleansing and serum step, apply adequate amount on the face and spread the product from the inside out, avoiding the eye area. *Cautions* 1. If irritation, redness, swelling, or itching occurs during or after use, discontinue and consult a dermatologist. 2. Avoid applying to broken or damaged skin. 3. Keep out of reach of children. Store away from direct sunlight. 4. As these are potent formulations, please avoid using them together with high-concentration Vitamin C products, including our Vitamin C 13 Serum & Vitamin C 23 Serum. We recommend using them at different times of the day (morning/evening) to help optimize absorption and maximize the benefits of each product.",https://www.cosrx.com/cdn/shop/files/BluePeptide_Cream_00_800x.webp?v=1779876169,https://www.cosrx.com/products/the-blue-peptide-bakuchiol-plump-bounce-cream,,100,true,true,[],[],[],[],"{""care_goals"": [], ""category"": [], ""skin_concerns"": [], ""skin_types"": []}",USD,,0.3.0,2026-09-15T06:44:21.748071+00:00,
113021246,The Vitamin C 13 Serum,COSRX,serum,21.0,USD,20ml,"Use everyday like a daily vitamin C for your skin A gentle, water-based vitamin C serum that provides moisture and absorbs quickly without stickiness. Lighter and more refreshing than the Vitamin C 23 Serum, it can be used daily. Regular use will fade blemishes, dark spots, and freckles, while improving overall skin tone. Size : 20ml / 0.67fl. oz","Use everyday like a daily vitamin C for your skin A gentle, water-based vitamin C serum that provides moisture and absorbs quickly without stickiness.","Water, Ascorbic Acid(13%), Butylene Glycol, Dipropylene Glycol, Tromethamine, 3-0-Ethyl Ascorbic Acid, Panthenol, Acetyl Glucosamine, Caffeine, Sodium Hyaluronate, Sodium Sulfite, Disodium EDTA, Glutathione, Adenosine, Gardenia Florida Fruit Extract, Allantoin, Dextrin, Squalane, Tocotrienols, Tocopherol, Elaeis Guineensis (Palm) Oil, Arginine, Niacinamide, Pentylene Glycol, Glycyrrhiza Glabra (Licorice) Root Extract",• 13% Pure Vitamin C : Improves discoloration and uneven skin tone. 💡 Learn More about Vitamin C → • Tocotrienol(Super Vitamin E) : Boasts up to 50 times greater anti-oxidizing efficacy than Tocopherol. • Hyaluronic Acid and Allantoin : Provides moisture and relieves irritation.,[],"[""acne"", ""dark_spot""]","[""cleanse"", ""anti_acne""]",serum,"After cleansing, apply a few drops to the skin during the serum step. Using your fingertips, gently massage the serum into the skin, working from the center of the face outward until fully absorbed. /KEEP REFRIGERATED (3~10°C)/ *For best results, use immediately after purchase. Once opened, store upright in the refrigerator. *","* 1. For first use, attach the dropper included in the product package. 2. To preserve the active ingredients, we recommend using within 2 months of opening. 3. Can I use a highly concentrated serum only in the evening? No! This serum can be used both in the morning and evening. 4. If used in the morning, always follow with a sunscreen of SPF 30 or higher. 5. As this product contains a high concentration of Vitamin C, we recommend avoiding use alongside Copper Peptide products, including our Blue Peptide Serum & Cream. For best results, use them at different times of day (morning/evening) to optimize absorption and maximize the benefits of each product. After cleansing, apply a few drops to the skin during the serum step. Using your fingertips, gently massage the serum into the skin, working from the center of the face outward until fully absorbed. /KEEP REFRIGERATED (3~10°C)/ *For best results, use immediately after purchase. Once opened, store upright in the refrigerator. *Cautions* 1. For first use, attach the dropper included in the product package. 2. To preserve the active ingredients, we recommend using within 2 months of opening. 3. Can I use a highly concentrated serum only in the evening? No! This serum can be used both in the morning and evening. 4. If used in the morning, always follow with a sunscreen of SPF 30 or higher. 5. As this product contains a high concentration of Vitamin C, we recommend avoiding use alongside Copper Peptide products, including our Blue Peptide Serum & Cream. For best results, use them at different times of day (morning/evening) to optimize absorption and maximize the benefits of each product.",https://www.cosrx.com/cdn/shop/files/The_VitaminC13_00_800x.webp?v=1762850506,https://www.cosrx.com/products/the-vitamin-c-13-serum-%EB%B2%88%EB%93%A4,,90,true,true,[],[],[],"[""skin_types""]","{""care_goals"": [], ""category"": [], ""skin_concerns"": [], ""skin_types"": []}",USD,,0.3.0,2026-09-15T06:44:43.379833+00:00,
113020143,Hydrium Triple Hyaluronic Moisturizing Cleanser,COSRX,cleanser,18.0,USD,5.07floz,"Vitamin B5 and three types of hyaluronic acid work to lock-in hydration! First step foam cleanser, which creates a rich lather of cushion bubbles, that helps to create the perfect cleanse and provides a moist finish with the help of triple hyaluronic acids.","First step foam cleanser, which creates a rich lather of cushion bubbles, that helps to create the perfect cleanse and provides a moist finish with the help of triple hyaluronic acids.","Water, Glycerin, Stearic Acid, Myristic Acid, Lauric Acid, Potassium Hydroxide,Palmitic Acid, PotassiumCocoylGlycinate, Coco-Glucoside, Glyceryl Stearate,Fragrance(Parfum), Polyquaternium-7, Acrylates/C10-30 Alkyl AcrylateCrosspolymer, SodiumCocoylIsethionate, Arachidic Acid, Disodium EDTA, 1,2-Hexanediol, Oleic Acid, Sodium Benzoate,QuillajaSaponaria Bark Extract, CitricAcid, Butylene Glycol, Panthenol, Hyaluronic Acid,Ethylhexylglycerin, Hydrolyzed Hyaluronic Acid, Sodium Hyaluronate","• Triple hyaluronic acid : consists of Hyaluronic Acid, Hydrolyzed Hyaluronic Acid, Sodium Hyaluronate. increasing its elasticity, keeping it hydrated and soft • Panthenol : keeping moist","[""normal"", ""dry"", ""oily"", ""combination"", ""sensitive""]",[],"[""cleanse"", ""hydrate""]",foam,Gently massage the cleanser on wet skin. Rinse thoroughly with warm water.,,https://www.cosrx.com/cdn/shop/files/hydrium-triple-hyaluronic-moisturizing-cleanser-cosrx-official-1_800x.jpg?v=1724836058,https://www.cosrx.com/products/triple-hyaluronic-moisturizing-cleanser,,86,true,true,[],[],[],"[""skin_concerns"", ""warnings""]","{""care_goals"": [], ""category"": [], ""skin_concerns"": [], ""skin_types"": []}",USD,,0.3.0,2026-09-15T06:44:47.819288+00:00,
113020142,Hydrium Triple Hyaluronic Water Wave Sheet Mask,COSRX,mask,6.99,USD,,"Hydrating, Moisturizing, Refreshing, Eco-friendly Formulated with triple hyaluronic acid to deliver the ultimate hydration",,"Water, Butylene Glycol, Alcohol, Panthenol, Betaine, 1,2-Hexanediol, Paeonia Suffruticosa Root Extract, Centella, Asiatica Extract, Polyglyceryl-10 Laurate, Chamomilla Recutita (Matricaria) Flower Extract, Glyceryl Caprylate, Arginine, Xanthan Gum, Carbomer, Sodium Hyaluronate, Ethylhexylglycerin, Disodium EDTA, Pantolactone, Eucalyptus Globulus Leaf Oil, Hydrolyzed Hyaluronic Acid, Diethylhexyl Sodium Sulfosuccinate, Dipropylene Glycol, Sodium Acetylated, Hyaluronate","• Triple hyaluronic acid, Panthenol : Keep moist","[""normal"", ""dry"", ""oily"", ""combination"", ""sensitive""]",[],"[""hydrate""]",sheet mask,"Apply this mask evenly on your face. After 15 to 20 minutes, remove the mask and gently pat to absorb the remaining essence. *For external use only. Do not get into eyes.",,https://www.cosrx.com/cdn/shop/files/hydrium-triple-hyaluronic-water-wave-sheet-mask-cosrx-official-1_800x.jpg?v=1724836079,https://www.cosrx.com/products/triple-hyaluronic-water-wave-sheet-mask,,70,true,true,[],[],[],"[""benefits"", ""skin_concerns"", ""warnings"", ""volume""]","{""care_goals"": [], ""category"": [], ""skin_concerns"": [], ""skin_types"": []}",USD,,0.3.0,2026-09-15T06:44:49.471644+00:00,
113020119,Two in One Poreless Power Liquid,COSRX,toner,25.0,USD,,"Daily pore tightener, skin cooler!Two in one, skin-smoothing essence-toner that visibly tightens and reduces the look of pores.",,"Salix Alba (Willow) Bark Water, Butylene Glycol, Hydroxypropyl Cyclodextrin, Water, Pentylene Glycol, 1,2-Hexanediol, Betaine Salicylate, Arginine, Betaine, PEG-60 Hydrogenated Castor Oil, Allantoin, Panthenol, Ethylhexylglycerin, Sodium Hyaluronate, Carbomer, Cassia Obtusifolia Seed Extract, Menthyl Lactate, Mentha Haplocalix Extract",• 88% White Willow Bark Water : Improve skin texture with natural BHA • 0.1% Betaine salicylate : Remove excess sebum,[],"[""large_pores""]","[""cleanse""]",liquid,Use with cotton pad and wipe off face avoiding lip and eye area. Use it right after cleansing your face. *multipurpose /Toner/ [Moring Skincare routine] Makes your skin smooth which is perfect prep stage for make up. /Toner sheet mask/ [Night Skincare routine] Soak the cotton pads and use as toner sheet mask for 5 - 10 minutes especially where your biggest pores are and when you feel excessive sebum on your face. Use with cotton pad and wipe off face avoiding lip and eye area. Use it right after cleansing your face. *multipurpose /Toner/ [Moring Skincare routine] Makes your skin smooth which is perfect prep stage for make up. /Toner sheet mask/ [Night Skincare routine] Soak the cotton pads and use as toner sheet mask for 5 - 10 minutes especially where your biggest pores are and when you feel excessive sebum on your face.,,https://www.cosrx.com/cdn/shop/files/two-in-one-poreless-power-liquid-cosrx-official-1_800x.jpg?v=1724835162,https://www.cosrx.com/products/two-in-one-poreless-power-liquid,,70,true,true,[],[],[],"[""benefits"", ""skin_types"", ""warnings"", ""volume""]","{""care_goals"": [], ""category"": [], ""skin_concerns"": [], ""skin_types"": []}",USD,,0.3.0,2026-09-15T06:44:50.895813+00:00,
113020116,Ultimate Nourishing Rice Overnight Spa Mask,COSRX,mask,18.0,USD,60ml,"Size : 60ml / 2.02 fl. oz Wake up in the morning as if you've just stepped out of a spa!Enriched with over 68% Rice Extract, this overnight cream-type mask provides intensive nourishment and deep moisturization, leaving your skin brighter, softer, and glowing.",,"Water, Butylene Glycol, Helianthus Annuus (Sunflower) Seed Oil, Glycerin, Niacinamide, Betaine, Cetearyl Olivate, 1,2-Hexanediol, Dimethicone, Sorbitan Olivate, Oryza Sativa (Rice) Extract, Elaeis Guineensis (Palm) Kernel Oil, Cetearyl Alcohol, Ethylhexylglycerin, Hydroxyethyl Acrylate/Sodium Acryloyldimethyl Taurate Copolymer, Ethyl Hexanediol, Elaeis Guineensis (Palm) Oil, Carbomer, Arginine, Xanthan Gum, Allantoin, Sorbitan Isostearate, Polysorbate 60, Tocopherol",• 68.9% Rice extract : A well-known natural ingredient in Asia for toning and softening the skin,"[""sensitive""]",[],"[""hydrate"", ""brighten""]",cream,"Complete your daily skin care routine. Dispense a pea-size amount of COSRX Ultimate Nourishing Rice Overnight Spa Mask. At the last step, apply COSRX Ultimate Nourishing Rice Overnight Spa Mask all over the skin. Massage the product into the skin for better absorption.",,https://www.cosrx.com/cdn/shop/files/ultimate-nourishing-rice-overnight-spa-mask-cosrx-official-1_800x.jpg?v=1724836096,https://www.cosrx.com/products/ultimate-nourishing-rice-overnight-spa-mask,,72,true,true,[],[],[],"[""benefits"", ""skin_concerns"", ""warnings""]","{""care_goals"": [], ""category"": [], ""skin_concerns"": [], ""skin_types"": []}",USD,,0.3.0,2026-09-15T06:44:52.723525+00:00,
113020949,Vitamin E Vitalizing Sunscreen SPF 50+,COSRX,sunscreen,23.0,USD,50ml,"Lightweight Vitamin E Sunscreen for All Skin Tones This broad-spectrum SPF 50+ sunscreen protects against UV damage while hydrating with vitamin E, cocoa, and cotton seed extracts. The non-greasy, no white-cast finish layers seamlessly under makeup and flatters all skin tones, leaving skin smooth, balanced, and protected all day. Size : 50mL / 1.69 fl. Oz","Concern Suitable Key Benefit Key Ingredient UV damage & aging Yes Broad-spectrum antioxidant care Vitamin E (Tocopherol) Oil & shine control Yes Matte finish, oil balance Silica, Cotton extract White-cast free wear Yes Clear finish for all tones Chemical UV filters Dryness & loss of vitality Yes Hydrates and revitalizes skin Cocoa extract, Glycerin","Watet / Aqua / Eau, Propanediol, Homosalate, Octocrylene, Ethylhexyl Salicylate(Octisalate), Butyloctyl Salicylate, Butyl Methoxydibenzoylmethane(Avobenzone), Diphenylsiloxy phenyl trimethicone, Dimethicone, VP/Eicosene copolymer, Silica, Trisiloxane, Cyclopentasiloxane, Trimethylsiloxysilicate, 1,2-Hexanediol, Behenyl alcohol, Glyceryl stearate, PEG-100 stearate, C14-22 alcohols, Cetyl alcohol, Potassium cetyl phosphate, Polyacrylate-13, Polyisobutene, Fragrance / Parfum, C12-20 Alkyl glucoside, Butylene glycol, Disodium EDTA, Ethylhexylglycerin, Polysorbate 20, Sorbitan isostearate, Dextrin, Theobroma cacao (cocoa) extract, Gossypium herbaceum (cotton) extract, Glucose, Tocopherol",,"[""normal"", ""dry"", ""oily"", ""combination"", ""sensitive""]","[""dryness"", ""aging""]","[""hydrate"", ""sun_protection""]",,"At the last step of skincare, apply evenly over face and neck. Pat lightly for a smooth finish. Continue with your regular makeup routine. Continue with your makeup routine during the day or follow with a mask at night. At the last step of skincare, apply evenly over face and neck. Pat lightly for a smooth finish. Continue with your regular makeup routine. Continue with your makeup routine during the day or follow with a mask at night.",,https://www.cosrx.com/cdn/shop/files/VitaminE_SunScreen_00_800x.jpg?v=1778562098,https://www.cosrx.com/products/vitamin-e-vitalizing-sunscreen-spf-50,,84,true,true,[],[],[],"[""key_ingredients"", ""warnings"", ""texture""]","{""care_goals"": [], ""category"": [], ""skin_concerns"": [], ""skin_types"": []}",USD,,0.3.0,2026-09-15T06:44:55.521440+00:00,
113021260,5 Peptide B5 Sensitive Repair Salve Lip Balm,COSRX,lip_care,15.0,USD,12g,"#5PeptideB5 #BarrierRepair #Soothing #SensitiveLips #Salve A gentle lip balm with 5 peptides and 5% panthenol (B5) in a rich salve formula that helps soothe dry, sensitive lips and support the skin's moisture barrier for soft, hydrated, healthy-looking lips. Key Ingredients: 5 Peptide Complex + Pantenol (Vitamin B5) 5% + Shea Butter 10% Size: 12g / 0.42 oz.","5PeptideB5 #BarrierRepair #Soothing #SensitiveLips #Salve A gentle lip balm with 5 peptides and 5% panthenol (B5) in a rich salve formula that helps soothe dry, sensitive lips and support the skin's moisture barrier for soft, hydrated, healthy-looking lips.","CAPRYLIC/CAPRIC TRIGLYCERIDE, PEG-5 PENTAERYTHRITYL ETHER, PPG-5 PENTAERYTHRITYL ETHER, MICROCRYSTALLINE WAX / CERA MICROCRISTALLINA / CIRE MICROCRISTALLINE, BUTYROSPERMUM PARKII (SHEA) BUTTER, HYDROGENATED VEGETABLE OIL, PANTHENOL, SILICA DIMETHYL SILYLATE, GLYCINE SOJA (SOYBEAN) STEROLS, WATER / AQUA / EAU, SYNTHETIC WAX, XYLITOL, TOCOPHERYL ACETATE, ALLANTOIN, LECITHIN, ETHYLHEXYL PALMITATE, MADECASSOSIDE, TRIBEHENIN, HYALURONIC ACID, SQUALANE, SORBITAN ISOSTEARATE, GLUCONOLACTONE, GLYCERIN, LACTIC ACID, PROPANEDIOL, 1,2-HEXANEDIOL, PALMITOYL TRIPEPTIDE-1, BETA-GLUCAN, ORYZA SATIVA (RICE) BRAN EXTRACT, ETHYLHEXYLGLYCERIN, SODIUM PHYTATE, SODIUM DNA, ACETYL HEXAPEPTIDE-8, SOLUBLE COLLAGEN, TRIPEPTIDE-1, PALMITOYL TETRAPEPTIDE-7, PALMITOYL HEXAPEPTIDE-12","• 5 Peptide Complex: A powerful blend of 5 peptides that works together to firm, smooth, and revitalize lips — targeting volume, elasticity, texture, and hydration for visibly healthier-looking lips. • Panthenol (B5) 5%: A high concentration of this pro-vitamin B5 that soothes and protects sensitive, dry lips, easing irritation and supporting a calmer lip barrier. • Shea Butter 10%: A rich concentration that forms a nourishing moisture seal on the lips, keeping them soft and comfortable for longer.",[],[],"[""hydrate"", ""repair"", ""soothe""]",balm,"Apply to dry, sensitive lips as often as needed throughout the day. *","* 1. If abnormal symptoms or side effects such as redness, swelling, or itching occur on the applied area due to direct sunlight during or after use, consult a dermatologist or specialist. 2. Avoid use on areas with wounds or damaged skin. 3. Storage and handling precautions a) Keep out of reach of children. b) Store away from direct sunlight. Apply to dry, sensitive lips as often as needed throughout the day. *Cautions* 1. If abnormal symptoms or side effects such as redness, swelling, or itching occur on the applied area due to direct sunlight during or after use, consult a dermatologist or specialist. 2. Avoid use on areas with wounds or damaged skin. 3. Storage and handling precautions a) Keep out of reach of children. b) Store away from direct sunlight.",https://www.cosrx.com/cdn/shop/files/00-2_800x.webp?v=1788410435,https://www.cosrx.com/products/5-peptide-b5-sensitive-repair-salve-lip-balm,,80,true,true,[],[],[],"[""skin_types"", ""skin_concerns""]","{""care_goals"": [], ""category"": [], ""skin_concerns"": [], ""skin_types"": []}",USD,,0.3.0,2026-09-15T06:45:47.859711+00:00,
