sku,name,brand_normalized,category_normalized,price,currency,volume,description,benefits,inci_ingredients,key_ingredients,skin_types,skin_concerns,care_goals,texture,usage_instruction,warnings,image_url,source_url,verified_at,_processing.quality_score,_processing.production_candidate,_processing.ai_ready,_processing.validation_errors,_processing.validation_warnings,_processing.rejection_reasons,_processing.missing_fields,_processing.unmapped_values,_processing.source_currency,_brand_slug,_processing.last_verified_at,_processing.pipeline_version,_processing.retrieved_at,_processing.verified_at_candidate
113021169,AC Collection Acne Patch,COSRX,mask,8.99,USD,,"Cover, Calm, Make invisible!3 different sizes of oval shaped patches, highly adhesive acne patch suitable for covering several adjacent acne spots at once. Quantity : 26ea","Cover, Calm, Make invisible!3 different sizes of oval shaped patches, highly adhesive acne patch suitable for covering several adjacent acne spots at once.","Carboxymethylcellulose sodium, Polyisobutene, Rosin, Polybutene, Mineral oil, Centella Asiatica Extract, Polyuethane film","• Hydrocolloid : Absorbs discharge, maintains humidity to prevent further breakouts","[""sensitive"", ""dry""]","[""acne""]","[""cleanse"", ""anti_acne"", ""soothe"", ""exfoliate""]",patch,Cleanse the area around the troubled spot. Use after an exfoliator or before toner. Select a bigger size patch than the spot. Attach the patch on dry skin.,,https://www.cosrx.com/cdn/shop/files/ac-collection-acne-patch-cosrx-official-1_800x.jpg?v=1724835837,https://www.cosrx.com/products/ac-collection-acne-patch,,94,true,true,[],[],[],"[""warnings"", ""volume""]","{""care_goals"": [], ""category"": [], ""skin_concerns"": [], ""skin_types"": []}",USD,cosrx,,0.3.0,2026-09-15T06:33:33.268855+00:00,
113020155,AC Collection Blemish Care Sheet Mask,COSRX,mask,6.99,USD,,Say goodbye to traces of skin trouble! Fine-quality sheet mask with tea tree extracts and ectoin that helps to treat unwanted skin trouble and erase the traces of acne Size : 1 ea,Fine-quality sheet mask with tea tree extracts and ectoin that helps to treat unwanted skin trouble and erase the traces of acne Size : 1 ea,"Water, Butylene Glycol, Glycerin, Propanediol, Niacinamide, Melaleuca Alternifolia (Tea Tree) Leaf Extract, 1,2-Hexanediol, Hexylene Glycol, Hydroxyacetophenone, Hydroxyethylcellulose, Arginine, Allantoin, Acrylates/C10-30 Alkyl Acrylate Crosspolymer, Dipotassium Glycyrrhizate, Xanthan Gum, Disodium EDTA, Polyglyceryl-10 Myristate, Polyglyceryl-10 Laurate, Melaleuca Alternifolia (Tea Tree) Leaf Oil, Caprylic/Capric Triglyceride, Ectoin, Arbutin, Asiaticoside, Dextrin, Asiatic Acid, Madecassic Acid","• Tea tree leaf extract 9,000 ppm : Soothes sensitive skin and attracts moisture immediately","[""sensitive""]","[""acne""]","[""anti_acne""]",sheet mask,"Apply this mask evenly on your face. After 15 to 20 minutes, remove the mask and gently pat to absorb the remaining essence. *For external use only. Do not get into eyes.",,https://www.cosrx.com/cdn/shop/files/ac-collection-blemish-care-sheet-mask-cosrx-official-1_800x.jpg?v=1724836188,https://www.cosrx.com/products/ac-collection-blemish-care-sheet-mask,,94,true,true,[],[],[],"[""warnings"", ""volume""]","{""care_goals"": [], ""category"": [], ""skin_concerns"": [], ""skin_types"": []}",USD,cosrx,,0.3.0,2026-09-15T06:33:36.508117+00:00,
113020144,AC Collection Calming Foam Cleanser,COSRX,cleanser,15.0,USD,50ml,"Visibly clearer skin & never stripped!Smart, daily acne cleanser that provides both freshness and moisture with gentle foam. Size : 50ml (1.69 fl. oz), 150ml (5.07 fl. oz)","Visibly clearer skin & never stripped!Smart, daily acne cleanser that provides both freshness and moisture with gentle foam.","Water, Glycerin, Stearic Acid, Myristic Acid, PEG-32, Potassium Hydroxide, Palmitic Acid, Lauric Acid, Glyceryl Stearate, PEG-100 Stearate, Lauramide DEA, Cocamidopropyl Betaine, Potassium Cocoate, Salicylic Acid, Sodium Chloride, Arachidic Acid, Lavandula Hybrida Oil, Linalool, Disodium EDTA, Oleic Acid, Limonene, Asiaticoside, Asiatic Acid, Madecassic Acid",• Centella AC-RX : Treating acne & helping revitalize and recover the skin (Include three legendary healing,"[""sensitive"", ""combination""]","[""acne""]","[""cleanse"", ""anti_acne"", ""soothe""]",foam,Squeeze a proper amount onto your hand. Gently foam up and massage on wet skin. Rinse with tepid water.,,https://www.cosrx.com/cdn/shop/files/ac-collection-calming-foam-cleanser-cosrx-official-1_800x.jpg?v=1724835747,https://www.cosrx.com/products/ac-collection-calming-foam-cleanser,,96,true,true,[],[],[],"[""warnings""]","{""care_goals"": [], ""category"": [], ""skin_concerns"": [], ""skin_types"": []}",USD,cosrx,,0.3.0,2026-09-15T06:33:38.026126+00:00,
113020146,AC Collection Calming Liquid Intensive,COSRX,serum,26.0,USD,4.22floz,"Total & Intensive acne solution from purifying to recovering An intensive, fast-action liquid that refreshes and purifies acne skin. Cooling, Clearing care for troubled skin. *with alcohol derived from plants","Total & Intensive acne solution from purifying to recovering An intensive, fast-action liquid that refreshes and purifies acne skin.","Propolis Extract, Butylene Glycol, 1,2-Hexanediol, Ethyl Hexanediol, Asiaticoside, Asiatic Acid Madecassic Acid, Cassia Obtusifolia Seed Extract, Butylene Glycol, 1,2-Hexanediol, Hydroxyethylcellulose Panthenol, Butylene Glycol, Betaine, Dimethyl Sulfone, Betaine Salicylate, Zinc PCA, Polysorbate 20 Allantoin, Sodium Lactate, Water, Lactic Acid, Alcohol, Glycolic Acid, Sodium Hyaluronate, Melaleuca Alternifolia (Tea Tree) Leaf Oil, Polysorbate 60","Propolis extract 60%, BHA 0.9%, AHA 1.5%, CentellAC-RX (Moisturizing, sebum, exfoliating, soothing)",[],"[""acne""]","[""anti_acne"", ""soothe""]",liquid,1. Soak the cotton pads and gently sweep over face avoiding the eye area. 2. Gently pat and absorb the rest of the liquid on to the skin.,,https://www.cosrx.com/cdn/shop/files/ac-collection-calming-liquid-intensive-cosrx-official-1_800x.jpg?v=1724836888,https://www.cosrx.com/products/ac-collection-calming-liquid-intensive,,86,true,true,[],[],[],"[""skin_types"", ""warnings""]","{""care_goals"": [], ""category"": [], ""skin_concerns"": [], ""skin_types"": []}",USD,cosrx,,0.3.0,2026-09-15T06:33:39.470286+00:00,
113020145,AC Collection Calming Liquid Mild,COSRX,serum,26.0,USD,4.22floz,"Exfoliation, sebum care, and skin soothing all-in-one protection! A soothing essence with effective ingredients to quickly relieve mild acne for daily use.","Exfoliation, sebum care, and skin soothing all-in-one protection! A soothing essence with effective","Camellia Sinensis Leaf Water, Butylene Glycol, Dimethyl Sulfone, Betaine, 1,2-Hexanediol, Betaine Salicylate, Gluconolactone, Polyglyceryl-10 Laurate, Polyglyceryl-10 Myristate, Glycerin, Panthenol, Allantoin, Arginine, Sodium Hyaluronate, Melaleuca Alternifolia (Tea Tree) Leaf Oil , Asiaticoside, Asiatic Acid, Madecassic Acid","Green tea water 85.6%, BHA 0.2%, PHA 0.2%, CentellAC-RX (Soothing, sebum, dead skin care)","[""sensitive""]","[""acne""]","[""anti_acne"", ""soothe"", ""exfoliate""]",liquid,1. Soak the cotton pads and gently sweep over the face avoiding the eye area. 2. Gently pat and absorb the rest of the liquid.,,https://www.cosrx.com/cdn/shop/files/ac-collection-calming-liquid-mild-cosrx-official-1_800x.jpg?v=1724836561,https://www.cosrx.com/products/ac-collection-calming-liquid-mild,,96,true,true,[],[],[],"[""warnings""]","{""care_goals"": [], ""category"": [], ""skin_concerns"": [], ""skin_types"": []}",USD,cosrx,,0.3.0,2026-09-15T06:33:41.113857+00:00,
113020107,Acne Pimple Master Patch,COSRX,mask,6.99,USD,,"Quick acne healing overnight Hydrocolloid patches that protect wounded or troubled area from getting worse while maintaining humidity of skin to prevent further breakouts. Quantity : 24patches (9 Large Dots, 5 Medium Dots, 10 Small Dots) / 1 ea",Quick acne healing overnight Hydrocolloid patches that protect wounded or troubled area from getting worse while maintaining humidity of skin to prevent further breakouts.,"Petroleum Resin, Cellulose Gum, Styrene Isoprene Styrene Block Copolymer, Polyurethane Film, Polyisobutylene, Liquid Paraffin, Tetrakismethane","Hydrocolloid : absorbs discharge, maintains humidity to prevent further breakouts","[""normal"", ""dry"", ""oily"", ""combination"", ""sensitive""]","[""acne""]","[""cleanse"", ""anti_acne""]",patch,Cleanse the area around the problem spot. Select a bigger size patch than the problem spot and attach the patch to the spot.,,https://www.cosrx.com/cdn/shop/files/acne-pimple-master-patch-cosrx-official-1_800x.jpg?v=1724835736,https://www.cosrx.com/products/acne-pimple-master-patch,,94,true,true,[],[],[],"[""warnings"", ""volume""]","{""care_goals"": [], ""category"": [], ""skin_concerns"": [], ""skin_types"": []}",USD,cosrx,,0.3.0,2026-09-15T06:33:49.373318+00:00,
113020475,Acne Pimple Master Patch Original Fit 4SET (96 Patches),COSRX,mask,16.0,USD,,"Quick acne healing overnight with a protective hydrocolloid patch Hydrocolloid patches that protect wounded or troubled areas from worsening while maintaining skin humidity to prevent further breakouts. Quantity : 24patches (9 Large Patches, 5 Medium Patches, 10 Small Patches) *4 ea",Quick acne healing overnight with a protective hydrocolloid patch Hydrocolloid patches that protect wounded or troubled areas from worsening while maintaining skin humidity to prevent further breakouts.,"Petroleum Resin, Cellulose Gum, Styrene Isoprene Styrene Block Copolymer, Polyurethane Film, Polyisobutylene, Liquid Paraffin, Tetrakismethane","Hydrocolloid : absorbs discharge, maintains humidity to prevent further breakouts","[""normal"", ""dry"", ""oily"", ""combination"", ""sensitive""]","[""acne""]","[""cleanse"", ""anti_acne""]",patch,Cleanse the area around the problem spot. Select a bigger size patch than the problem spot and attach the patch to the spot.,,https://www.cosrx.com/cdn/shop/files/Acne_pimple_patch_00_800x.webp?v=1761012126,https://www.cosrx.com/products/acne-pimple-master-patch-original-fit,,94,true,true,[],[],[],"[""warnings"", ""volume""]","{""care_goals"": [], ""category"": [], ""skin_concerns"": [], ""skin_types"": []}",USD,cosrx,,0.3.0,2026-09-15T06:33:51.220952+00:00,
113020301,Advanced Snail 92 All in One Cream,COSRX,moisturizer,26.0,USD,50g,"K-Beauty Favorite Cream for Boosting Elasticity The Advanced Snail 92 All In One Cream by COSRX helps repair stressed skin barriers and boost elasticity with 92% snail mucin. Designed for all skin types, especially sensitive or dry skin, it delivers deep hydration and nourishment without heaviness, leaving the skin smooth, resilient, and glowing with a ""Glass Skin"" finish. Type : Tube, Jar Size : 50g (1.76 oz), 100g (3.52 oz), 200g (7.05 oz)(Discontinued)","Concern Suitable Key Benefit Key Ingredient Redness & irritation Yes Soothes and calms skin Snail Mucin 92% Dryness & dullness Yes Deep hydration, fresh glow Sodium Hyaluronate Rough texture Yes Smooths and softens Snail Filtrate, Betaine Weakened barrier Yes Replenishes moisture barrier Snail Filtrate","Snail Secretion Filtrate, Betaine, Caprylic/Capric Triglyceride, Butylene Glycol, Cetearyl Olivate, Sorbitan Olivate, Cetearyl Alcohol, Carbomer, Ethyl Hexanediol, Phenoxyethanol, Arginine, Dimethicone, Sodium Polyacrylate, Sodium Hyaluronate, Allantoin, Palmitic Acid, Panthenol, Xanthan Gum, Stearic acid, Adenosine, Water, Myristic Acid",,"[""normal"", ""dry"", ""oily"", ""combination"", ""sensitive""]","[""acne"", ""dryness"", ""redness"", ""dullness"", ""uneven_texture""]","[""cleanse"", ""hydrate"", ""brighten"", ""anti_acne"", ""anti_aging"", ""repair"", ""soothe""]",cream,"After cleansing and toning, apply a small amount evenly over the face. Gently pat to aid absorption. Follow with sunscreen and your makeup routine in the morning or use a mask for your nighttime routine. After cleansing and toning, apply a small amount evenly over the face. Gently pat to aid absorption. Follow with sunscreen and your makeup routine in the morning or use a mask for your nighttime routine.",,https://www.cosrx.com/cdn/shop/files/snail_cream_thumbnail_800x.png?v=1748420673,https://www.cosrx.com/products/advanced-snail-92-all-in-one-cream,,86,true,true,[],[],[],"[""key_ingredients"", ""warnings""]","{""care_goals"": [], ""category"": [], ""skin_concerns"": [], ""skin_types"": []}",USD,cosrx,,0.3.0,2026-09-15T06:33:52.814841+00:00,
113020114,Advanced Snail 96 Mucin Power Essence,COSRX,serum,25.0,USD,3.38floz,"K-Beauty Favorite Essence for Glass Skin The New York Post Most Wanted 2024 Award winning Advanced Snail 96 Mucin Power Essence by COSRX helps strengthen the skin barrier using 96% snail mucin. It’s designed for all skin types, especially sensitive or post-acne skin, offering deep hydration, improved texture without irritation and “Glass Skin” like glow.","Concern Suitable Key Benefit Key Ingredient Stressed skin barrier Yes Strengthens skin barrier Snail Mucin 96% Post-breakout marks Yes Helps improve the looks of spots and evens skin tone Allantoin, Panthenol Dryness and dullness Yes Deeply hydrates and locks in moisture Sodium Hyaluronate Uneven texture Yes Smooths and refines skin Snail Secretion Filtrate, Betaine Sensitivity Yes Soothes and defends skin Panthenol, Allantoin","Snail Secretion Filtrate, Betaine, Butylene Glycol, 1,2-Hexanediol, Sodium Polyacrylate, Phenoxyethanol, Sodium Hyaluronate, Allantoin, Ethyl Hexanediol, Carbomer, Panthenol, Arginine, Aqua/Water",,"[""normal"", ""dry"", ""oily"", ""combination"", ""sensitive""]","[""acne"", ""dryness"", ""redness"", ""dullness"", ""uneven_texture"", ""sensitivity""]","[""cleanse"", ""hydrate"", ""brighten"", ""anti_acne"", ""repair"", ""soothe""]",essence,"After cleansing and toning, apply a small amount to the entire face. Gently pat with fingertips to aid absorption. Follow with a moisturizer. Continue with your makeup routine during the day or follow with a mask at night. After cleansing and toning, apply a small amount to the entire face. Gently pat with fingertips to aid absorption. Follow with a moisturizer. Continue with your makeup routine during the day or follow with a mask at night.",,https://www.cosrx.com/cdn/shop/files/james_800x1067_1_1_4e9750cc-2cd6-4817-ace5-be2305a85806_800x.jpg?v=1763111577,https://www.cosrx.com/products/advanced-snail-96-mucin-power-essence,,86,true,true,[],[],[],"[""key_ingredients"", ""warnings""]","{""care_goals"": [], ""category"": [], ""skin_concerns"": [], ""skin_types"": []}",USD,cosrx,,0.3.0,2026-09-15T06:33:54.817912+00:00,
113020290,Advanced Snail Mucin Gel Cleanser,COSRX,cleanser,18.0,USD,5.07floz,Smoothest lather supercharged with Snail Mucin! Specially formulated gel cleanser enriched with skin beneficial ingredients including snail mucin to hydrate and protect the skin.,,"Water, Acrylates Copolymer, Butylene Glycol, Glycerin, Disodium Laureth Sulfosuccinate, Sodium Cocoyl Isethionate, 1,2-Hexanediol, Coco-Glucoside, Lauryl Betaine, Snail Secretion Filtrate, Arginine, Tromethamine, Potassium Cocoyl Glycinate, Fragrance, Carbomer, Sodium Chloride, Ethylhexylglycerin, Acrylates/C10-30 Alkyl Acrylate Crosspolymer, Sodium Polyacrylate, Disodium EDTA","• Snail mucus filtrate 10,000ppm : Protects skin from stripping by allowing moisturization and restoring the skin while removing impurities","[""sensitive""]","[""acne""]","[""cleanse"", ""hydrate"", ""anti_acne""]",gel,Wet your face and lather a pea sized amount of cleanser between your palms. Massage the foam into your skin from forehead to jaw. Rinse thoroughly with warm water.,,https://www.cosrx.com/cdn/shop/files/advanced-snail-mucin-gel-cleanser-cosrx-official-1_800x.png?v=1724835788,https://www.cosrx.com/products/advanced-snail-mucin-gel-cleanser,,82,true,true,[],[],[],"[""benefits"", ""warnings""]","{""care_goals"": [], ""category"": [], ""skin_concerns"": [], ""skin_types"": []}",USD,cosrx,,0.3.0,2026-09-15T06:33:58.465289+00:00,
113020188,Master Patch Basic [90ea],COSRX,mask,25.0,USD,,"The Original Acne Patch, Just Better What it is: Comfortable spot treatment to solve your unplanned breakouts. Master Patch Basic works for any acne, any skin. Size: 12mm Patches (90ea) WHY IT'S SPECIAL: The Original Acne Patch, Just Better 100% High quality hydrocolloid suitable for all skin types. Cut lines for easy application. Patch instead of pop! Apply on to your acne, instead of popping, to resolve the pimple quickly with no scars. Perfect for day and night 12mm round spot to blend into the skin naturally and comfortably for day and night use.","The Original Acne Patch, Just Better 100% High quality hydrocolloid suitable for all skin types. Cut lines for easy application. Patch instead of pop! Apply on to your acne, instead of popping, to resolve the pimple quickly with no scars. Perfect for day and night 12mm round spot to blend into the skin naturally and comfortably for day and night use.","Cellulose Gum, Hydrogenated Poly(C6-20 Olefin), Polyisobutene, Styrene/Isoprene Copolymer Full Ingredients × Full Ingredients Full Ingredients × Full Ingredients × Full Ingredients",,"[""normal"", ""dry"", ""oily"", ""combination"", ""sensitive""]","[""acne""]","[""cleanse"", ""anti_acne"", ""soothe""]",patch,"After cleansing, dry the problematic spot. Stick it on gently and let it heal. Goodbye pimple!",,https://www.cosrx.com/cdn/shop/files/master-patch-basic-90ea-cosrx-official-1_800x.jpg?v=1724836465,https://www.cosrx.com/products/master-patch-basic-90-ea,,84,true,true,[],[],[],"[""key_ingredients"", ""warnings"", ""volume""]","{""care_goals"": [], ""category"": [], ""skin_concerns"": [], ""skin_types"": []}",USD,cosrx,,0.3.0,2026-09-15T06:34:06.770068+00:00,
113020201,Master Patch Intensive [36ea],COSRX,mask,12.0,USD,,"The Original Acne Patch, Just More IntenseComfortable spot treatment to solve your unplanned breakouts. Master Patch Intensive perfectly blends into any skin tone for discrete appearance. Leave on it on, and stress no more. Size : 13*9mm & 16*11mm (36 patches)",,"Cellulose Gum, Hydrogenated Poly(C6-20 Olefin), Polyisobutene, Styrene/Isoprene Copolymer, Salicylic Acid, Melaleuca Alternifolia (Tea Tree) Leaf Oil","• Hydrocolloid : Wound protection, exudate absorption • 0.02% Salicylic acid • 0.02% Tea tree leaf Oil",[],"[""acne""]","[""cleanse"", ""anti_acne"", ""soothe""]",patch,"After cleansing, dry the problematic spot. Apply gently with the sticky side down. Leave on and let it heal. Good by pimple!",,https://www.cosrx.com/cdn/shop/files/master-patch-intensive-36ea-cosrx-official-1_800x.jpg?v=1724836510,https://www.cosrx.com/products/master-patch-intensive-36-ea,,70,true,true,[],[],[],"[""benefits"", ""skin_types"", ""warnings"", ""volume""]","{""care_goals"": [], ""category"": [], ""skin_concerns"": [], ""skin_types"": []}",USD,cosrx,,0.3.0,2026-09-15T06:34:08.321773+00:00,
113020202,Master Patch Intensive [90ea],COSRX,mask,25.0,USD,,"The Original Acne Patch, Just More IntenseComfortable spot treatment to solve your unplanned breakouts. Master Patch Intensive perfectly blends into any skin tone for discrete appearance. Leave on it on, and stress no more. Size : 13*9mm & 16*11mm (90 patches)",,"Cellulose Gum, Hydrogenated Poly(C6-20 Olefin), Polyisobutene, Styrene/Isoprene Copolymer, Salicylic Acid, Melaleuca Alternifolia (Tea Tree) Leaf Oil","• Hydrocolloid : Wound protection, exudate absorption • 0.02% Salicylic acid • 0.02% Tea tree leaf Oil",[],"[""acne""]","[""cleanse"", ""anti_acne"", ""soothe""]",patch,"After cleansing, dry the problematic spot. Apply gently with the sticky side down. Leave on and let it heal. Good by pimple!",,https://www.cosrx.com/cdn/shop/files/master-patch-intensive-90ea-cosrx-official-1_800x.jpg?v=1724836494,https://www.cosrx.com/products/master-patch-intensive-90-ea,,70,true,true,[],[],[],"[""benefits"", ""skin_types"", ""warnings"", ""volume""]","{""care_goals"": [], ""category"": [], ""skin_concerns"": [], ""skin_types"": []}",USD,cosrx,,0.3.0,2026-09-15T06:34:10.391508+00:00,
113021249,One Step Original Blemish Pore Clear Pad,COSRX,serum,26.0,USD,,"#RedPorePad #PoreTonerPad Gently removes impurities and excess sebum for smooth, visibly refined skin. Formulated with White Willow Bark Water and Zinc PCA to help minimize the appearance of pores, control sebum, and support blemish-prone skin. 70mm oversized pads soaked in 300mL (10.14 fl. oz.) of essence for generous, long-lasting care. Size: 100 Pads / 10.14 fl. oz. (300mL)","RedPorePad #PoreTonerPad Gently removes impurities and excess sebum for smooth, visibly refined skin. Formulated with White Willow Bark Water and Zinc PCA to help minimize the appearance of pores, control sebum, and support blemish-prone skin.","Salix Alba (Willow) Bark Water, Butylene Glycol, Glycerin, 1,2-Hexanediol, Betaine Salicylate, PEG-60 Hydrogenated Castor Oil, Ethyl Hexanediol, Panthenol, Sodium Hydroxide, Allantoin, Limonene, Adenosine, Melaleuca Alternifolia (Tea Tree) Leaf Oil, Aqua/Water, Arginine, Pantothenic Acid, Citrus Aurantium Dulcis (Orange) Peel Oil, Sodium Hyaluronate, Gluconolactone, Zinc PCA, Pentylene Glycol, Madecassoside, Capryloyl Salicylic Acid, Sodium Hyaluronate Crosspolymer, Hydrolyzed Hyaluronic Acid, Hyaluronic Acid, Ethylhexylglycerin, Hydrolyzed Sodium Hyaluronate","• White Willow Bark Water (77.7%) : A naturally derived extract from white willow bark that helps minimize the appearance of pores by gently removing excess sebum and dead skin cells, leaving skin feeling balanced and comfortable. • BHA + PHA + LHA : A multi-acid exfoliating complex that works from the skin's surface to around the pores, helping to visibly improve skin texture and support the look of minimized pores and managed sebum. • Zinc PCA : Helps manage excess oil and visibly reduce the look of shine, while supporting skin prone to pores, sebum, and uneven texture concerns.",[],"[""acne"", ""large_pores"", ""oiliness""]","[""cleanse"", ""anti_acne"", ""soothe"", ""oil_control"", ""exfoliate""]",pads,"1. Use the built-in tweezers to take out a pad and gently wipe from the inner to outer areas of the face with the embossed side along the skin texture. 2. Flip the pad over to the smooth side and sweep it along the skin’s texture once more to refine the skin. Gently pat in the remaining essence for better absorption. 3. Close the lid tightly after use to keep the pads from drying out. *Tip* 1. Use the smooth side as a quick soothing facial mask, and the embossed side to gently exfoliate and refine the look of skin texture. 2. Not just for the face—use it on blemish-prone body areas like the back and chest. *","* a) For external use only. Do not get into eyes. b) People with allergy to aspirin will react poorly to the betaine salicylate. c) Not to be used for children under 3 years of age. d) As this product may contain ingredients not recommended during pregnancy or breastfeeding, please consult a healthcare professional before use. 1. Use the built-in tweezers to take out a pad and gently wipe from the inner to outer areas of the face with the embossed side along the skin texture. 2. Flip the pad over to the smooth side and sweep it along the skin’s texture once more to refine the skin. Gently pat in the remaining essence for better absorption. 3. Close the lid tightly after use to keep the pads from drying out. *Tip* 1. Use the smooth side as a quick soothing facial mask, and the embossed side to gently exfoliate and refine the look of skin texture. 2. Not just for the face—use it on blemish-prone body areas like the back and chest. *Cautions* a) For external use only. Do not get into eyes. b) People with allergy to aspirin will react poorly to the betaine salicylate. c) Not to be used for children under 3 years of age. d) As this product may contain ingredients not recommended during pregnancy or breastfeeding, please consult a healthcare professional before use.",https://www.cosrx.com/cdn/shop/files/OneStep_Blemish_Pad_00_800x.jpg?v=1774854088,https://www.cosrx.com/products/one-step-original-blemish-pore-clear-pad,,88,true,true,[],[],[],"[""skin_types"", ""volume""]","{""care_goals"": [], ""category"": [], ""skin_concerns"": [], ""skin_types"": []}",USD,cosrx,,0.3.0,2026-09-15T06:34:14.389758+00:00,
113020248,One Step Original Clear Pad,COSRX,toner,22.0,USD,,"﻿Quantity : 70 Pads Wipe out excess dirt and apply acne-fighting toner for clear, blemish-free skinSoft cotton pads pre-soaked in essence to remove dead skin cells and excess sebum. Free of a cleansing component, also can be used as a makeup corrector.",,"Salix Alba (Willow) Bark Water, Butylene Glycol, Glycerin, Betaine Salicylate, 1,2-Hexanediol, Arginine, PEG-60 Hydrogenated Castor Oil, Panthenol, Allantoin, Ethyl Hexanediol, Citrus Aurantium Dulcis (Orange) Peel Oil, Melaleuca Alternifolia (Tea Tree) Leaf Oil, Sodium Hydroxide, Sodium Hyaluronate",• 85.9% Salix Alba(Willow) Bark Extract : Reduces breakouts & blemmishes • 1.0% Betaine Salicylate : Clears congested pores,"[""sensitive"", ""oily""]","[""acne"", ""oiliness""]","[""cleanse"", ""anti_acne"", ""exfoliate""]",pads,Swipe the embossing side across the face avoiding eye area after cleansing. Swipe the softer side across the face to pick up the remaining debris.,,https://www.cosrx.com/cdn/shop/files/Original_Pad_0_800x.jpg?v=1694078299,https://www.cosrx.com/products/one-step-original-clear-pad,,80,true,true,[],[],[],"[""benefits"", ""warnings"", ""volume""]","{""care_goals"": [], ""category"": [], ""skin_concerns"": [], ""skin_types"": []}",USD,cosrx,,0.3.0,2026-09-15T06:34:18.153811+00:00,
113021250,One Step Original Clear Skin Calming Pad,COSRX,serum,26.0,USD,,"#GreenCalmingPad #CalmingTonerPad Soothes sensitive skin while visibly refining texture and supporting the skin barrier. Formulated with 82% Green Tea Water and Centella to help calm the look of redness and care for blemish-prone skin. 70mm oversized pads soaked in 280mL (9.46 fl. oz.) of essence — one of the highest volumes in its category for generous, long-lasting care. Size: 100 Pads / 9.46 fl. oz. (280mL)",GreenCalmingPad #CalmingTonerPad Soothes sensitive skin while visibly refining texture and supporting the skin barrier. Formulated with 82% Green Tea Water and Centella to help calm the look of redness and care for blemish-prone skin.,"Camellia Sinensis Leaf Water, Butylene Glycol, Niacinamide, 1,2-Hexanediol, Gluconolactone, Panthenol, Aqua/Water, Allantoin, Arginine, Polyglyceryl-10 Laurate, Polyglyceryl-10 Myristate, Glycerin, Pantothenic Acid, Adenosine, Asiaticoside, Pentylene Glycol, Madecassic Acid, Asiatic Acid, Caprylic/Capric Triglyceride, Sodium Hyaluronate, Madecassoside, Sodium Hyaluronate Crosspolymer, Ceramide Np, Hydrolyzed Hyaluronic Acid, Polyglyceryl-2 Stearate, Polyglyceryl-10 Stearate, Hydrogenated Lecithin, Beta-Glucan, Capryloyl Salicylic Acid, Glyceryl Stearate, Hyaluronic Acid, Stearyl Alcohol, Oleic Acid, Cholesterol, Ethylhexylglycerin, Hydroxyacetophenone, Centella Asiatica Extract, Hydrolyzed Sodium Hyaluronate","• Green Tea Water (82%) : A naturally derived extract crafted from green tea leaves, rich in antioxidants to help soothe the look of redness and calm the feel of sensitive skin. • Centella Asiatica Complex + Centella Extract A soothing botanical blend formulated with four active Centella components—Asiaticoside, Madecassoside, Madecassic Acid, and Asiatic Acid—to help calm visible irritation and support skin resilience. • PHA & LHA : Gently exfoliates to help smooth skin texture, suitable for sensitive skin. PHA attracts moisture while softening the surface; LHA gradually refines the look of texture and pores.","[""sensitive"", ""dry""]","[""acne"", ""redness"", ""sensitivity""]","[""brighten"", ""anti_acne"", ""anti_aging"", ""repair"", ""soothe"", ""exfoliate""]",pads,"1. Use the built-in tweezer to take out a pad and gently wipe from the inner to outer areas of the face along the skin texture. 2. For areas needing intensive firming or radiance care, place the pad on the skin like a mini mask and leave it on for a few minutes. 3. Lightly pat the remaining essence onto the skin and close the lid tightly to keep the pads from drying out. *Tip* Use the smooth side as a quick soothing facial mask, and the embossed side to gently exfoliate and refine the look of skin texture. *","* For external use only. Do not get into eyes. 1. Use the built-in tweezer to take out a pad and gently wipe from the inner to outer areas of the face along the skin texture. 2. For areas needing intensive firming or radiance care, place the pad on the skin like a mini mask and leave it on for a few minutes. 3. Lightly pat the remaining essence onto the skin and close the lid tightly to keep the pads from drying out. *Tip* Use the smooth side as a quick soothing facial mask, and the embossed side to gently exfoliate and refine the look of skin texture. *Cautions* For external use only. Do not get into eyes.",https://www.cosrx.com/cdn/shop/files/OneStep_Calming_Pad_00_800x.jpg?v=1774854164,https://www.cosrx.com/products/one-step-original-clear-skin-calming-pad,,98,true,true,[],[],[],"[""volume""]","{""care_goals"": [], ""category"": [], ""skin_concerns"": [], ""skin_types"": []}",USD,cosrx,,0.3.0,2026-09-15T06:34:19.455468+00:00,
113021135,The AHA 2 BHA 2 Blemish Treatment Serum,COSRX,serum,23.0,USD,50g,"The REBALLUTION of blemish spot care Highly concentrated with 2% AHA and 2% BHA, this serum in a pure cotton ball quickly and easily soothes acne-scarred skin and instantly cares for blackheads and whiteheads. Volume : 50g (30+ cotton balls per serum)","The REBALLUTION of blemish spot care Highly concentrated with 2% AHA and 2% BHA, this serum in a pure cotton ball quickly and easily soothes acne-scarred skin and instantly cares for blackheads and whiteheads.","Water, Propanediol, Polysorbate 20, Glycolic Acid, Salicylic Acid, Gluconolactone, Zinc PCA, Allantoin, Sodium Hyaluronate, Sodium Hydroxide, Dipropylene Glycol, Hydroxyacetophenone, Caprylyl Glycol, Ethylhexylglycerin, Dipotassium Glycyrrhizate, 1,2-Hexanediol, Disodium EDTA",,[],"[""acne"", ""redness""]","[""anti_acne"", ""soothe""]",serum,"1. Take out the cotton ball using the tongs included. 2. Gently tap a cotton ball directly onto target areas. *Depending on the area of concern, you may gently wipe the blackhead/whitehead on the nose and chin *For daytime use, please be sure to apply sunscreen. 1. Take out the cotton ball using the tongs included. 2. Gently tap a cotton ball directly onto target areas. *Depending on the area of concern, you may gently wipe the blackhead/whitehead on the nose and chin *For daytime use, please be sure to apply sunscreen.",,https://www.cosrx.com/cdn/shop/files/AHA2BHA2_Treatment_00_0ee6119d-bd30-4aa2-b7f6-3ecf59cc7151_800x.jpg?v=1778462937,https://www.cosrx.com/products/the-aha-2-bha-2-blemish-treatment-serum,,76,true,true,[],[],[],"[""key_ingredients"", ""skin_types"", ""warnings""]","{""care_goals"": [], ""category"": [], ""skin_concerns"": [], ""skin_types"": []}",USD,cosrx,,0.3.0,2026-09-15T06:34:21.291900+00:00,
113021259,5 Peptide Ceramide Barrier Comfort Lip Mask,COSRX,lip_care,15.0,USD,12g,"#5PeptideCeramide #Vegan #BarrierCare #OvernightMask #Plumping An overnight sleeping lip mask powered by 5 peptides and ceramide that intensively cares for dry, rough lips while you sleep. It strengthens the lip's moisture barrier, smooths away flaky texture, and reveals soft, plump lips by morning. Key Ingredients: 5 Peptide Complex + Ceramide Size: 12g / 0.42 oz.","It strengthens the lip's moisture barrier, smooths away flaky texture, and reveals soft, plump lips by morning.","DIISOSTEARYL MALATE, HYDROGENATED POLYISOBUTENE, PHYTOSTERYL/ISOSTEARYL/CETYL/STEARYL/BEHENYL DIMER DILINOLEATE, POLYBUTENE, OCTYLDODECYL NEOPENTANOATE, HYDROGENATED POLY(C6-14 OLEFIN), MICROCRYSTALLINE WAX / CERA MICROCRISTALLINA / CIRE MICROCRISTALLINE, BUTYROSPERMUM PARKII (SHEA) BUTTER, ETHYLENE/PROPYLENE/STYRENE COPOLYMER, SYNTHETIC WAX, SUCROSE TETRASTEARATE TRIACETATE, MAGNESIUM POTASSIUM FLUOROSILICATE, EUPHORBIA CERIFERA (CANDELILLA) WAX / CANDELILLA CERA / CIRE DE CANDELILLA, SILICA, FRAGRANCE / PARFUM, ASTROCARYUM MURUMURU SEED BUTTER, CANDELILLA WAX ESTERS, TOCOPHERYL ACETATE, ETHYLENE/PROPYLENE COPOLYMER, GLYCERYL CAPRYLATE, BUTYLENE/ETHYLENE/STYRENE COPOLYMER, ETHYLHEXYL PALMITATE, TITANIUM DIOXIDE (CI 77891), POLYGLYCERYL-2 TRIISOSTEARATE, COPERNICIA CERIFERA (CARNAUBA) WAX / COPERNICIA CERIFERA CERA / CIRE DE CARNAUBA, DIMETHICONE, TRIBEHENIN, PENTAERYTHRITYL TETRA-DI-T-BUTYL HYDROXYHYDROCINNAMATE, WATER / AQUA / EAU, HYALURONIC ACID, YELLOW 6 LAKE (CI 15985), SQUALANE, SORBITAN ISOSTEARATE, RED 7 (CI 15850), RED 6 (CI 15850), CERAMIDE NP, GLUCONOLACTONE, GLYCERIN, TOCOPHEROL, LACTIC ACID, PROPANEDIOL, 1,2-HEXANEDIOL, PALMITOYL TRIPEPTIDE-1, BETA-GLUCAN, ORYZA SATIVA (RICE) BRAN EXTRACT, ETHYLHEXYLGLYCERIN, SODIUM PHYTATE, SODIUM DNA, ACETYL HEXAPEPTIDE-8, SOLUBLE COLLAGEN, TRIPEPTIDE-1, PALMITOYL TETRAPEPTIDE-7, PALMITOYL HEXAPEPTIDE-12, VANILLIN","• 5 Peptide Complex: A powerful blend of 5 peptides that works together to firm, smooth, and revitalize lips — targeting volume, elasticity, texture, and hydration for visibly healthier-looking lips. • Ceramide: A key lipid component of the lip's natural barrier that helps lock in moisture and strengthen the lip barrier overnight for enhanced barrier care. • Shea Butter & Murumuru Seed Butter: Forms a nourishing moisture film on the lips, helping to lock in hydration and keep lips feeling soft and supple.",[],"[""dryness""]","[""soothe""]",,Apply a proper amount evenly onto lips before bed. Leave on overnight and gently wipe away any excess the next morning. *,"* 1. If abnormal symptoms or side effects such as redness, swelling, or itching occur on the applied area due to direct sunlight during or after use, consult a dermatologist or specialist. 2. Avoid use on areas with wounds or damaged skin. 3. Storage and handling precautions a) Keep out of reach of children. b) Store away from direct sunlight. Apply a proper amount evenly onto lips before bed. Leave on overnight and gently wipe away any excess the next morning. *Cautions* 1. If abnormal symptoms or side effects such as redness, swelling, or itching occur on the applied area due to direct sunlight during or after use, consult a dermatologist or specialist. 2. Avoid use on areas with wounds or damaged skin. 3. Storage and handling precautions a) Keep out of reach of children. b) Store away from direct sunlight.",https://www.cosrx.com/cdn/shop/files/5Peptide-Lip_Mask_00_800x.jpg?v=1788426952,https://www.cosrx.com/products/5-peptide-ceramide-barrier-comfort-lip-mask,,88,true,true,[],[],[],"[""skin_types"", ""texture""]","{""care_goals"": [], ""category"": [], ""skin_concerns"": [], ""skin_types"": []}",USD,cosrx,,0.3.0,2026-09-15T06:34:22.784013+00:00,
113021261,5 Peptide Collagen Tinted Lip Fill Treatment,COSRX,lip_care,16.0,USD,12g,"#5PeptideCollagen #Plumping #Glossy #Hydrating #Volumelips A tinted lip treatment with a hydrating and plumping formula infused with 5 peptides and collagen. It delivers lasting hydration, high shine, sheer buildable color and the look of fuller 4D volume lips. Key Ingredients: 5 Peptide Complex + Collagen Size: 12g / 0.42 oz.Color: Strawberry, Sour Berry Jelly, Peach, Cherry, Cinnamon, Cocoa, Black Cherry","It delivers lasting hydration, high shine, sheer buildable color and the look of fuller 4D volume lips.","01 Strawberry PHYTOSTERYL/ISOSTEARYL/CETYL/STEARYL/BEHENYL DIMER DILINOLEATE, DIISOSTEARYL MALATE, HYDROGENATED POLY(C6-14 OLEFIN), HYDROGENATED POLYISOBUTENE, POLYBUTENE, OCTYLDODECANOL, PENTAERYTHRITYL TETRAISOSTEARATE, SYNTHETIC WAX, MICROCRYSTALLINE WAX / CERA MICROCRISTALLINA / CIRE MICROCRISTALLINE, DISTEARDIMONIUM HECTORITE, SILICA DIMETHYL SILYLATE, HYDROGENATED LECITHIN, FRAGRANCE / PARFUM, POLYHYDROXYSTEARIC ACID, TOCOPHERYL ACETATE, LECITHIN, PROPYLENE CARBONATE, ETHYLHEXYL PALMITATE, ISOSTEARIC ACID, ISOPROPYL MYRISTATE, POLYGLYCERYL-3 POLYRICINOLEATE, STEVIOL GLYCOSIDES, POLYGLYCERYL-2 TRIISOSTEARATE, TITANIUM DIOXIDE (CI 77891), RED 6 (CI 15850), TRIBEHENIN, RED 28 LAKE (CI 45410), WATER / AQUA / EAU, HYALURONIC ACID, SQUALANE, SORBITAN ISOSTEARATE, CERAMIDE NP, GLUCONOLACTONE, TOCOPHEROL, GLYCERIN, LACTIC ACID, PROPANEDIOL, 1,2-HEXANEDIOL, PALMITOYL TRIPEPTIDE-1, BETA-GLUCAN, ORYZA SATIVA (RICE) BRAN EXTRACT, ETHYLHEXYLGLYCERIN, SODIUM PHYTATE, SODIUM DNA, ACETYL HEXAPEPTIDE-8, SOLUBLE COLLAGEN, TRIPEPTIDE-1, PALMITOYL TETRAPEPTIDE-7, PALMITOYL HEXAPEPTIDE-12, CITRUS LIMON (LEMON) PEEL OIL, BENZYL BENZOATE, LIMONENE, MENTHOL, PINENE, CITRAL 02 Sour Berry Jelly PHYTOSTERYL/ISOSTEARYL/CETYL/STEARYL/BEHENYL DIMER DILINOLEATE, DIISOSTEARYL MALATE, HYDROGENATED POLY(C6-14 OLEFIN), HYDROGENATED POLYISOBUTENE, POLYBUTENE, OCTYLDODECANOL, PENTAERYTHRITYL TETRAISOSTEARATE, SYNTHETIC WAX, MICROCRYSTALLINE WAX / CERA MICROCRISTALLINA / CIRE MICROCRISTALLINE, CALCIUM SODIUM BOROSILICATE, DISTEARDIMONIUM HECTORITE, FRAGRANCE / PARFUM, SILICA DIMETHYL SILYLATE, HYDROGENATED LECITHIN, POLYHYDROXYSTEARIC ACID, TITANIUM DIOXIDE (CI 77891), TOCOPHERYL ACETATE, LECITHIN, PROPYLENE CARBONATE, ETHYLHEXYL PALMITATE, ISOSTEARIC ACID, ISOPROPYL MYRISTATE, POLYGLYCERYL-3 POLYRICINOLEATE, STEVIOL GLYCOSIDES, POLYGLYCERYL-2 TRIISOSTEARATE, TRIBEHENIN, TIN OXIDE, WATER / AQUA / EAU, HYALURONIC ACID, YELLOW 5 LAKE (CI 19140), RED 7 (CI 15850), SQUALANE, RED 22 LAKE (CI 45380), SORBITAN ISOSTEARATE, CERAMIDE NP, GLUCONOLACTONE, TOCOPHEROL, GLYCERIN, LACTIC ACID, PROPANEDIOL, 1,2-HEXANEDIOL, PALMITOYL TRIPEPTIDE-1, BETA-GLUCAN, ORYZA SATIVA (RICE) BRAN EXTRACT, ETHYLHEXYLGLYCERIN, SODIUM PHYTATE, SODIUM DNA, ACETYL HEXAPEPTIDE-8, SOLUBLE COLLAGEN, TRIPEPTIDE-1, PALMITOYL TETRAPEPTIDE-7, PALMITOYL HEXAPEPTIDE-12, LINALOOL, VANILLIN 03 Peach PHYTOSTERYL/ISOSTEARYL/CETYL/STEARYL/BEHENYL DIMER DILINOLEATE, DIISOSTEARYL MALATE, HYDROGENATED POLY(C6-14 OLEFIN), HYDROGENATED POLYISOBUTENE, POLYBUTENE, OCTYLDODECANOL, PENTAERYTHRITYL TETRAISOSTEARATE, SYNTHETIC WAX, MICROCRYSTALLINE WAX / CERA MICROCRISTALLINA / CIRE MICROCRISTALLINE, DISTEARDIMONIUM HECTORITE, SILICA DIMETHYL SILYLATE, HYDROGENATED LECITHIN, POLYGLYCERYL-2 TRIISOSTEARATE, FRAGRANCE / PARFUM, POLYHYDROXYSTEARIC ACID, TITANIUM DIOXIDE (CI 77891), TOCOPHERYL ACETATE, LECITHIN, PROPYLENE CARBONATE, ETHYLHEXYL PALMITATE, ISOSTEARIC ACID, ISOPROPYL MYRISTATE, YELLOW 5 LAKE (CI 19140), POLYGLYCERYL-3 POLYRICINOLEATE, IRON OXIDES (CI 77491), STEVIOL GLYCOSIDES, RED 7 LAKE (CI 15850), TRIBEHENIN, BLUE 1 LAKE (CI 42090), WATER / AQUA / EAU, HYALURONIC ACID, SQUALANE, IRON OXIDES (CI 77499), SORBITAN ISOSTEARATE, CERAMIDE NP, GLUCONOLACTONE, TOCOPHEROL, GLYCERIN, LACTIC ACID, PROPANEDIOL, 1,2-HEXANEDIOL, PALMITOYL TRIPEPTIDE-1, BETA-GLUCAN, ORYZA SATIVA (RICE) BRAN EXTRACT, ETHYLHEXYLGLYCERIN, SODIUM PHYTATE, SODIUM DNA, ACETYL HEXAPEPTIDE-8, SOLUBLE COLLAGEN, TRIPEPTIDE-1, PALMITOYL TETRAPEPTIDE-7, PALMITOYL HEXAPEPTIDE-12, VANILLIN 04 Cherry PHYTOSTERYL/ISOSTEARYL/CETYL/STEARYL/BEHENYL DIMER DILINOLEATE, DIISOSTEARYL MALATE, HYDROGENATED POLY(C6-14 OLEFIN), HYDROGENATED POLYISOBUTENE, POLYBUTENE, OCTYLDODECANOL, PENTAERYTHRITYL TETRAISOSTEARATE, SYNTHETIC WAX, MICROCRYSTALLINE WAX / CERA MICROCRISTALLINA / CIRE MICROCRISTALLINE, DISTEARDIMONIUM HECTORITE, SILICA DIMETHYL SILYLATE, HYDROGENATED LECITHIN, FRAGRANCE / PARFUM, POLYHYDROXYSTEARIC ACID, POLYGLYCERYL-2 TRIISOSTEARATE, TOCOPHERYL ACETATE, LECITHIN, PROPYLENE CARBONATE, ETHYLHEXYL PALMITATE, ISOSTEARIC ACID, ISOPROPYL MYRISTATE, RED 30 (CI 73360), POLYGLYCERYL-3 POLYRICINOLEATE, STEVIOL GLYCOSIDES, SQUALANE, RED 7 LAKE (CI 15850), IRON OXIDES (CI 77499), BLUE 1 LAKE (CI 42090), TRIBEHENIN, WATER / AQUA / EAU, HYALURONIC ACID, SORBITAN ISOSTEARATE, CERAMIDE NP, GLUCONOLACTONE, TOCOPHEROL, GLYCERIN, LACTIC ACID, PROPANEDIOL, 1,2-HEXANEDIOL, PALMITOYL TRIPEPTIDE-1, BETA-GLUCAN, ORYZA SATIVA (RICE) BRAN EXTRACT, ETHYLHEXYLGLYCERIN, SODIUM PHYTATE, SODIUM DNA, ACETYL HEXAPEPTIDE-8, SOLUBLE COLLAGEN, TRIPEPTIDE-1, PALMITOYL TETRAPEPTIDE-7, PALMITOYL HEXAPEPTIDE-12, LIMONENE, CITRUS AURANTIUM PEEL OIL, MENTHOL, BENZALDEHYDE, CAMPHOR, CITRUS LIMON (LEMON) PEEL OIL, EUGENOL, VANILLIN, CARVONE, PINENE, CINNAMAL 05 Cinnamon PHYTOSTERYL/ISOSTEARYL/CETYL/STEARYL/BEHENYL DIMER DILINOLEATE, DIISOSTEARYL MALATE, HYDROGENATED POLY(C6-14 OLEFIN), HYDROGENATED POLYISOBUTENE, POLYBUTENE, OCTYLDODECANOL, PENTAERYTHRITYL TETRAISOSTEARATE, SYNTHETIC WAX, MICROCRYSTALLINE WAX / CERA MICROCRISTALLINA / CIRE MICROCRISTALLINE, DISTEARDIMONIUM HECTORITE, SILICA DIMETHYL SILYLATE, HYDROGENATED LECITHIN, FRAGRANCE / PARFUM, POLYHYDROXYSTEARIC ACID, POLYGLYCERYL-2 TRIISOSTEARATE, TITANIUM DIOXIDE (CI 77891), TOCOPHERYL ACETATE, LECITHIN, PROPYLENE CARBONATE, ETHYLHEXYL PALMITATE, IRON OXIDES (CI 77492), ISOSTEARIC ACID, ISOPROPYL MYRISTATE, IRON OXIDES (CI 77491), POLYGLYCERYL-3 POLYRICINOLEATE, STEVIOL GLYCOSIDES, RED 7 (CI 15850), BLUE 1 LAKE (CI 42090), IRON OXIDES (CI 77499), TRIBEHENIN, WATER / AQUA / EAU, HYALURONIC ACID, SQUALANE, SORBITAN ISOSTEARATE, TRIETHOXYCAPRYLYLSILANE, CERAMIDE NP, GLUCONOLACTONE, TOCOPHEROL, GLYCERIN, LACTIC ACID, PROPANEDIOL, 1,2-HEXANEDIOL, PALMITOYL TRIPEPTIDE-1, BETA-GLUCAN, ORYZA SATIVA (RICE) BRAN EXTRACT, ETHYLHEXYLGLYCERIN, SODIUM PHYTATE, SODIUM DNA, ACETYL HEXAPEPTIDE-8, SOLUBLE COLLAGEN, TRIPEPTIDE-1, PALMITOYL TETRAPEPTIDE-7, PALMITOYL HEXAPEPTIDE-12, EUGENOL, CINNAMAL, BENZYL BENZOATE, EUGENIA CARYOPHYLLUS OIL 06 Cocoa PHYTOSTERYL/ISOSTEARYL/CETYL/STEARYL/BEHENYL DIMER DILINOLEATE, DIISOSTEARYL MALATE, HYDROGENATED POLY(C6-14 OLEFIN), HYDROGENATED POLYISOBUTENE, POLYBUTENE, OCTYLDODECANOL, PENTAERYTHRITYL TETRAISOSTEARATE, SYNTHETIC WAX, MICROCRYSTALLINE WAX / CERA MICROCRISTALLINA / CIRE MICROCRISTALLINE, DISTEARDIMONIUM HECTORITE, SILICA DIMETHYL SILYLATE, HYDROGENATED LECITHIN, POLYHYDROXYSTEARIC ACID, FRAGRANCE / PARFUM, TOCOPHERYL ACETATE, LECITHIN, PROPYLENE CARBONATE, ETHYLHEXYL PALMITATE, POLYGLYCERYL-2 TRIISOSTEARATE, IRON OXIDES (CI 77491), ISOSTEARIC ACID, ISOPROPYL MYRISTATE, POLYGLYCERYL-3 POLYRICINOLEATE, STEVIOL GLYCOSIDES, TITANIUM DIOXIDE (CI 77891), IRON OXIDES (CI 77499), IRON OXIDES (CI 77492), TRIBEHENIN, WATER / AQUA / EAU, HYALURONIC ACID, SQUALANE, SORBITAN ISOSTEARATE, TRIETHOXYCAPRYLYLSILANE, CERAMIDE NP, GLUCONOLACTONE, TOCOPHEROL, GLYCERIN, LACTIC ACID, PROPANEDIOL, 1,2-HEXANEDIOL, PALMITOYL TRIPEPTIDE-1, BETA-GLUCAN, ORYZA SATIVA (RICE) BRAN EXTRACT, ETHYLHEXYLGLYCERIN, SODIUM PHYTATE, SODIUM DNA, ACETYL HEXAPEPTIDE-8, SOLUBLE COLLAGEN, TRIPEPTIDE-1, PALMITOYL TETRAPEPTIDE-7, PALMITOYL HEXAPEPTIDE-12, VANILLIN 07 Black Cherry PHYTOSTERYL/ISOSTEARYL/CETYL/STEARYL/BEHENYL DIMER DILINOLEATE, DIISOSTEARYL MALATE, HYDROGENATED POLY(C6-14 OLEFIN), HYDROGENATED POLYISOBUTENE, POLYBUTENE, OCTYLDODECANOL, PENTAERYTHRITYL TETRAISOSTEARATE, SYNTHETIC WAX, MICROCRYSTALLINE WAX / CERA MICROCRISTALLINA / CIRE MICROCRISTALLINE, DISTEARDIMONIUM HECTORITE, SILICA DIMETHYL SILYLATE, HYDROGENATED LECITHIN, FRAGRANCE / PARFUM, POLYHYDROXYSTEARIC ACID, POLYGLYCERYL-2 TRIISOSTEARATE, TOCOPHERYL ACETATE, LECITHIN, PROPYLENE CARBONATE, ETHYLHEXYL PALMITATE, IRON OXIDES (CI 77491), ISOSTEARIC ACID, ISOPROPYL MYRISTATE, POLYGLYCERYL-3 POLYRICINOLEATE, STEVIOL GLYCOSIDES, YELLOW 5 LAKE (CI 19140), BLUE 1 LAKE (CI 42090), RED 7 LAKE (CI 15850), IRON OXIDES (CI 77499), TRIBEHENIN, WATER / AQUA / EAU, HYALURONIC ACID, SQUALANE, SORBITAN ISOSTEARATE, CERAMIDE NP, GLUCONOLACTONE, TOCOPHEROL, GLYCERIN, LACTIC ACID, PROPANEDIOL, 1,2-HEXANEDIOL, PALMITOYL TRIPEPTIDE-1, BETA-GLUCAN, ORYZA SATIVA (RICE) BRAN EXTRACT, ETHYLHEXYLGLYCERIN, SODIUM PHYTATE, SODIUM DNA, ACETYL HEXAPEPTIDE-8, SOLUBLE COLLAGEN, TRIPEPTIDE-1, PALMITOYL TETRAPEPTIDE-7, PALMITOYL HEXAPEPTIDE-12, CITRUS LIMON (LEMON) PEEL OIL, LIMONENE, GERANYL ACETATE, LINALYL ACETATE, LINALOOL, CITRUS AURANTIUM PEEL OIL, PINENE, HYDROXYCITRONELLAL, VANILLIN, CITRAL","• 5 Peptide Complex: A powerful blend of 5 peptides that works together to firm, smooth, and revitalize lips — targeting volume, elasticity, texture, and hydration for visibly healthier-looking lips. • Collagen : A key structural protein that makes up lip tissue, helping support the firm, well-defined structure of the skin. • Ceramide : Forms a strong moisture barrier on the lips to prevent water loss. (Barrier Care) • PHA & Phytic Acid : Gently smooths rough, flaky texture for softer, more polished lips.(Exfoliating Care)","[""sensitive"", ""dry""]",[],"[""hydrate""]",,Apply as needed for a touch of hydration and sheer color. Can be used before or after lip makeup. *,* Do not use on damaged or irritated skin. Do not use in case of allergy to any of the ingredients. For external use only. Apply as needed for a touch of hydration and sheer color. Can be used before or after lip makeup. *Cautions* Do not use on damaged or irritated skin. Do not use in case of allergy to any of the ingredients. For external use only.,https://www.cosrx.com/cdn/shop/files/5PeptideLipTint_Strawberry_00_800x.jpg?v=1788310795,https://www.cosrx.com/products/5-peptide-collagen-tinted-lip-fill-treatment,,88,true,true,[],[],[],"[""skin_concerns"", ""texture""]","{""care_goals"": [], ""category"": [], ""skin_concerns"": [], ""skin_types"": []}",USD,cosrx,,0.3.0,2026-09-15T06:34:24.864193+00:00,
113020196,Advanced Snail Hydrogel Eye Patch,COSRX,eye_care,28.0,USD,,"#Plumping, #Moisturizing, #Brightening Hydrogel eye patch which visibly hydrates, plumps and brightens the delicate eye area. The eye mask consists of two sizes - small and large to soothe and hydrate the skin with a perfect fit. Volume : 60 patches / 3.17 oz","Plumping, #Moisturizing, #Brightening Hydrogel eye patch which visibly hydrates, plumps and brightens the delicate eye area. The eye mask consists of two sizes - small and large to soothe and hydrate the skin with a perfect fit.","Water, Glycerin, Snail Secretion Filtrate, Niacinamide, Carrageenan, 1,2-Hexanediol, Ceratonia Siliqua (Carob) Gum, Betaine, Hydroxyacetophenone, Allantoin, Chlorphenesin, Cyamopsis Tetragonoloba (Guar) Gum, Calcium Chloride, Butylene Glycol, Sucrose, Cellulose Gum, Adenosine, Potassium Chloride, Dipotassium Glycyrrhizate, Ethylhexylglycerin, PEG-90M","• 20,400ppm Snail Secretion Filtrate : Soothes damaged skin and delivers moisture deep into your skin",[],[],"[""hydrate"", ""brighten"", ""soothe""]",patch,Apply the hydrogel patches to the desired area using the tweezers contained inside. Remove after 20-30 mins.,,https://www.cosrx.com/cdn/shop/files/AnyConv.com__Snail-eye-patch2_800x1067_e8793905-5ab9-4172-a398-5d25b6cf39cc_800x.webp?v=1765523642,https://www.cosrx.com/products/advanced-snail-hydrogel-eye-patch,,74,true,true,[],[],[],"[""skin_types"", ""skin_concerns"", ""warnings"", ""volume""]","{""care_goals"": [], ""category"": [], ""skin_concerns"": [], ""skin_types"": []}",USD,cosrx,,0.3.0,2026-09-15T06:34:47.221804+00:00,
113020300,Advanced Snail Peptide Eye Cream,COSRX,eye_care,28.0,USD,25ml,"Never look tired again! Non- heavy, double-functioning eye cream that visibly brightens the eye area. Hydrating, fast absorbing eye cream for EVERYONE - 20s, 30s, 70s, even teens - without over nourishment. Size : 25ml / 0.85 fl. oz","Non- heavy, double-functioning eye cream that visibly brightens the eye area. Hydrating, fast absorbing eye cream for EVERYONE - 20s, 30s, 70s, even teens - without over nourishment.","Snail Secretion Filtrate, Butylene Glycol, Glycerin, Helianthus Annuus (Sunflower) Seed Oil, 1,2-Hexanediol, Niacinamide, Water, Palmitic Acid, Arginine, Carbomer, Stearic Acid, Betaine, Cetearyl Olivate, Sorbitan Olivate, Sodium Polyacrylate, Allantoin, Tocopheryl Acetate, Panthenol, Hydroxyethyl Acrylate/Sodium Acryloyldimethyl Taurate Copolymer, Sodium Hyaluronate, Adenosine, Xanthan Gum, Myristic Acid, Copper Tripeptide-1, Acetyl Hexapeptide-8, Palmitoyl Pentapeptide-4, Palmitoyl Tripeptide-1, Palmitoyl Tetrapeptide-7","• 73.6% Snail Secretion Filtrate : Moisturize, protect and help rejuvenating the eye area",[],[],"[""hydrate"", ""brighten""]",cream,Apply after using essence/serum/ampoule around your eyes. Massage around eyes and tap the area gently for better absorption.,,https://www.cosrx.com/cdn/shop/files/advanced-snail-peptide-eye-cream-cosrx-official-1_800x.png?v=1724835637,https://www.cosrx.com/products/advanced-snail-peptide-eye-cream,,76,true,true,[],[],[],"[""skin_types"", ""skin_concerns"", ""warnings""]","{""care_goals"": [], ""category"": [], ""skin_concerns"": [], ""skin_types"": []}",USD,cosrx,,0.3.0,2026-09-15T06:34:50.716833+00:00,
113020575,Advanced Snail Radiance Dual Essence,COSRX,serum,28.0,USD,80ml,2 in 1 Elasticity & Radiance in One Pump High-efficacy snail essence mixes with the radiance essence upon pumping to create a combination of plumping and brightening care. Size : 80ml / 2.70 fl. oz,2 in 1 Elasticity & Radiance in One Pump High-efficacy snail essence mixes with the radiance essence upon pumping to create a combination of plumping and brightening care.,"Snail Secretion Filtrate, Butylene Glycol, Niacinamide, 1,2-Hexanediol, Betaine, Panthenol, Water, Glycerin, Limnanthes Alba (Meadowfoam) Seed Oil, Helianthus Annuus (Sunflower) Seed Oil, Allantoin, Carbomer, Macadamia Ternifolia Seed Oil, Sodium Polyacrylate, Sodium Hyaluronate, Inulin Lauryl Carbamate, Arginine, Argania Spinosa Kernel Oil, Xanthan Gum, Sodium Surfactin, Ethylhexylglycerin, Glutathione","• 74.3% Triple Snail Complex : A complex that combines the existing hydrating and plumping effects of snail secretion filtrate and fortifies it with the anti-aging, pore contracting benefits of Black Snails and the anti-bacterial, antioxidant and UV protection effects of Gold Snails and more • 5% niacinamide : brightening the skin for simultaneous plumping & radiance care, strengthening skin's barrier • Glutathione : Improving skin tone and skin complexion","[""sensitive""]",[],"[""brighten"", ""anti_aging""]",essence,"Pump an appropriate amount, mix the two essences, and apply gently on the face. Gently tap it into skin for better absorption.",,https://www.cosrx.com/cdn/shop/files/advanced-snail-radiance-dual-essence-cosrx-official-1_800x.png?v=1724835811,https://www.cosrx.com/products/advanced-snail-radiance-dual-essence,,86,true,true,[],[],[],"[""skin_concerns"", ""warnings""]","{""care_goals"": [], ""category"": [], ""skin_concerns"": [], ""skin_types"": []}",USD,cosrx,,0.3.0,2026-09-15T06:34:52.585301+00:00,
113020108,AHA 7 Whitehead Power Liquid,COSRX,toner,22.0,USD,100ml,"Size : 100ml / 3.38 fl. oz Get clear, glowing, whitehead-free skinFormulated with 7% Glycolic Acid (AHA), the toner gently exfoliates skin and helps reveal a radiant, even-toned complexion.",,"Pyrus Malus (Apple) Fruit Water, Butylene Glycol, Glycolic Acid, Niacinamide, Sodium Hydroxide, 1,2-Hexanediol, Panthenol, Sodium Hyaluronate, Xanthan Gum, Ethyl Hexanediol","• Pyrus Malus (Apple) Fruit Water +Glycol, Glycolic Acid : Refines uneven skin texture & clears whiteheads & diminishes fine lines • Niacinamide : Reduces marks from spots & boosts radiance","[""sensitive"", ""combination""]","[""acne""]","[""cleanse"", ""brighten"", ""sun_protection"", ""exfoliate""]",liquid,"After cleansing, soak a cotton pad and swipe a thin layer of the liquid over the skin, avoiding the eye and mouth area. For use during the daytime, follow with a broad-spectrum sunscreen rated SPF 30 or greater",,https://www.cosrx.com/cdn/shop/files/aha-7-whitehead-power-liquid-cosrx-official-1_800x.jpg?v=1724835611,https://www.cosrx.com/products/aha-7-whitehead-power-liquid,,82,true,true,[],[],[],"[""benefits"", ""warnings""]","{""care_goals"": [], ""category"": [], ""skin_concerns"": [], ""skin_types"": []}",USD,cosrx,,0.3.0,2026-09-15T06:34:54.516570+00:00,
113020110,AHA/BHA Clarifying Treatment Toner,COSRX,toner,20.0,USD,150ml,"Benefits of AHA & BHA for Clear Skin! The formulation of AHA+BHA+Purifying Botanical ingredients help to improve skin texture, increase vitality, and control pores. Eliminate impurities, exfoliate, and hydrate all in one step. Size : 150ml / 5.07 fl. oz","The formulation of AHA+BHA+Purifying Botanical Eliminate impurities, exfoliate, and hydrate all in one step.","Water, Salix Alba (Willow) Bark Water, Pyrus Malus (Apple) Fruit Water, Butylene Glycol, 1,2-Hexanediol, Sodium Lactate, Glycolic Acid, Betaine Salicylate, Allantoin, Panthenol, Ethyl Hexanediol",• Salix Alba (Willow) Bark Water + Pyrus Malus (Apple) Fruit Water : Offers gentle exfoliation & helps reduce breakouts and marks from spots • Glycolic Acid : Exfoliates the surface of the skin & smooths and softens skin • Betaine Salicylate : Clears congested pores & balances oil production,"[""normal"", ""dry"", ""oily"", ""combination"", ""sensitive""]","[""large_pores""]","[""cleanse"", ""hydrate"", ""sun_protection"", ""exfoliate""]",,"After cleansing, spray the toner onto a cotton pad and gently wipe onto face, avoiding the eye and mouth area. For use during the daytime, follow with a broad-spectrum sunscreen rated SPF 30 or greater. * Avoid using with other acids (AHAs / BHAs / Retinols & Vitamin C) * Avoid when pregnant or breast feeding! After cleansing, spray the toner onto a cotton pad and gently wipe onto face, avoiding the eye and mouth area. For use during the daytime, follow with a broad-spectrum sunscreen rated SPF 30 or greater. * Avoid using with other acids (AHAs / BHAs / Retinols & Vitamin C) * Avoid when pregnant or breast feeding!",,https://www.cosrx.com/cdn/shop/files/ahabha-clarifying-treatment-toner-cosrx-official-1_800x.jpg?v=1724835581,https://www.cosrx.com/products/aha-bha-clarifying-treatment-toner,,94,true,true,[],[],[],"[""warnings"", ""texture""]","{""care_goals"": [], ""category"": [], ""skin_concerns"": [], ""skin_types"": []}",USD,cosrx,,0.3.0,2026-09-15T06:34:56.477573+00:00,
113021057,Airy-Light Invisible Sun Stick,COSRX,sunscreen,23.0,USD,,"#High Protection SPF 50 PA ++++ with Airy Light Texture A lightweight, transparent sunscreen stick that glides on effortlessly to provide powerful UV protection without a white cast, leaving a powdery soft-matte finish for all-day comfort and convenient on-the-go use.","High Protection SPF 50 PA ++++ with Airy Light Texture A lightweight, transparent sunscreen stick that glides on effortlessly to provide powerful UV protection without a white cast, leaving a powdery soft-matte finish for all-day comfort and convenient on-the-go use.","Methyl Methacrylate Crosspolymer, Synthetic Wax, Caprylyl Methicone, Vinyl Dimethicone/Methicone Silsesquioxane Crosspolymer, Coco-Caprylate/Caprate, Dicaprylyl Carbonate, Ethylhexyl Palmitate, Butyloctyl Salicylate, Neopentyl Glycol Diheptanoate, Diethylamino Hydroxybenzoyl Hexyl Benzoate, Ethylhexyl Triazone, Ozokerite, Tocopheryl Acetate, Silica, Vinyl Dimethicone, Polysilicone-15, Synthetic Fluorphlogopite, Propylheptyl Caprylate, Bis-Ethylhexyloxyphenol Methoxyphenyl Triazine, Ceresin, Bisabolol, Polyglyceryl-4 Diisostearate/Polyhydroxystearate/Sebacate, Triethoxycaprylylsilane, Glyceryl Caprylate, Caprylyl Glycol, Disteardimonium Hectorite, Ethylhexylglycerin, Triethyl Citrate, Tocopherol, Ceramide NP, Water, Niacinamide, Allantoin, Zinc PCA, Panthenol, 1,2-Hexanediol, Sodium Hyaluronate, Aloe Barbadensis Leaf Water",• Niacinamide : Controls excess sebum and tightens enlarged pores • Zinc PCA : Controls excess sebum • Sodium hyaluronate +Panthenol : Relieves dryness and provides deep hydration • Ceramide NP : Protects skin barrier and soothes damage • Aloe(Aloe Barbadensis Leaf Water) : Soothes irritation while calming and protecting the skin • α-Bisabolol : Formulated with brightening actives to help reduce pigmentation caused by UV exposure • Tocopheryl acetate : helps reduce wrinkles and improve skin volume,"[""sensitive"", ""oily""]",[],"[""soothe"", ""sun_protection""]",stick,"Turn the dial at the bottom of the container and apply evenly to areas of skin that are frequently exposed to UV rays. *TIP* The stick format makes it easy to carry and reapply anytime, anywhere for convenient sun protection. *","* Do not stay too long in the sun, even while using a sunscreen product. Keep babies and young children out of direct sunlight. Over-exposure to the sun is a serious health threat. Turn the dial at the bottom of the container and apply evenly to areas of skin that are frequently exposed to UV rays. *TIP* The stick format makes it easy to carry and reapply anytime, anywhere for convenient sun protection. *Cautions* Do not stay too long in the sun, even while using a sunscreen product. Keep babies and young children out of direct sunlight. Over-exposure to the sun is a serious health threat.",https://www.cosrx.com/cdn/shop/files/Airy-Light_SunStick_00_800x.webp?v=1749081344,https://www.cosrx.com/products/airy-light-invisible-sun-stick,,88,true,true,[],[],[],"[""skin_concerns"", ""volume""]","{""care_goals"": [], ""category"": [], ""skin_concerns"": [], ""skin_types"": []}",USD,cosrx,,0.3.0,2026-09-15T06:34:58.247064+00:00,
113020451,ALL ABOUT SNAIL KIT 4-step,COSRX,eye_care,25.0,USD,,"Get that plump skin, full of nourishment, in 4 steps! COSRX's Most Loved 4-step Advanced Snail Trial Kit : Skincare essentials formulated with snail mucin for repairing, moisturizing, and soothing skin. /STEP 1/ Advanced Snail Mucin Gel Cleanser (20ml / 0.67 fl.oz)/STEP 2/ Advanced Snail 96 Mucin Power Essence (30ml / 1.01 fl.oz) /STEP 3/ Advanced Snail Peptide Eye Cream (5ml / 0.16 fl.oz) /STEP 4/ Advanced Snail 92 All In One Cream (20g / 0.70 oz)","COSRX's Most Loved 4-step Advanced Snail Trial Kit : Skincare essentials formulated with snail mucin for repairing, moisturizing, and soothing skin. /STEP 1/ Advanced Snail Mucin Gel Cleanser (20ml / 0.67 fl.oz)/STEP 2/ Advanced Snail 96 Mucin Power Essence (30ml / 1.01 fl.oz) /STEP 3/ Advanced Snail Peptide Eye Cream (5ml / 0.16 fl.oz) /STEP 4/ Advanced Snail 92 All In One Cream (20g / 0.70 oz)","[Advanced Snail Mucin Gel Cleanse] Water, Acrylates Copolymer, Butylene Glycol, Glycerin, Disodium Laureth Sulfosuccinate, Sodium Cocoyl Isethionate, 1,2-Hexanediol, Coco-Glucoside, Lauryl Betaine, Snail Secretion Filtrate, Arginine, Tromethamine, Potassium Cocoyl Glycinate, Fragrance, Carbomer, Sodium Chloride, Ethylhexylglycerin, Acrylates/C10-30 Alkyl Acrylate Crosspolymer, Sodium Polyacrylate, Disodium EDTA [Advanced Snail 96 Mucin Power Essence] Snail Secretion Filtrate, Betaine, Butylene Glycol, 1,2-Hexanediol, Sodium Polyacrylate, Phenoxyethanol, Sodium Hyaluronate, Allantoin, Ethyl Hexanediol, Carbomer, Panthenol, Arginine [Advanced Snail Peptide Eye Cream] Snail Secretion Filtrate, Butylene Glycol, Glycerin, Helianthus Annuus (Sunflower) Seed Oil, 1,2-Hexanediol, Niacinamide, Water, Palmitic Acid, Arginine, Carbomer, Stearic Acid, Betaine, Cetearyl Olivate, Sorbitan Olivate, Sodium Polyacrylate, Allantoin, Tocopheryl Acetate, Panthenol, Hydroxyethyl Acrylate/Sodium Acryloyldimethyl Taurate Copolymer, Sodium Hyaluronate, Adenosine, Xanthan Gum, Myristic Acid, Copper Tripeptide-1, Acetyl Hexapeptide-8, Palmitoyl Pentapeptide-4, Palmitoyl Tripeptide-1, Palmitoyl Tetrapeptide-7 [Advanced Snail 92 All In One Cream] Snail Secretion Filtrate, Betaine, Caprylic/Capric Triglyceride, Cetearyl Olivate, Sorbitan Olivate, Cetearyl Alcohol, Carbomer, Arginine, Dimethicone, Sodium Polyacrylate, Phenoxyethanol, Sodium Hyaluronate, Stearic Acid, Allantoin, Panthenol, Xanthan Gum, Ethyl Hexanediol, Adenosine","• Snail secretion filtrate : Protect the skin barrier and Soothe sensitized skin after breakouts by replenishing moisture • Peptides : Reduce dark circles, fine lines and wrinkles",[],[],"[""cleanse"", ""hydrate"", ""repair"", ""soothe""]",gel,"/STEP 1. Advanced Snail Mucin Gel Cleanser/ Gently massage the cleanser on wet skin. Rinse thoroughly with tepid water. /STEP 2. Advanced Snail 96 Mucin Power Essence/ Apply a proper amount evenly, avoiding the eye area. /STEP 3. Advanced Snail Peptide Eye Cream/ Apply a proper amount around the eye area. Gently pat with fingertips for fast absorption. /STEP 4. Advanced Snail 92 All In One Cream/ Apply a proper amount evenly, avoiding the eye area. /STEP 1. Advanced Snail Mucin Gel Cleanser/ Gently massage the cleanser on wet skin. Rinse thoroughly with tepid water. /STEP 2. Advanced Snail 96 Mucin Power Essence/ Apply a proper amount evenly, avoiding the eye area. /STEP 3. Advanced Snail Peptide Eye Cream/ Apply a proper amount around the eye area. Gently pat with fingertips for fast absorption. /STEP 4. Advanced Snail 92 All In One Cream/ Apply a proper amount evenly, avoiding the eye area.",,https://www.cosrx.com/cdn/shop/files/all-about-snail-kit-4-step-cosrx-official-1_800x.png?v=1724835890,https://www.cosrx.com/products/all-about-snail-kit-4-step,,74,true,true,[],[],[],"[""skin_types"", ""skin_concerns"", ""warnings"", ""volume""]","{""care_goals"": [], ""category"": [], ""skin_concerns"": [], ""skin_types"": []}",USD,cosrx,,0.3.0,2026-09-15T06:34:59.707638+00:00,
113021080,Aloe Soothing Sun Cream SPF50+/ PA+++,COSRX,sunscreen,16.0,USD,1.69floz,"﻿Size : 1.69 fl.oz / 50ml Is this moisturizer? No, it's sunscreen!Formulated with Aloe Arborescens Leaf Extract, the daily soothing sunblock is so lightweight that is feels like a moisturizer, and it does not leave any white cast. Designed to be travel friendly, you can easily carry COSRX Aloe Soothing Sun Cream anywhere and layer on sun protection anytime.","No, it's sunscreen!Formulated with Aloe Arborescens Leaf Extract, the daily soothing sunblock is so lightweight that is feels like a moisturizer, and it does not leave any white cast. Designed to be travel friendly, you can easily carry COSRX Aloe Soothing Sun Cream anywhere and layer on sun protection anytime.","Aqua/Water, Ethylhexyl Methoxycinnamate, Glycerin, Propylene Glycol, Dimethicone, Phenylbenzimidazole Sulfonic Acid, Bis-Ethylhexyloxyphenol Methoxyphenyl Triazine, Dicaprylyl Carbonate, Isoamyl p-Methoxycinnamate, Potassium Cetyl Phosphate, Alcohol, Butylene Glycol, Glyceryl Stearate, Titanium Dioxide, C14-22 Alcohols, Polymethyl Methacrylate, Cetearyl Alcohol, PEG-100 Stearate, Aloe Barbadensis Leaf Extract, Arginine, Silica, Sodium Hydroxide, C12-20 Alkyl Glucoside, Aluminum Hydroxide, Stearic Acid, Dimethicone/Vinyl Dimethicone Crosspolymer, Parfum/Fragrance, Phenoxyethanol, Caprylyl Glycol, Acrylates/C10-30 Alkyl Acrylate Crosspolymer, Carbomer, Dipotassium Glycyrrhizate, Xanthan Gum, Limonene, Tocopheryl Acetate, Disodium EDTA, Hexyl Cinnamal, Linalool, Benzyl Salicylate, Geraniol, Citronellol, Benzyl Benzoate, Citral, Benzyl Alcohol, Tocopherol","• Aloe Complex 55,000ppm : Soothes & hydrates","[""sensitive"", ""oily""]",[],"[""hydrate"", ""soothe"", ""sun_protection""]",cream,"Apply a generous amount on over face 30 minutes before sun exposure.Reapply throughout the day as needed, especially during prolonged sun exposure.",,https://www.cosrx.com/cdn/shop/files/aloe-soothing-sun-cream-spf50-pa-cosrx-official-1_800x.jpg?v=1724835559,https://www.cosrx.com/products/aloe-soothing-sun-cream-spf50-pa,,86,true,true,[],[],[],"[""skin_concerns"", ""warnings""]","{""care_goals"": [], ""category"": [], ""skin_concerns"": [], ""skin_types"": []}",USD,cosrx,,0.3.0,2026-09-15T06:35:05.023802+00:00,
113020193,Balancium Comfort Ceramide Cream,COSRX,moisturizer,26.0,USD,,"Pure comfort for sensitized skin What it is: Lightweight yet rich moisturizer for suffered skin by sensitivity.Calm, soothe, and strengthen your skin without a cloggy oily feeling. WHY IT'S SPECIAL: RX. CeramideCeramide NP strengthens the broken skin barrier and regenerates the sensitized, damaged skin so that your skin will feel comfortable and healthy from the inside to the surface. Medical grade centella AsiaticaHighly-effective, premium ingredients recover the balance between oil and moisture of your skin and improve skin elasticity. Matte balm textureNo more dry, patchy skin! Matte balm type texture comforts both oily and dry skin without and greasy residue. Real balance cream for acne skin after calming acne. Size: 2.82 oz / 80g","RX. CeramideCeramide NP strengthens the broken skin barrier and regenerates the sensitized, damaged skin so that your skin will feel comfortable and healthy from the inside to the surface. Medical grade centella AsiaticaHighly-effective, premium ingredients recover the balance between oil and moisture of your skin and improve skin elasticity. Matte balm textureNo more dry, patchy skin! Matte balm type texture comforts both oily and dry skin without and greasy residue. Real balance cream for acne skin after calming acne. Size: 2.82 oz / 80g","Centella Asiatica Leaf Water, Butylene Glycol, Glycerin, Helianthus Annuus (Sunflower) Seed Oil, Caprylic/Capric Triglyceride, Cetearyl Alcohol , Betaine, 1,2-Hexanediol, Cetearyl Olivate, Elaeis Guineensis (Palm) oil,Ceramide NP,Sorbitan Olivate,Hydrogenated Lecithin,Triethylhexanoin, Beeswax,Elaeis Guineensis (Palm) Kernel Oil,Hydroxyethyl Acrylate/Sodium Acryloyldimethyl Taurate Copolymer, Ethylhexylglycerin, Cyclohexasiloxane, Cassia Obtusifolia Seed Extract,Sucrose Distearate,Dipropylene Glycol, Panthenol, Niacinamide, Dimethicone/Vinyl Dimethicone Crosspolymer, Glyceryl Stearate,Xanthan Gum,Sodium Hyaluronate, ,Limonene, Citrus Aurantium Bergamia (Bergamot) Fruit Oil, Asiaticoside, Asiatic Acid, Madecassic Acid, Linalool",,"[""sensitive"", ""dry""]","[""acne"", ""redness"", ""sensitivity""]","[""hydrate"", ""anti_acne"", ""anti_aging"", ""repair"", ""soothe""]",cream,Apply a proper amount evenly onto face avoiding the eye area.,,https://www.cosrx.com/cdn/shop/files/balancium-comfort-ceramide-cream-cosrx-official-1_800x.jpg?v=1724836862,https://www.cosrx.com/products/balancium-comfort-ceramide-cream,,84,true,true,[],[],[],"[""key_ingredients"", ""warnings"", ""volume""]","{""care_goals"": [], ""category"": [], ""skin_concerns"": [], ""skin_types"": []}",USD,cosrx,,0.3.0,2026-09-15T06:35:10.331660+00:00,
113020485,BHA Blackhead Power Liquid,COSRX,serum,25.0,USD,100ml,Size :100ml / 3.38 fl. oz Blackheads OUT! Pores CLEAR! BHA & Niacinamide exfoliating liquid for gentle exfoliation and oil control. Suggested for mid-level acid users.,BHA & Niacinamide exfoliating liquid for gentle exfoliation and oil control.,"Salix Alba (Willow) Bark Water, Butylene Glycol, Betaine Salicylate, Niacinamide, 1,2-Hexanediol, Arginine, Panthenol, Sodium Hyaluronate, Xanthan Gum, Ethyl Hexanediol",• Salix Alba (Willow) Bark Water +Betaine Salicylate : Clears clogged pores & improves skin tone and texture • Niacinamide : Reduces marks from spots & boosts radiance,"[""sensitive"", ""oily""]","[""acne"", ""large_pores""]","[""cleanse"", ""oil_control"", ""exfoliate""]",liquid,"After cleansing, use in the skin, toner, or essence step. If used as toner, make sure the liquid is fully absorbed before applying next step skincare products. Recommend to use 2-3 times in a week, and gradually build up the usage according to the skin condition. * If used during the day, please be sure to apply sunscreen. After cleansing, use in the skin, toner, or essence step. If used as toner, make sure the liquid is fully absorbed before applying next step skincare products. Recommend to use 2-3 times in a week, and gradually build up the usage according to the skin condition. * If used during the day, please be sure to apply sunscreen.",,https://www.cosrx.com/cdn/shop/files/bha-blackhead-power-liquid-cosrx-official-1_800x.jpg?v=1689840681,https://www.cosrx.com/products/bha-blackhead-power-liquid,,96,true,true,[],[],[],"[""warnings""]","{""care_goals"": [], ""category"": [], ""skin_concerns"": [], ""skin_types"": []}",USD,cosrx,,0.3.0,2026-09-15T06:35:12.384846+00:00,
113020106,Centella Water Alcohol-Free Toner,COSRX,toner,17.0,USD,150ml,"Size : 150ml / 5.07 fl. oz Soothing & Hydrating! What sensitive skin owner needs Watery, spray type toner provides relief to irritated and sensitive skin and calms redness. We kept the ingredient list short and simple and exclude all the unnecessary ingredients that might irritate the skin.","What sensitive skin owner needs Watery, spray type toner provides relief to irritated and sensitive skin and calms redness.","Water, Centella Asiatica Leaf Water, Butylene Glycol , 1,2-Hexanediol, Betaine, Panthenol, Allantoin, Ethyl Hexanediol, Sodium Hyaluronate","• 84.69% Jeju mineral water : Create glowy, smooth look by hydrating and nourishing the skin • 10% Centella Asiatica leaf water : Help soothe irritated skin and calm inflammed red skin","[""sensitive"", ""combination""]","[""redness"", ""sensitivity""]","[""cleanse"", ""hydrate"", ""soothe""]",,"After cleansing, spray the toner onto a cotton pad and gently wipe onto face, avoiding the eye and mouth area. Use as a mist to freshen up throughout the day.",,https://www.cosrx.com/cdn/shop/files/centella-water-alcohol-free-toner-cosrx-official-1_800x.jpg?v=1724835527,https://www.cosrx.com/products/centella-water-alcohol-free-toner,,94,true,true,[],[],[],"[""warnings"", ""texture""]","{""care_goals"": [], ""category"": [], ""skin_concerns"": [], ""skin_types"": []}",USD,cosrx,,0.3.0,2026-09-15T06:35:17.275508+00:00,
113020154,Balancium Comfort Ceramide Soft Cream Sheet Mask,COSRX,serum,6.99,USD,,Milky and soft! Enhancing skin barrier with “Cream” sheet mask! Soft cream sheet mask that melts a highly concentrated ceramide essence into a cream form to help moisturize fragile skin and strengthen skin barrier. Size: 1ea,Enhancing skin barrier with “Cream” sheet mask! Soft cream sheet mask that melts a highly concentrated ceramide essence into a cream form to help moisturize fragile skin and strengthen skin barrier.,"Water, Propanediol, Caprylic/Capric Triglyceride, Glycerin, Polyglyceryl-3 Methylglucose Distearate, 1,2-Hexanediol, Panthenol, Ceramide NP, Hydrogenated Lecithin, Hexylene Glycol, Hydroxyacetophenone, Allantoin, Glyceryl Stearate, Dipropylene Glycol, Hydrolyzed Jojoba Esters, Hydroxyethylcellulose, Carbomer, Sorbitan Stearate, Arginine, Sorbitan Sesquioleate, Dipotassium Glycyrrhizate, Disodium EDTA, Sodium Hyaluronate, Sucrose Cocoate, Olea Europaea (Olive) Fruit Oil, Citrus Aurantium Bergamia (Bergamot) Fruit Oil, Canarium Luzonicum Gum Nonvolatiles, Cupressus Sempervirens Oil","• Ceramide NP 2,800 ppm : Replenish moisture and restore the damaged skin barrier","[""sensitive"", ""dry""]",[],"[""hydrate"", ""repair"", ""soothe""]",cream,"Apply this mask evenly on your face. After 15 to 20 minutes, remove the mask and gently pat to absorb the remaining essence. *For external use only. Do not get into eyes.",,https://www.cosrx.com/cdn/shop/files/balancium-comfort-ceramide-soft-cream-sheet-mask-cosrx-official-1_800x.jpg?v=1724835930,https://www.cosrx.com/products/comfort-ceramide-soft-cream-sheet-mask,,84,true,true,[],[],[],"[""skin_concerns"", ""warnings"", ""volume""]","{""care_goals"": [], ""category"": [], ""skin_concerns"": [], ""skin_types"": []}",USD,cosrx,,0.3.0,2026-09-15T06:35:21.832349+00:00,
113021204,COSRX 5 PDRN B5 Vital Soothing Toner,COSRX,toner,23.0,USD,280ml,"#Revitalizing Toner for Glow, Firmness & Soothing with 5 PDRN & Vitamin B5 A daily PDRN toner with 5 PDRN and Panthenol(B5) to soothe irritated skin and enhance overall skin health. Size: 280 mL / 9.46 fl oz, 80 mL / 2.71 fl oz","Revitalizing Toner for Glow, Firmness & Soothing with 5 PDRN & Vitamin B5 A daily PDRN toner with 5 PDRN and Panthenol(B5) to soothe irritated skin and enhance overall skin health.","Aqua/Water, Butylene Glycol, Glycerin, Niacinamide, Pentylene Glycol, 2,3-Butanediol, 1,2-Hexanediol, Betaine, Diethoxyethyl Succinate, Sodium DNA, Carbomer, Arginine, Panthenol, Ethylhexylglycerin, Adenosine, Hydrolyzed Corn Starch, Disodium EDTA, Allantoin, Sucrose, Lactobacillus Ferment, Pantothenic Acid, Alpha-Arbutin, Hydrolyzed Collagen, Centella Asiatica Extract, Propanediol, Tocopherol, Sodium Phytate, Sodium Hyaluronate, Hydrolyzed DNA, Caprylyl Glycol, Hydroxypropyltrimonium Hyaluronate, Acetyl Hexapeptide-8, Hydrolyzed Hyaluronic Acid, Sodium Acetylated Hyaluronate, Hyaluronic Acid, Hydrolyzed Sodium Hyaluronate, Sodium Hyaluronate Crosspolymer, Potassium Hyaluronate","• 5 PDRN : Boost skin repair, reduce aging signs, and brighten skin. • Vitamin B5 (Panthenic Acid, Panthenol) : Delivers active nourishment and soothes sensitive skin for a stronger barrier. • Acetyl Hexapeptide-8, Adenosine, Low Molecular Weight Collagen (200 Da) : Work synergistically to improve sagging skin, reduce wrinkles, enhance firmness, and restore vitality. • 8 Types of Hyaluronic Acid (Low, Medium & High Molecular Weight) : Provide deep, multi-layered hydration to replenish moisture and maintain skin’s plumpness.","[""sensitive"", ""dry""]",[],"[""brighten"", ""soothe""]",,Apply an appropriate amount to the face as the first step of skincare and gently massage until absorbed.,,https://www.cosrx.com/cdn/shop/files/5PDRN_Toner_00_800x.webp?v=1761526535,https://www.cosrx.com/products/cosrx-5-pdrn-b5-vital-soothing-toner,,84,true,true,[],[],[],"[""skin_concerns"", ""warnings"", ""texture""]","{""care_goals"": [], ""category"": [], ""skin_concerns"": [], ""skin_types"": []}",USD,cosrx,,0.3.0,2026-09-15T06:35:25.201125+00:00,
113021205,COSRX 5 PDRN Collagen Intense Vitalizing Serum,COSRX,serum,25.0,USD,100ml,"#Daily Boost Serum for Vitality, Glow, Firmness, and Vitalizing with 5 PDRN & Collagen A daily PDRN serum with 5 PDRN and Low-Molecular-Weight Collagen to help manage skin elasticity and enhance overall skin health. Size: 100 mL / 3.38 fl oz, 50 mL / 1.69 fl oz","Daily Boost Serum for Vitality, Glow, Firmness, and Vitalizing with 5 PDRN & Collagen A daily PDRN serum with 5 PDRN and Low-Molecular-Weight Collagen to help manage skin elasticity and enhance overall skin health.","Aqua/Water, Dipropylene Glycol, Butylene Glycol, Pentylene Glycol, Glycerin, Niacinamide, 1,2-Hexanediol, Betaine, Panthenol, Sodium DNA, Ammonium Acryloyldimethyltaurate/VP Copolymer, Polyacrylate Crosspolymer-6, Xanthan Gum, Ethylhexylglycerin, Adenosine, Hydrolyzed Corn Starch, Disodium EDTA, Hydrolyzed Collagen, Sucrose, t-Butyl Alcohol, Lactobacillus Ferment, Allantoin, Alpha-Arbutin, Centella Asiatica Extract, Propanediol, Tocopherol, Sodium Phytate, Sodium Hyaluronate, Hydrolyzed DNA, Caprylyl Glycol, Hydroxypropyltrimonium Hyaluronate, Acetyl Hexapeptide-8, Hydrolyzed Hyaluronic Acid, Sodium Acetylated Hyaluronate, Hyaluronic Acid, Hydrolyzed Sodium Hyaluronate, Sodium Hyaluronate Crosspolymer, Potassium Hyaluronate","• 5 PDRN : Boost skin repair, reduce aging signs, and brighten skin. • Low Molecular Weight Collagen (200 Da) : Boosts vitality, brightens skin, improves blemishes, and strengthens the skin barrier. • Niacinamide & Alpha-Arbutin : Improve pigmentation, even skin tone, and enhance radiance. • 8 Types of Hyaluronic Acid (Low, Medium & High Molecular Weight) : Provide deep, multi-layered hydration to replenish moisture and maintain skin’s plumpness. • Panthenol & Allantoin : Soothe and calm sensitive skin with weakened natural defenses, helping to reduce irritation.","[""sensitive""]",[],"[""brighten"", ""anti_aging""]",serum,Apply an appropriate amount to the face during the serum step of skincare and gently massage until absorbed.,,https://www.cosrx.com/cdn/shop/files/5PDRN_Serum_00_41bfc9ae-bbf5-40a2-a27c-35b27a2f0780_800x.webp?v=1761526605,https://www.cosrx.com/products/cosrx-5-pdrn-collagen-intense-vitalizing-serum,,86,true,true,[],[],[],"[""skin_concerns"", ""warnings""]","{""care_goals"": [], ""category"": [], ""skin_concerns"": [], ""skin_types"": []}",USD,cosrx,,0.3.0,2026-09-15T06:35:27.307197+00:00,
113021198,COSRX 5 PDRN Hyaluronic Acid Vital Hydrating Hydrogel Mask,COSRX,mask,15.0,USD,,"#Home Care for Vitality, Glow, and Firmness with PDRN & Hyaluronic Acid This hydrogel mask, formulated with 5 PDRN and 8 types of Hyaluronic Acid, turns transparent as it delivers active ingredients onto the skin. It helps revitalize tired, dull skin and restore a healthy, hydrated complexion — just like after special care. Quantity : 1sheet / 3sheets","Home Care for Vitality, Glow, and Firmness with PDRN & Hyaluronic Acid This hydrogel mask, formulated with 5 PDRN and 8 types of Hyaluronic Acid, turns transparent as it delivers active It helps revitalize tired, dull skin and restore a healthy, hydrated complexion — just like after special care.","Aqua/Water, Glycerin, Acrylates Copolymer, Niacinamide, 1,2-Hexanediol, Ceratonia Siliqua (Carob) Gum, Chondrus Crispus, Agar, Sclerotium Gum, Potassium Chloride, Sucrose, Butylene Glycol, Sodium Hyaluronate, Cellulose Gum, Polyglyceryl-10 Laurate, Panthenol, Allantoin, Xanthan Gum, Ethylhexylglycerin, Adenosine, Coptis Japonica Root Extract, Sodium Phytate, Sodium DNA, Alpha-Arbutin, Cyanocobalamin, Lactobacillus Ferment, Hydrolyzed Collagen, Centella Asiatica Extract, Caprylyl Glycol, Hydroxypropyltrimonium Hyaluronate, Hydrolyzed Hyaluronic Acid, Hydrolyzed Sodium Hyaluronate, Hyaluronic Acid, Potassium Hyaluronate, Sodium Hyaluronate Crosspolymer, Tocopherol, Acetyl Hexapeptide-8, Propanediol, Pentylene Glycol, Sodium Acetylated Hyaluronate, Hydrolyzed DNA","• 5 PDRN : Boost skin recovery, improve signs of aging, enhance radiance, and reduce dark spots. • 8 Types of Hyaluronic Acid (Low, Medium & High Molecular Weight) : Provide deep, multi-layered hydration to replenish moisture and maintain skin’s plumpness. • Niacinamide & Alpha-Arbutin : Improve pigmentation, even skin tone, and enhance radiance. • Acetyl Hexapeptide-8, Adenosine, Low Molecular Weight Collagen (200 Da) : Work synergistically to improve sagging skin, reduce wrinkles, enhance firmness, and restore vitality. • Panthenol & Allantoin : Soothe and calm sensitive skin with weakened natural defenses, helping to reduce discomfort.","[""sensitive""]","[""dullness""]","[""cleanse"", ""hydrate"", ""brighten""]",,"1. After cleansing, apply toner or serum. 2. Open the pouch, remove the films, and put on the mask. 3. After about 2-3 hours or when the mask turns transparent, remove it and gently massage the remaining essence onto your face. *TIP* Better results can be expected if you use it as an OVERNIGHT TREATMENT. *","* For external use only. Do not get into eyes. If contact occurs, rinse eye thoroughly with water. After opening, please use it immediately as it may dry out.",https://www.cosrx.com/cdn/shop/files/5PDRN_Hydrogel_Mask_00_800x.webp?v=1761526641,https://www.cosrx.com/products/cosrx-5-pdrn-hyaluronic-acid-vital-hydrating-hydrogel-mask,,96,true,true,[],[],[],"[""texture"", ""volume""]","{""care_goals"": [], ""category"": [], ""skin_concerns"": [], ""skin_types"": []}",USD,cosrx,,0.3.0,2026-09-15T06:35:30.745970+00:00,
113020521,Advanced Snail Mucin Glass Glow Hydrogel Mask,COSRX,mask,15.0,USD,,"#Glow now with Snail Mucin Achieve glass-like skin in just one use with the premium Snail & Collagen Hydrogel Mask!Formulated with 25% Snail Secretion, this mask turns transparent as it deeply moisturizes, enhances radiance, soothes sensitive skin, and softens texture—delivering instant benefits you can see and feel. Quantity : 1sheet / 3sheets","Glow now with Snail Mucin Achieve glass-like skin in just one use with the premium Snail & Collagen Hydrogel Mask!Formulated with 25% Snail Secretion, this mask turns transparent as it deeply moisturizes, enhances radiance, soothes sensitive skin, and softens texture—delivering instant","Aqua/Water, Snail Secretion Filtrate, Glycerin, Acrylates Copolymer, Niacinamide, 1,2-Hexanediol, Ceratonia Siliqua (Carob) Gum, Chondrus Crispus, Butylene Glycol, Betaine, Potassium Chloride, Agar, Erythritol, Sclerotium Gum, Sucrose, Cellulose Gum, Allantoin, Polyglyceryl-10 Laurate, Panthenol, Ethylhexylglycerin, Adenosine, Sodium Phytate, Hydrogenated Lecithin, Cetearyl Alcohol, Stearic Acid, Pentylene Glycol, Hydrolyzed Collagen, Gluconolactone, Ceramide NP, Sodium Hyaluronate, Tocopherol, Sodium Hyaluronate Crosspolymer, Hydrolyzed Hyaluronic Acid, Ceramide NS, Cholesterol, Phytosphingosine, Hyaluronic Acid, Ceramide AP, Ceramide AS, Hydrolyzed Sodium Hyaluronate, Ceramide EOP","• 25% Snail Secretion Filtrate (Mucin) : Improves glow, hydrates the skin, soothes irritation, Improve elasticity • Low Molecular Weight 200Da Collagen / Adenosine : Improves elasticity • Niacinamide / Gluconolactone : Improves glow • 5 types of Hyaluronic Acids & Ceramides / Panthenol : Hydrates the skin • Betaine / Allantoin : Soothes the skin","[""sensitive""]","[""sensitivity""]","[""cleanse"", ""hydrate"", ""brighten"", ""soothe""]",,"1. After cleansing, apply toner or serum. 2. Open the pouch, remove the films, and put on the mask. 3. After 2-3 hours or when the mask turn transparent, remove it and gently massage the remaining essence onto your face. *TIP* Better results can be expected if you use it as an OVERNIGHT TREATMENT . 1. After cleansing, apply toner or serum. 2. Open the pouch, remove the films, and put on the mask. 3. After 2-3 hours or when the mask turn transparent, remove it and gently massage the remaining essence onto your face. *TIP* Better results can be expected if you use it as an OVERNIGHT TREATMENT .",,https://www.cosrx.com/cdn/shop/files/Snail_Hydrogel_Mask_BAZAAR_800x.jpg?v=1759391631,https://www.cosrx.com/products/cosrx-advanced-snail-mucin-glass-glow-hydrogel-mask_3ea,,92,true,true,[],[],[],"[""warnings"", ""texture"", ""volume""]","{""care_goals"": [], ""category"": [], ""skin_concerns"": [], ""skin_types"": []}",USD,cosrx,,0.3.0,2026-09-15T06:35:34.441113+00:00,
113020450,Advanced Snail Mucin Power Sheet Mask 10 Sheets,COSRX,mask,25.0,USD,,"Nourished & plump skin on one sheet! Sheet mask dipped in 35,000 ppm of snail mucin delivers nourishment and hydration skin deep! The natural-derived cellulose sheet creates perfect face-hugging fit and allows rich formula to be effectively absorbed into skin. Quantity: 10 Sheets","Nourished & plump skin on one sheet! Sheet mask dipped in 35,000 ppm of snail mucin delivers nourishment and hydration skin deep! The natural-derived cellulose sheet creates perfect face-hugging fit and allows rich formula to be effectively absorbed into skin.","Water, Butylene Glycol, Glycerin, Snail Secretion Filtrate, 1,2-Hexanediol, Panthenol, Hydroxyacetophenone, Hexylene Glycol, Xanthan Gum, Dipropylene Glycol, Sodium Polyacrylate, Allantoin, Hydroxyethylcellulose, Sodium Hyaluronate, Disodium EDTA, Dipotassium Glycyrrhizate, Melaleuca Alternifolia (Tea Tree) Leaf Oil, Polyglyceryl-10 Laurate, Polyglyceryl-10 Myristate","• Snail secretion filtrate 35,000 ppm : Nourish and plump leaving the skin healthy",[],[],"[""hydrate""]",sheet mask,"Apply the sheet mask evenly on your face. After 10 to 20 minutes, remove the mask and pat the remaining essence gently.",,https://www.cosrx.com/cdn/shop/files/advanced-snail-mucin-power-sheet-mask-10-sheets-cosrx-official-1_800x.jpg?v=1724835952,https://www.cosrx.com/products/cosrx-advanced-snail-mucin-power-sheet-mask-10-sheets,,74,true,true,[],[],[],"[""skin_types"", ""skin_concerns"", ""warnings"", ""volume""]","{""care_goals"": [], ""category"": [], ""skin_concerns"": [], ""skin_types"": []}",USD,cosrx,,0.3.0,2026-09-15T06:35:36.940255+00:00,
113021058,COSRX AIRY-LIGHT OIL CONTROL CLEAR SUNSCREEN STICK SPF 50,COSRX,sunscreen,23.0,USD,,"#Broad-Spectrum SPF 50 Protection With A Clear, Airy-Light Texture An airy, transparent formula glides on smoothly without a white cast, providing powerful UV protection with waterproof resistance to water and sweat—all in a portable sunscreen stick.","Broad-Spectrum SPF 50 Protection With A Clear, Airy-Light Texture An airy, transparent formula glides on smoothly without a white cast, providing powerful UV protection with waterproof resistance to water and sweat—all in a portable sunscreen stick.","Diethylhexyl Carbonate, Homosalate, Methyl Methacrylate Crosspolymer, Synthetic Wax, Octocrylene, Dimethicone, Dimethicone/Vinyl Dimethicone Crosspolymer, Ethylhexyl Salicylate, Butyloctyl Salicylate, Isopropyl Palmitate, Butyl Methoxydibenzoylmethane, Diisostearyl Malate, Dimethiconol, Trisiloxane, Diphenylsiloxy Phenyl Trimethicone, Ethylhexyl Isononanoate, Synthetic Fluorphlogopite, Polyethylene, Polymethylsilsesquioxane, Bis-Behenyl/Isostearyl/Phytosteryl Dimer Dilinoleyl Dimer Dilinoleate, Ethylene/Propylene Copolymer, Camellia Japonica Seed Oil, Silica Dimethyl Silylate, Dimethicone Crosspolymer, Candelilla Wax Esters, Copernicia Cerifera (Carnauba) Wax, 3-O-Ethyl Ascorbic Acid, Panthenol, Sodium Hyaluronate, Tocopheryl Acetate",• Vitamin E(Tocopheryl Acetate) & Vitamin C(3-O-Ethyl Ascorbic) : Protects the skin from damage caused by oxidative stress • Panthenol(B5) : Soothes irritation and protects against damage • Sodium Hyaluronate : Provides hydration and alleviates dryness,"[""sensitive"", ""oily""]",[],"[""oil_control"", ""sun_protection""]",stick,"Turn the dial at the bottom of the container and apply evenly to areas of skin that are frequently exposed to UV rays. *TIP* The stick format makes it easy to carry and reapply anytime, anywhere for convenient sun protection. *","* Do not stay too long in the sun, even while using a sunscreen product. Keep babies and young children out of direct sunlight. Over-exposure to the sun is a serious health threat. Turn the dial at the bottom of the container and apply evenly to areas of skin that are frequently exposed to UV rays. *TIP* The stick format makes it easy to carry and reapply anytime, anywhere for convenient sun protection. *Cautions* Do not stay too long in the sun, even while using a sunscreen product. Keep babies and young children out of direct sunlight. Over-exposure to the sun is a serious health threat.",https://www.cosrx.com/cdn/shop/files/Airy-Light_Clear_SunStick_00_ffd57aae-2ac6-4ab6-870a-ccd935fc20c3_800x.jpg?v=1778562098,https://www.cosrx.com/products/cosrx-airy-light-clear-sunscreen-stick,,88,true,true,[],[],[],"[""skin_concerns"", ""volume""]","{""care_goals"": [], ""category"": [], ""skin_concerns"": [], ""skin_types"": []}",USD,cosrx,,0.3.0,2026-09-15T06:35:38.891856+00:00,
113021178,COSRX PDRN EXOSOME Skinplaning Glaze Mask,COSRX,mask,17.0,USD,50ml,"#Opalescent Cream-To-Film #PDRN+Exosome #GlazeSkinMask #SmoothPeelOff A one layer peel-off mask that instantly transforms dull, uneven skin into a plump, glazed glow. Powered by PDRN + EXOSOME, it boosts firmness, hydration, and refines skin texture in just one use. Comes with a hygienic silicone brush for smooth, mess-free application. Size: 50 mL / 1.69 fl oz","Opalescent Cream-To-Film #PDRN+Exosome #GlazeSkinMask #SmoothPeelOff A one layer peel-off mask that instantly transforms dull, uneven skin into a plump, glazed glow. Powered by PDRN + EXOSOME, it boosts firmness, hydration, and refines skin texture in just one use. Comes with a hygienic silicone brush for smooth, mess-free application.","Aqua/Water, Polyvinyl Alcohol, Octyldodecanol, Methylpropanediol, Butylene Glycol, Niacinamide, Caprylic/Capric Triglyceride, 1,2-Hexanediol, Algin, Polysorbate 80, Pentaerythrityl Tetraethylhexanoate, Pullulan, Simmondsia Chinensis (Jojoba) Seed Oil, Polyglyceryl-10 Oleate, Glyceryl Stearate, PEG-100 Stearate, Titanium Dioxide, Disteardimonium Hectorite, Synthetic Fluorphlogopite, Mica, Microcrystalline Cellulose, Ethylhexylglycerin, Sphingomonas Ferment Extract, Adenosine, Cellulose Gum, Sodium Phytate, Sodium DNA, Tin Oxide, Glutathione, Acetyl Glucosamine, Allantoin, Panthenol, Hydrolyzed Collagen, Gluconolactone, Mannitol, Centella Asiatica Leaf Extract, Glycerin, Lactobacillus Extracellular Vesicles, Hydrated Silica, Citric Acid, Sodium Hyaluronate, Caprylyl Glycol, Acetyl Hexapeptide-8","• PDRN (Polydeoxyribonucleotide) : A DNA-derived ingredient originally from salmon, known for its skin-friendly structure. Helps send “repair signals” to boost elasticity and restore natural radiance. • Exosome (Lactobacillus & Centella-derived) : Tiny vesicles packed with proteins and growth factors that mimic the benefits of probiotics and Centella. Deliver powerful skin-boosting nutrients deep into the skin for firm, glowing results. *PDRN + EXOSOME Synergy* Work through different mechanisms to restore skin’s natural glow more effectively—plumping, strengthening, and revitalizing from within.","[""dry"", ""combination""]",[],"[""hydrate"", ""brighten""]",cream,"1. As the final step of your skincare routine, apply an even layer to clean, dry skin, avoiding the eyes and lips. Use the included brush for smooth, mess-free application. 2. Let it dry completely until a clear film forms . 3. Gently peel off from the edges and pat in any remaining essence. *Drying Time* • Thin layer : ~20 mins • Thick layer : ~40 mins (Varies by skin type & environment) *Tip* For an intensive glow, we recommend using overnight. *","* If you experience redness, swelling, or itching during or after use due to direct sunlight exposure, stop use and consult a dermatologist. Do not apply to broken or damaged skin. Storage and Handling: a) Keep out of reach of children. b) Store away from direct sunlight. 1. As the final step of your skincare routine, apply an even layer to clean, dry skin, avoiding the eyes and lips. Use the included brush for smooth, mess-free application. 2. Let it dry completely until a clear film forms . 3. Gently peel off from the edges and pat in any remaining essence. *Drying Time* • Thin layer : ~20 mins • Thick layer : ~40 mins (Varies by skin type & environment) *Tip* For an intensive glow, we recommend using overnight. *Cautions* If you experience redness, swelling, or itching during or after use due to direct sunlight exposure, stop use and consult a dermatologist. Do not apply to broken or damaged skin. Storage and Handling: a) Keep out of reach of children. b) Store away from direct sunlight.",https://www.cosrx.com/cdn/shop/files/12_2c3d39b6-d732-43ac-aaeb-7ba00d005802_800x.jpg?v=1789115233,https://www.cosrx.com/products/cosrx-pdrn-exosome-skinplaning-glaze-mask,,90,true,true,[],[],[],"[""skin_concerns""]","{""care_goals"": [], ""category"": [], ""skin_concerns"": [], ""skin_types"": []}",USD,cosrx,,0.3.0,2026-09-15T06:35:41.787859+00:00,
113021302,COSRX RED RICE INOSITOL Exfoliating Care Pore Wash-Off Peel Serum,COSRX,serum,22.0,USD,80ml,"#Wash-Off Exfoliator #HydratingPeelOff One solution for every concern making your skin look dull and uneven — powered by Red Rice. A peeling serum that gently exfoliates dead skin cells and impurities, which may cause blackheads and whiteheads, for visibly smoother and clearer skin. Size: 80mL / 2.71 fl. oz.","A peeling serum that gently exfoliates dead skin cells and impurities, which may cause blackheads and whiteheads, for visibly smoother and clearer skin.","AQUA/WATER, DIPROPYLENE GLYCOL, TRIPROPYLENE GLYCOL, CELLULOSE, PROPANEDIOL, GLYCERIN, CARBOMER, STEARTRIMONIUM METHOSULFATE, ORYZA SATIVA (RICE) SEED WATER, ISOPROPYL ALCOHOL, SACCHARIDE ISOMERATE, HYDROXYACETOPHENONE, GLYCERETH-25 PCA ISOSTEARATE, 1,2-HEXANEDIOL, CAPRYLYL GLYCOL, CETYL ETHYLHEXANOATE, ETHYLHEXYL PALMITATE, SQUALANE, INOSITOL, BUTYLENE GLYCOL, HYDROGENATED LECITHIN, HYDROLYZED JOJOBA ESTERS, ETHYLHEXYLGLYCERIN, CAPRYLIC/CAPRIC TRIGLYCERIDE, SODIUM HYALURONATE, SODIUM PHYTATE, CYANOCOBALAMIN, COPTIS JAPONICA ROOT EXTRACT, CITRIC ACID, SODIUM CITRATE, HYDROXYPROPYLTRIMONIUM HYALURONATE, DIPOTASSIUM GLYCYRRHIZATE, ORYZA SATIVA (RICE) EXTRACT, HYDROLYZED HYALURONIC ACID, SODIUM ACETYLATED HYALURONATE, PANTHENOL, GLUCONOLACTONE, NIACINAMIDE, HYALURONIC ACID, GLYCOLIC ACID, PHYTIC ACID, HYDROLYZED SODIUM HYALURONATE, SODIUM HYALURONATE CROSSPOLYMER, TOCOPHEROL, SALICYLIC ACID, CERAMIDE NP, BETAINE, TROMETHAMINE","• Red Rice Extract : Fermented red rice with 2x more active ingredients than conventional rice, gently caring for dead skin cells and excess sebum for a visibly cleaner, more refined complexion. • Inositol : A rice-derived active that deeply replenishes moisture, leaving skin plump and supple. • Phytic Acid : A natural acid-type active sourced from rice that refines skin texture and helps restore moisture-oil balance after peeling. *3 key ingredients, one goal — visibly minimize the appearance of pores and control excess sebum.","[""sensitive"", ""dry""]","[""acne"", ""large_pores""]","[""cleanse"", ""hydrate"", ""exfoliate""]",serum,"After cleansing, apply an adequate amount to dry skin and gently roll across the entire face, avoiding the eye area. Rinse thoroughly. *Tip* Designed as a mild peeling serum gentle enough for everyday use — even for first-time exfoliation. Incorporate into your daily routine whenever your skin needs a little extra texture care. *","* 1. If irritation, redness, swelling, or itching occurs during or after use, discontinue and consult a dermatologist. 2. Avoid applying to broken or damaged skin. 3. Keep out of reach of children. Store away from direct sunlight. After cleansing, apply an adequate amount to dry skin and gently roll across the entire face, avoiding the eye area. Rinse thoroughly. *Tip* Designed as a mild peeling serum gentle enough for everyday use — even for first-time exfoliation. Incorporate into your daily routine whenever your skin needs a little extra texture care. *Cautions* 1. If irritation, redness, swelling, or itching occurs during or after use, discontinue and consult a dermatologist. 2. Avoid applying to broken or damaged skin. 3. Keep out of reach of children. Store away from direct sunlight.",https://www.cosrx.com/cdn/shop/files/Thumb_RedRice_Inositol_Serum_800x1067_1cb5f547-d3ec-4d5b-bbd8-4d4c7700dd16_800x.webp?v=1775037226,https://www.cosrx.com/products/cosrx-red-rice-inositol-exfoliating-care-pore-peel-serum,,100,true,true,[],[],[],[],"{""care_goals"": [], ""category"": [], ""skin_concerns"": [], ""skin_types"": []}",USD,cosrx,,0.3.0,2026-09-15T06:36:03.270095+00:00,
113021301,COSRX RED RICE INOSITOL Pore Clarifying Deep Cleanser,COSRX,cleanser,20.0,USD,150ml,"#FaceMaskToFoam #DeepCleansing #RedRice A Low pH cleanser with a stretchy, bouncy texture that adheres closely to the skin to lift away impurities and excess sebum, leaving the skin smooth and clarified. Size: 150mL / 5.07 fl. oz.","FaceMaskToFoam #DeepCleansing #RedRice A Low pH cleanser with a stretchy, bouncy texture that adheres closely to the skin to lift away impurities and excess sebum, leaving the skin smooth and clarified.","AQUA/WATER, GLYCERIN, SODIUM COCOYL GLYCINATE, CELLULOSE, SODIUM LAUROYL GLUTAMATE, HYDRATED SILICA, KAOLIN, DISODIUM COCOAMPHODIACETATE, 1,2-HEXANEDIOL, ORYZA SATIVA (RICE) SEED WATER, BETAINE, SODIUM CHLORIDE, SODIUM SWEETALMONDAMPHOACETATE, LAURYL BETAINE, SODIUM METHYL COCOYL TAURATE, GLYCOL DISTEARATE, SODIUM POLYACRYLATE, GLYCOL STEARATE, ETHYLHEXYLGLYCERIN, HYDROXYACETOPHENONE, ACRYLATES/C10-30 ALKYL ACRYLATE CROSSPOLYMER, CITRIC ACID, INOSITOL, POLYGLYCERIN-3, PHYTOSTERYL/OCTYLDODECYL LAUROYL GLUTAMATE, GARDENIA FLORIDA FRUIT EXTRACT, DEXTRIN, CYANOCOBALAMIN, HEXYLENE GLYCOL, BUTYLENE GLYCOL, PANTHENOL, ORYZA SATIVA (RICE) SEED EXTRACT, NIACINAMIDE, GLUCONOLACTONE, PHYTIC ACID, BETA-GLUCAN, SODIUM HYALURONATE, TOCOPHEROL, CERAMIDE NP, HYDROLYZED HYALURONIC ACID, SODIUM ACETYLATED HYALURONATE","• Red Rice Extract : A special red rice crafted by fermenting conventional rice with Monascus, delivering superior efficacy compared to regular rice. • Inositol : A rice-derived active that deeply replenishes moisture, leaving skin plump and supple. • Phytic Acid : A natural acid-type active sourced from rice that refines skin texture.","[""sensitive"", ""dry""]","[""large_pores"", ""oiliness""]","[""cleanse""]",,"1. As a daily cleanser, dispense an adequate amount onto your hands, lather with water, and gently massage over the entire face before rinsing. 2. As a wash-off mask, apply a generous layer onto dry skin, avoiding the eye and mouth areas. After 1–2 minutes, gently roll off and rinse with lukewarm water. *","* 1. If irritation, redness, swelling, or itching occurs during or after use, discontinue and consult a dermatologist. 2. Avoid applying to broken or damaged skin. 3. Keep out of reach of children. Store away from direct sunlight. 4. If bubbles get into your eyes, rinse thoroughly with water. If irritation or discomfort persists, consult a dermatologist. 1. As a daily cleanser, dispense an adequate amount onto your hands, lather with water, and gently massage over the entire face before rinsing. 2. As a wash-off mask, apply a generous layer onto dry skin, avoiding the eye and mouth areas. After 1–2 minutes, gently roll off and rinse with lukewarm water. *Cautions* 1. If irritation, redness, swelling, or itching occurs during or after use, discontinue and consult a dermatologist. 2. Avoid applying to broken or damaged skin. 3. Keep out of reach of children. Store away from direct sunlight. 4. If bubbles get into your eyes, rinse thoroughly with water. If irritation or discomfort persists, consult a dermatologist.",https://www.cosrx.com/cdn/shop/files/Thumb_RedRice_Inositol_DeepCleanser_800x1067_1_800x.webp?v=1775037121,https://www.cosrx.com/products/cosrx-red-rice-inositol-pore-clarifying-deep-cleanser,,98,true,true,[],[],[],"[""texture""]","{""care_goals"": [], ""category"": [], ""skin_concerns"": [], ""skin_types"": []}",USD,cosrx,,0.3.0,2026-09-15T06:36:09.170630+00:00,
113020073,COSRX Skin Barrier Moisturizing Body Cream,COSRX,body_care,25.0,USD,450ml,"#Cloud-soft texture, perfect for body & face Clinically proven to deliver 100-hour hydration and strengthen the skin barrier. Formulated with 5 types of ceramides, this rich cream melts into a lightweight, non-greasy finish. For dry or sensitive skin from head to toe. Size: 450 ml / 15.2 fl. oz.","Cloud-soft texture, perfect for body & face Clinically proven to deliver 100-hour hydration and strengthen the skin barrier.","Aqua/Water, Glycerin, Cetearyl Alcohol, Caprylic/Capric Triglyceride, Cetyl Alcohol, Ceteareth-20, Behentrimonium Methosulfate, Dimethicone, Petrolatum, Butylene Glycol, Caprylyl Glycol, Potassium Phosphate, Ethylhexylglycerin, Disodium EDTA, Dipotassium Phosphate, Panthenol, Betaine, Synthetic Wax, Hydrogenated Lecithin, Squalane, Propanediol, Sodium PCA, Sodium Lactate, Stearic Acid, PCA, Sodium Hyaluronate, Polyglyceryl-10 Stearate, 1,2-Hexanediol, Serine, Alanine, Glycine, Hydrolyzed Hyaluronic Acid, Glutamic Acid, Lysine HCL, Threonine, Arginine, Ceramide NP, Sodium Hyaluronate Crosspolymer, Cholesterol, Hyaluronic Acid, Tocopherol, Proline, Palmitic Acid, Ceramide NS, Phytosphingosine, Sodium Acetylated Hyaluronate, Ceramide AP, Ceramide AS, Ceramide EOP","• 5-Ceramide Complex (Ceramide NP, NS, AP, AS, EOP): Reinforces the skin barrier and prevents moisture loss by mimicking skin’s natural lipids. • Cholesterol & Fatty Acids : Essential lipids that support barrier repair and restore skin elasticity and resilience. • Phytosphingosine, Squalane : Soothe irritation and help balance skin’s moisture levels for a healthy, nourished feel. • Multi-molecular Hyaluronic Acid (5 types) : Delivers multi-depth hydration and plumps dehydrated skin without heaviness. • Panthenol (Vitamin B5) : Calms redness and irritation while enhancing moisture retention and skin softness. • NMF (Natural Moisturizing Factor) : Replenishes skin’s natural moisture components to maintain long-lasting hydration.","[""sensitive"", ""dry"", ""oily""]","[""sensitivity"", ""acne""]","[""hydrate"", ""repair"", ""anti_acne""]",cream,"Apply a generous amount to dry areas like arms, legs, elbows, or hands. Massage gently until fully absorbed. For extra hydration, layer on dry, rough patches. * Tip * Works great as a nighttime intensive moisturizer for extra dry zones. *","* If you experience any abnormal symptoms or side effects such as redness, swelling, or itching due to direct sunlight during or after use, discontinue use and consult a dermatologist or healthcare professional. Do not use on areas with wounds or skin conditions. Storage and Handling: a) Keep out of reach of children. b) Store away from direct sunlight. Apply a generous amount to dry areas like arms, legs, elbows, or hands. Massage gently until fully absorbed. For extra hydration, layer on dry, rough patches. * Tip * Works great as a nighttime intensive moisturizer for extra dry zones. *Cautions* If you experience any abnormal symptoms or side effects such as redness, swelling, or itching due to direct sunlight during or after use, discontinue use and consult a dermatologist or healthcare professional. Do not use on areas with wounds or skin conditions. Storage and Handling: a) Keep out of reach of children. b) Store away from direct sunlight.",https://www.cosrx.com/cdn/shop/files/Skinbarrier_Cream_00_9ea9d922-f996-448a-b5b0-372c79f1043c_800x.webp?v=1755070414,https://www.cosrx.com/products/cosrx-skin-barrier-moisturizing-body-cream,,100,true,true,[],[],[],[],"{""care_goals"": [], ""category"": [], ""skin_concerns"": [], ""skin_types"": []}",USD,cosrx,,0.3.0,2026-09-15T06:36:15.263228+00:00,
113020929,COSRX The Alpha-Arbutin Discoloration Care Hydrogel Mask,COSRX,mask,15.0,USD,,"#Fade, Brighten and Glow Powered by Alpha-Arbutin This hydrogel mask, formulated with Alpha-Arbutin and Low-Molecular-Weight Collagen, turns transparent as it delivers active ingredients onto the skin. It helps reduce the appearance of blemishes and hyperpigmentation, revealing a clearer, more even-toned, and radiant complexion. Quantity : 1sheet / 3sheets","Fade, Brighten and Glow Powered by Alpha-Arbutin This hydrogel mask, formulated with Alpha-Arbutin and Low-Molecular-Weight Collagen, turns transparent as it delivers active It helps reduce the appearance of blemishes and hyperpigmentation, revealing a clearer, more even-toned, and radiant complexion.","Aqua/Water, Glycerin, Acrylates Copolymer, Niacinamide, 1,2-Hexanediol, Ceratonia Siliqua (Carob) Gum, Chondrus Crispus, Agar, Betaine, Sclerotium Gum, Potassium Chloride, Alpha-Arbutin, Erythritol, Sucrose, Cellulose Gum, Polyglyceryl-10 Laurate, Panthenol, Allantoin, Acetyl Glucosamine, Xanthan Gum, Ethylhexylglycerin, Adenosine, Theobroma Cacao (Cocoa) Seed Extract, Hydrolyzed Collagen, Sodium Phytate, Hydrogenated Lecithin, Cetearyl Alcohol, Stearic Acid, Pentylene Glycol, Ferulic Acid, Ceramide NP, Sodium Hyaluronate, Tocopherol, Sodium Hyaluronate Crosspolymer, Hydrolyzed Hyaluronic Acid, Ceramide NS, Cholesterol, Phytosphingosine, Hyaluronic Acid, Ceramide AP, Ceramide AS, Hydrolyzed Sodium Hyaluronate, Glutathione, Ceramide EOP","• Alpha-Arbutin : Brightens the skin for a clearer, more radiant complexion • Niacinamide & N-Acetyl Glucosamine (NAG) : Improves skin clarity and evens out skin tone • Glutathione & Ferulic acid : Enhances and prolongs brightening effects • Low Molecular Weight Collagen (200Da) & Adenosine : Boosts elasticity and improves skin firmness • 5 types of Hyaluronic Acids + Panthenol : Delivers deep, lasting hydration • 5 types of Ceramides + Cholesterol & Fatty Acids : Strengthens the skin's moisture barrier • Betaine & Allantoin : Soothes and calms sensitive skin","[""sensitive""]","[""acne"", ""dark_spot""]","[""cleanse"", ""brighten"", ""anti_acne""]",,"1. After cleansing, apply toner or serum. 2. Open the pouch, remove the films, and put on the mask. 3. After about 2-3 hours or when the mask turns transparent, remove it and gently massage the remaining essence onto your face. *TIP* Better results can be expected if you use it as an OVERNIGHT TREATMENT. *",""" For external use only. Do not get into eyes. If contact occurs, rinse eye thoroughly with water. After opening, please use it immediately as it may dry out.",https://www.cosrx.com/cdn/shop/files/Alpha-Arbutin_Hydroge_Mask_00_800x.webp?v=1749692231,https://www.cosrx.com/products/cosrx-the-alpha-arbutin-discoloration-care-hydrogel-mask,,96,true,true,[],[],[],"[""texture"", ""volume""]","{""care_goals"": [], ""category"": [], ""skin_concerns"": [], ""skin_types"": []}",USD,cosrx,,0.3.0,2026-09-15T06:42:21.565637+00:00,
113021188,COSRX The Blue Peptide Bakuchiol Plump Glow Serum,COSRX,serum,27.0,USD,50ml,"#CopperPeptide(GHK-Cu) #Bakuchiol #SkinPlumping A powerfully-formulated hydro-glow booster powered by Copper Tripeptide-1 (GHK-Cu) and Bakuchiol (a plant-based retinol alternative) to help visibly improve the look of skin density. This plumping radiance serum helps smooth the look of pores, texture, and dark spots for a flawless, glass-like glow.As Featured In: Named ""Best Peptide Serum for Large Pores"" by Marie Claire in The 10 Best Peptide Serums — praised for its lightweight feel and the combination of Copper Tripeptide, 5 Peptides, and Bakuchiol that visibly improves hydration, texture, and firmness.Key Ingredients: Copper Peptide 0.5% (5,000ppm) + Bakuchiol 0.25% (2,500ppm) Size: 50mL / 1.69 fl. oz.","CopperPeptide(GHK-Cu) #Bakuchiol #SkinPlumping A powerfully-formulated hydro-glow booster powered by Copper Tripeptide-1 (GHK-Cu) and Bakuchiol (a plant-based retinol alternative) to help visibly improve the look of skin density. This plumping radiance serum helps smooth the look of pores, texture, and dark spots for a flawless, glass-like glow.As Featured In: Named ""Best Peptide Serum for Large Pores"" by Marie Claire in The 10 Best Peptide Serums — praised for its lightweight feel and the combination of Copper Tripeptide, 5 Peptides, and Bakuchiol that visibly improves hydration, texture, and firmness.Key","AQUA/WATER, BUTYLENE GLYCOL, GLYCERIN, DIPROPYLENE GLYCOL, NIACINAMIDE, 1,2-HEXANEDIOL, BETAINE, DIETHOXYETHYL SUCCINATE, AMMONIUM ACRYLOYLDIMETHYLTAURATE/VP COPOLYMER, DIMETHICONE, COPPER TRIPEPTIDE-1(GHK-Cu), POLYGLYCERYL-6 CAPRYLATE, POLYGLYCERYL-4 CAPRATE, BAKUCHIOL, HYDROGENATED LECITHIN, ALCOHOL, SODIUM METHYL STEAROYL TAURATE, ETHYLHEXYLGLYCERIN, HYDROXYPROPYL STARCH PHOSPHATE, DISODIUM EDTA, ADENOSINE, CAPRYLYL GLYCOL, TOCOPHEROL, DIPEPTIDE DIAMINOBUTYROYL BENZYLAMIDE DIACETATE, ACETYL HEXAPEPTIDE-1, ACETYL HEPTAPEPTIDE-4, PANTHENOL, INOSITOL, ACETYL HEXAPEPTIDE-8, SODIUM HYDROXIDE, PROPANEDIOL, BETA-GLUCAN, SODIUM HYALURONATE, HYALURONIC ACID, SODIUM HYALURONATE CROSSPOLYMER, HYDROLYZED COLLAGEN, HYDROLYZED HYALURONIC ACID, SODIUM ACETYLATED HYALURONATE, ACETYL OCTAPEPTIDE-3","• Copper Tripeptide-1 (GHK-Cu): A naturally blue-hued ingredient that helps support the look of skin resilience, while visibly improving the appearance of early signs of aging for a firmer-looking complexion. • Bakuchiol: A plant-derived active from Babchi, traditionally used in skincare for its conditioning properties. A gentle alternative to retinol that supports early signs of aging care — suitable for sensitive skin and retinol beginners. • 5 Multi-Peptide Complex : A blend of 5 peptides formulated to help visibly improve the look of skin firmness and texture through multiple pathways. • Collagen & 5-Type Hyaluronic Acid: Formulated with collagen and a multi-molecular hyaluronic acid complex to help support the look of plump, hydrated skin. • Panthenol, Betaine & Tocopherol : A protective trio that helps soothe visible irritation and support skin resilience against everyday stressors. • Niacinamide: Helps visibly improve the appearance of uneven skin tone for a brighter-looking complexion.","[""sensitive"", ""dry""]","[""dark_spot"", ""large_pores"", ""acne""]","[""cleanse"", ""hydrate"", ""brighten"", ""anti_acne""]",serum,"After cleansing and toning step, apply adequate amount on the face and spread the product from the inside out, avoiding the eye area. *","* 1. If irritation, redness, swelling, or itching occurs during or after use, discontinue and consult a dermatologist. 2. Avoid applying to broken or damaged skin. 3. Keep out of reach of children. Store away from direct sunlight. 4. As these are potent formulations, please avoid using them together with high-concentration Vitamin C products, including our Vitamin C 13 Serum & Vitamin C 23 Serum. We recommend using them at different times of the day (morning/evening) to help optimize absorption and maximize the benefits of each product. After cleansing and toning step, apply adequate amount on the face and spread the product from the inside out, avoiding the eye area. *Cautions* 1. If irritation, redness, swelling, or itching occurs during or after use, discontinue and consult a dermatologist. 2. Avoid applying to broken or damaged skin. 3. Keep out of reach of children. Store away from direct sunlight. 4. As these are potent formulations, please avoid using them together with high-concentration Vitamin C products, including our Vitamin C 13 Serum & Vitamin C 23 Serum. We recommend using them at different times of the day (morning/evening) to help optimize absorption and maximize the benefits of each product.",https://www.cosrx.com/cdn/shop/files/BluePeptide_Serum_00_800x.jpg?v=1777444989,https://www.cosrx.com/products/cosrx-the-blue-peptide-bakuchiol-plump-glow-serum,,100,true,true,[],[],[],[],"{""care_goals"": [], ""category"": [], ""skin_concerns"": [], ""skin_types"": []}",USD,cosrx,,0.3.0,2026-09-15T06:42:28.142180+00:00,
113021145,The Ceramide Skin Barrier Moisturizing Mist,COSRX,toner,24.0,USD,120ml,"Moisturizing Barrier Mist for Instant Skin Relief A soft, ultra-fine mist enriched with a 5-Ceramide Complex, cholesterol, fatty acids and five types of hyaluronic acid. Designed for dry, sensitive or irritated skin, it instantly hydrates deeply and forms a lightweight protective film, leaving skin visibly plumper, calmer and resilient without any stickiness even over makeup. Size: 120 mL / 4.06 fl oz","Concern Suitable Key Benefit Key Ingredient Dryness & dehydration Yes Instantly hydrates dry skin Natural Moisturizing Factors(NMF)+Hyaluronic Acids Weakened barrier Yes Strengthens skin barrier Ceramides, Cholesterol, Fatty acids Redness & sensitivity Yes Soothes and calms Panthenol, Allantoin Dull, tired skin Yes Boosts radiance with light moisture Ceramides, Cholesterol, Fatty acids Makeup setting & refresh Yes Can be used over makeup anytime Ultra-fine mist formula","Aqua/Water, Glycerin, Butylene Glycol, Caprylic/Capric Triglyceride, Hydrogenated Poly(C6-14 OLEFIN), Dimethicone, Cetyl Ethylhexanoate, Hydroxypropyl Bislauramide MEA, 1,2-Hexanediol, Cholesterol, Sodium Surfactin, Glyceryl Caprylate, Ethylhexylglycerin, Disodium EDTA, Behenic Acid, Squalane, Panthenol, Allantoin, Hydrogenated Lecithin, Cetearyl Alcohol, Tocopherol, Betaine, Stearic Acid, Propanediol, Sodium PCA, Sodium Hyaluronate, Sodium Lactate, PCA, Serine, Alanine, Glycine, Hydrolyzed Hyaluronic Acid, Ceramide NP, Glutamic Acid, Sodium Hyaluronate Crosspolymer, Lysine HCL, Threonine, Arginine, Hyaluronic Acid, Ceramide NS, Phytosphingosine, Ceramide AP, Ceramide AS, Proline, Sodium Acetylated Hyaluronate, Ceramide EOP",,"[""sensitive"", ""dry"", ""normal""]","[""dryness"", ""redness"", ""sensitivity""]","[""hydrate"", ""brighten"", ""repair"", ""soothe""]",mist,"Hold bottle about 20 cm (8 inches) from the face. Close eyes and spray evenly for an instant moisture boost. Reapply anytime your skin feels dry, even over makeup. Hold bottle about 20 cm (8 inches) from the face. Close eyes and spray evenly for an instant moisture boost. Reapply anytime your skin feels dry, even over makeup.",,https://www.cosrx.com/cdn/shop/files/Skinbarrier_Mist_00_484b9ebd-d4b7-4386-9752-e56852ae7773_800x.webp?v=1755070277,https://www.cosrx.com/products/cosrx-the-ceramide-skin-barrier-moisturizing-mist,,86,true,true,[],[],[],"[""key_ingredients"", ""warnings""]","{""care_goals"": [], ""category"": [], ""skin_concerns"": [], ""skin_types"": []}",USD,cosrx,,0.3.0,2026-09-15T06:42:30.303491+00:00,
113020121,Full fit Propolis Light Ampoule,COSRX,serum,28.0,USD,1.01floz,"Light texture with heavy benefits! A rich ampoule for glowing skin. Intensive caring ampule to make your skin glowy and smooth without stickiness. Best selling ampoule that everyone loves, all year long! Add to your routine for extra nourished skin with that healthy glow.",Intensive caring ampule to make your skin glowy and smooth without stickiness. Add to your routine for extra nourished skin with that healthy glow.,"Propolis Extract, Butylene Glycol, Glycerin, Betaine, 1,2-Hexanediol, Cassia Obtusifolia Seed Extract, Sodium Hyaluronate, Hydroxyethylcellulose, Carbomer, Panthenol, Arginine",• 83.3% Propolis Extract : Make your skin glowy and smooth without stickiness,[],[],"[""cleanse"", ""hydrate"", ""brighten""]",,Apply evenly after cleansing and toning step. Gently massage and pat over entire face for quick absorption and proceed to moisturizer step,,https://www.cosrx.com/cdn/shop/files/full-fit-propolis-light-ampoule-cosrx-official-1_800x.jpg?v=1724835475,https://www.cosrx.com/products/full-fit-propolis-light-ampoule,,74,true,true,[],[],[],"[""skin_types"", ""skin_concerns"", ""warnings"", ""texture""]","{""care_goals"": [], ""category"": [], ""skin_concerns"": [], ""skin_types"": []}",USD,cosrx,,0.3.0,2026-09-15T06:42:33.926014+00:00,
113020123,Full Fit Propolis Light Cream,COSRX,toner,32.0,USD,65ml,"Cream infused with Full fit Pro Complex Moisturizing cream with high percentage of black bee propolis complex and antioxidants. Its light-weight, gel-like cream texture absorbs effortlessly onto skin, allowing you to use any circumstances you want. Makes your skin more plump and hydrated when using with Full fit Propolis toner and ampoule. Type : Tube(Discontinued), Jar Size : 65ml / 2.19 fl.oz","Cream infused with Full fit Pro Complex Moisturizing cream with high percentage of black bee propolis complex and antioxidants. Its light-weight, gel-like cream texture absorbs effortlessly onto skin, allowing you to use any circumstances you want. Makes your skin more plump and hydrated when using with Full fit Propolis toner and ampoule.","Propolis Extract, Butylene Glycol, Glycerin, Caprylic/Capric Triglyceride, Helianthus Annuus (Sunflower) Seed Oil, 1,2-Hexanediol, Honey Extract, Royal Jelly Extract, Hydroxyethyl Acrylate/Sodium Acryloyldimethyl Taurate Copolymer, Cassia Obtusifolia Seed Extract, Cetearyl Olivate, Beeswax, Cetearyl Alcohol, Sorbitan Olivate, Allantoin, Arginine, Carbomer, Xanthan Gum","• 64% Propolis Extract + 1% Honey Extract + 1% Royal Jelly Extract : Deliver nourishment and antioxidants for soft, supply skin texture and moisture deep into your skin","[""oily""]",[],"[""cleanse"", ""hydrate""]",gel,"Gently apply a proper amount of the cream to face, avoiding the eye and mouth area, after cleansing and toning. Tap the area where the cream was applied gently in order for it to be absorbed along the skin texture.",,https://www.cosrx.com/cdn/shop/files/full-fit-propolis-light-cream-cosrx-official-1_800x.jpg?v=1745370401,https://www.cosrx.com/products/full-fit-propolis-light-cream,,86,true,true,[],[],[],"[""skin_concerns"", ""warnings""]","{""care_goals"": [], ""category"": [], ""skin_concerns"": [], ""skin_types"": []}",USD,cosrx,,0.3.0,2026-09-15T06:42:35.633505+00:00,
113020124,Full Fit Propolis Synergy Toner,COSRX,toner,29.0,USD,9.46floz,"Daily boosting toner creates synergy with Propolis Light Ampoule A toner that contains 72.6% of Black bee Propolis extract and 10% Honey extract which will make your skin glowy and smooth. A boosting toner and the best selling ampoule, the combination of two propolis product will make your skin plump and nourished even better than one.",,"Propolis Extract, Honey Extract, Butylene Glycol, 1,2-Hexanediol, Glycerin, Betaine, Cassia Obtusifolia Seed Extract, Panthenol, Polyglyceryl-10 Laurate, Polyglyceryl-10 Myristate, Ethylhexylglycerin, Sodium Hyaluronate, Hydroxyethyl Acrylate/Sodium Acryloyldimethyl Taurate Copolymer, Caprylic/Capric Triglyceride",• 72.6% Propolis Extract : Nourish tired skin leaving it healthy and plump • 10.7% Honey Extract : Charge the skin with revitaizing energy • 0.2% Panthenol,"[""normal"", ""dry"", ""oily"", ""combination"", ""sensitive""]",[],"[""brighten""]",,Apply as the first step of your skincare routine after washing you face. Massage over the entire face for better absorption.,,https://www.cosrx.com/cdn/shop/files/full-fit-propolis-synergy-toner-cosrx-official-1_800x.jpg?v=1724835425,https://www.cosrx.com/products/full-fit-propolis-synergy-toner,,70,true,true,[],[],[],"[""benefits"", ""skin_concerns"", ""warnings"", ""texture""]","{""care_goals"": [], ""category"": [], ""skin_concerns"": [], ""skin_types"": []}",USD,cosrx,,0.3.0,2026-09-15T06:42:37.297367+00:00,
113020099,Galactomyces 95 Tone Balancing Essence,COSRX,serum,24.0,USD,3.38floz,"Multi - acting enhancer for dull, rough skin! Formulated with 95% Galactomyces Ferment Filtrate, this essence helps nourish and hydrate the skin, and over time making it appears more radiant and clear. Size: 3.38 fl.oz / 100mL","Formulated with 95% Galactomyces Ferment Filtrate, this essence helps nourish and hydrate the skin, and over time making it appears more radiant and clear.","Galactomyces Ferment Filtrate, Niacinamide, Panthenol, Glycerin, 1,2-Hexanediol, Butylene Glycol, Betaine, Sodium Hyaluronate, Allantoin, Xanthan Gum, Ethyl Hexanediol, Adenosine",•Galactomyces ferment filtate : Helps brightening tired and dull looking skin • Hyaluronic acid and panthenol : Maintain the skin hydrated and smooth,"[""sensitive"", ""dry""]",[],"[""cleanse"", ""hydrate""]",essence,"1. After cleansing and toning, apply a small amount on your entire face. 2. Gently pat using fingertips to aid absorption, and then go forth with your moisturizers.",,https://www.cosrx.com/cdn/shop/files/galactomyces-95-tone-balancing-essence-cosrx-official-1_800x.jpg?v=1724835413,https://www.cosrx.com/products/galactomyces-95-tone-balancing-essence,,86,true,true,[],[],[],"[""skin_concerns"", ""warnings""]","{""care_goals"": [], ""category"": [], ""skin_concerns"": [], ""skin_types"": []}",USD,cosrx,,0.3.0,2026-09-15T06:42:38.964573+00:00,
113020130,Hydrium Centella Aqua Soothing Ampoule,COSRX,serum,26.0,USD,1.35floz,"Pure hydration without any irritation! What it is: A lightweight, fast-absorbing ampoule that delivers immediate, pure hydration even for angry, red acne skin. WHY IT'S SPECIAL: COSRX Hydrium:Moisturize in your own way with Hydrium Curation made exclusively for you. B5: also known as panthenol is the key ingredient of Hydrium line. Moisturizing, regenerating, and anti-inflammatory effects and is safe to use on all skin type. Centella Asiatica extract and the Madecassoside compounds: provide mild moisture for sensitive skin and effectively calm sensitive skin. Safe on active acne:Hydrium Centella Aqua Soothing Ampoule can be used for active acne which requires moisturizing without irritation. Non sticky, non rich, light weight: fast absorbing solution- this lightweight formula absorbs quickly without a greasy or tacky feeling on the skin. How to use: Apply two or three drops onto the face before a moisturizer, avoiding the eye and mouth area. INGREDIENTS Water, Centella Asiatica Extract, Dipropylene Glycol, Glycerin, 1,2-Hexanediol, Betaine, Chondrus Crispus Extract, Saccharum Officinarum (Sugarcane) Extract, Pentylene Glycol, Octanediol, Ammonium Acryloyldimethyltaurate/VP Copolymer, Xanthan Gum, Ethylhexylglycerin, Allantoin, Madecassoside, Panthenol","COSRX Hydrium:Moisturize in your own way with Hydrium Curation made exclusively for you. B5: also known as panthenol is the key ingredient of Hydrium line. Moisturizing, regenerating, and anti-inflammatory effects and is safe to use on all skin type. Centella Asiatica extract and the Madecassoside compounds: provide mild moisture for sensitive skin and effectively calm sensitive skin. Safe on active acne:Hydrium Centella Aqua Soothing Ampoule can be used for active acne which requires moisturizing without irritation. Non sticky, non rich, light weight: fast absorbing solution- this lightweight formula absorbs quickly without a greasy or tacky feeling on the skin.",,"of Hydrium line. Moisturizing, regenerating, and anti-inflammatory effects and is safe to use on all skin type. Centella Asiatica extract and the Madecassoside compounds: provide mild moisture for sensitive skin and effectively calm sensitive skin. Safe on active acne:Hydrium Centella Aqua Soothing Ampoule can be used for active acne which requires moisturizing without irritation. Non sticky, non rich, light weight: fast absorbing solution- this lightweight formula absorbs quickly without a greasy or tacky feeling on the skin.","[""sensitive"", ""dry""]","[""acne"", ""redness"", ""sensitivity""]","[""hydrate"", ""anti_acne"", ""soothe""]",,"Apply two or three drops onto the face before a moisturizer, avoiding the eye and mouth area. INGREDIENTS Water, Centella Asiatica Extract, Dipropylene Glycol, Glycerin, 1,2-Hexanediol, Betaine, Chondrus Crispus Extract, Saccharum Officinarum (Sugarcane) Extract, Pentylene Glycol, Octanediol, Ammonium Acryloyldimethyltaurate/VP Copolymer, Xanthan Gum, Ethylhexylglycerin, Allantoin, Madecassoside, Panthenol",,https://www.cosrx.com/cdn/shop/files/hydrium-centella-aqua-soothing-ampoule-cosrx-official-1_800x.jpg?v=1689840666,https://www.cosrx.com/products/hydrium-centella-aqua-soothing-ampoule,,76,true,true,[],[],[],"[""inci_ingredients"", ""warnings"", ""texture""]","{""care_goals"": [], ""category"": [], ""skin_concerns"": [], ""skin_types"": []}",USD,cosrx,,0.3.0,2026-09-15T06:42:51.484408+00:00,
113021339,Hydrium Green Tea Aqua Soothing Gel Cream,COSRX,moisturizer,25.0,USD,1.69floz,"Cooling relief for heated angry skin!A gel-like, cooling, non-oily gel cream moisturizer that immerses skin in hydration. It absorbs quickly and delivers instant hydration with a fresh finish.",It absorbs quickly and delivers instant hydration with a fresh finish.,"Water, Propanediol, Camellia Sinensis Leaf Extract, Glycerin, Pentylene Glycol, 1,2-Hexanediol, Acrylates/C10-30 Alkyl Acrylate Crosspolymer, Panthenol, Tromethamine, Butylene Glycol, Cetearyl Olivate, Sorbitan Olivate, Allantoin, Aloe Ferox Leaf Extract, Ethylhexylglycerin, Glyceryl Acrylate/Acrylic Acid Copolymer, Disodium EDTA, Hydrolyzed Hibiscus Esculentus Extract, Lupinus Albus Seed Extract, Moringa Oleifera Seed Extract, Melia Azadirachta Leaf Extract, Melia Azadirachta Flower Extract","• D-panthenol 5,000ppm : Moisturizing, regenerating, and anti-inflammatory • Green Tea Extract : Cooling relief to soothe redness, blemishes, and sun burns • Allantoin : Smooths, Regeneration","[""sensitive"", ""combination""]",[],"[""cleanse"", ""hydrate"", ""soothe""]",gel-cream,"Gently apply a proper amount of the gel cream to face, avoiding the eye and mouth area, after cleansing and toning. Tap the area where the cream was applied gently in order for it to be absorbed along the skin texture.",,https://www.cosrx.com/cdn/shop/files/hydrium-green-tea-aqua-soothing-gel-cream-cosrx-official-1_800x.jpg?v=1724835322,https://www.cosrx.com/products/hydrium-green-tea-aqua-soothing-gel-cream,,86,true,true,[],[],[],"[""skin_concerns"", ""warnings""]","{""care_goals"": [], ""category"": [], ""skin_concerns"": [], ""skin_types"": []}",USD,cosrx,,0.3.0,2026-09-15T06:42:52.971217+00:00,
113020132,Hydrium Triple Hyaluronic Moisture Ampoule,COSRX,serum,26.0,USD,1.35floz,"Gift your skin with deep & long - lasting hydration!Viscous serum texture leaves skin feeling supple and hydrated to the touch. Doesn't have a greasy finish and gives you visibly plumped healthy complexion all day long. Gives an immediate plumping effect and long lasting hydration for dry, dehydrated, and flaky skin.",Gift your skin with deep & long - lasting hydration!Viscous serum texture leaves skin feeling supple and hydrated to the touch. Doesn't have a greasy finish and gives you visibly plumped healthy complexion all day long.,"Water, Glycerin, Butylene Glycol, Dipropylene Glycol, 1,2-Hexanediol, Methyl Gluceth-10, Sodium Hyaluronate, Carbomer, Panthenol, Tromethamine, Ethylhexylglycerin, Hyaluronic Acid, Hydrolyzed Hyaluronic Acid, Gluconolactone, Lactobionic Acid","• Triple Hyaluronic Acid : Creates an invisible protective barrier on the skin and keeps your skin moisturized • D-Panthenol (vitamin B5) : Moisturizes, soothes and heals","[""dry""]","[""dryness""]","[""hydrate""]",serum,Apply two or three drops onto the face avoiding the eye and mouth area. Evenly spread and massage it for maximum absorption.,,https://www.cosrx.com/cdn/shop/files/hydrium-triple-hyaluronic-moisture-ampoule-cosrx-official-1_800x.jpg?v=1724835343,https://www.cosrx.com/products/hydrium-triple-hyaluronic-moisture-ampoule,,96,true,true,[],[],[],"[""warnings""]","{""care_goals"": [], ""category"": [], ""skin_concerns"": [], ""skin_types"": []}",USD,cosrx,,0.3.0,2026-09-15T06:42:56.885107+00:00,
113020136,Hydrium Watery Toner,COSRX,toner,29.0,USD,9.46floz,Full of hydration for dewy skin!Moisture toner with vitamin B5 and hyaluronic acid which makes your skin more dewy with full of hydration. Not only it's moisturizing toner but also it's the foundation of skin health recovering skincare step.,Not only it's moisturizing toner but also it's the foundation of skin health recovering skincare step.,"Water, Butylene Glycol, Glycerin, 1,2-Hexanediol, Allantoin, Panthenol, Sodium Hyaluronate, Pentylene Glycol, Sodium hyaluronate Crosspolymer, Hydrolyzed Hyaluronic Acid, Hyaluronic Acid, Ethylhexylglycerin, Hydrolyzed Sodium Hyaluronate","• 100ppm of 6-type hyaluronic acids : prevent moisture loss in the skin, making it more hydrated • 0.1% D-panthenol : moisturizing, regenerating effect • 0.1% Allantoin : soothing sensitive skin","[""normal"", ""dry"", ""oily"", ""combination"", ""sensitive""]","[""dryness""]","[""cleanse"", ""hydrate""]",,"Apply as the first step of your skincare routine after washing you face. Massage over the entire face for better absorption. **multipurpose /Toner sheet mask/ If your skin feels extra dry and heated, you can soak the cotton pads with this toner and use as toner sheet mask. /Mist/ you can spray on your face when you feel dryness during the day. /Cleansing/ when your skin stimulated with dryness, mix this toner and water by the ratio of 8 : 2. Rinse your face at the last of cleansing routine. Don't wipe your face with a towel just tap gently in order for it to be absorbed along the skin texture. Apply as the first step of your skincare routine after washing you face. Massage over the entire face for better absorption. **multipurpose /Toner sheet mask/ If your skin feels extra dry and heated, you can soak the cotton pads with this toner and use as toner sheet mask. /Mist/ you can spray on your face when you feel dryness during the day. /Cleansing/ when your skin stimulated with dryness, mix this toner and water by the ratio of 8 : 2. Rinse your face at the last of cleansing routine. Don't wipe your face with a towel just tap gently in order for it to be absorbed along the skin texture.",,https://www.cosrx.com/cdn/shop/files/hydrium-watery-toner-cosrx-official-1_800x.jpg?v=1724836011,https://www.cosrx.com/products/hydrium-watery-toner,,94,true,true,[],[],[],"[""warnings"", ""texture""]","{""care_goals"": [], ""category"": [], ""skin_concerns"": [], ""skin_types"": []}",USD,cosrx,,0.3.0,2026-09-15T06:42:58.177843+00:00,
113020186,Lip Plump - Refresh AHA BHA Vitamin C Lip Plumper,COSRX,lip_care,19.0,USD,0.70floz,Ultra glow plumper containing Volufiline and vitamin derivatives to leave your lips volumized and full of energy. Size : 0.70 fl.oz / 20g,Ultra glow plumper containing Volufiline and vitamin derivatives to leave your lips volumized and full of energy.,"Petrolatum, Hydrogenated Polyisobutene, Polyisobutene, Phytosteryl/Isostearyl/Cetyl/Stearyl/Behenyl Dimer Dilinoleate, Butyrospermum Parkii (Shea) Butter, Diisostearyl Malate, Ethylene/Propylene/Styrene Copolymer, Sorbitan Sesquioleate, Microcrystalline Wax, Vanillyl Butyl Ether ,Butylene/Ethylene/Styrene Copolymer, Ethylhexylglycerin, Water, Pentaerythrityl Tetra-di-t-butyl Hydroxyhydrocinnamate, Butylene Glycol, Melia Azadirachta Leaf Extract, Melia Azadirachta Flower Extract, Coccinia Indica Fruit Extract, Amber Powder, Mentha Piperita (Peppermint) Leaf Extract, Solanum Melongena (Eggplant) Fruit Extract, Ocimum Sanctum Leaf Extract, Curcuma Longa (Turmeric) Root Extract, Corallina Officinalis Extract, Moringa Oleifera Seed Oil, Magnesium Ascorbyl Phosphate, Citric Acid, Betaine Salicylate, Anemarrhena Asphodeloides Root Extract",,"[""sensitive""]",[],"[""brighten""]",,"Apply a proper amount onto lips. You may experience tingling sensation due to the plumping effect depending on the state of your lips, which is common for lip plumping products (caused by Vanillyl Butyl Ether).",,https://www.cosrx.com/cdn/shop/files/lip-plump-refresh-aha-bha-vitamin-c-lip-plumper-cosrx-official-1_800x.jpg?v=1724836331,https://www.cosrx.com/products/lip-plump-refresh-aha-bha-viamin-c-lip-plumper,,74,true,true,[],[],[],"[""key_ingredients"", ""skin_concerns"", ""warnings"", ""texture""]","{""care_goals"": [], ""category"": [], ""skin_concerns"": [], ""skin_types"": []}",USD,cosrx,,0.3.0,2026-09-15T06:42:59.756281+00:00,
113020185,Lip Scrub - Full Fit Honey Sugar Lip Scrub,COSRX,lip_care,19.0,USD,0.70floz,Lip scrub has never been so sweet! A lip scrub that gently buffs away dead flakes with sugar crystals and keeps lips hydrated with honey extract. Size: 0.70 fl.oz / 20g,A lip scrub that gently buffs away dead flakes with sugar crystals and keeps lips hydrated with honey extract.,"Sucrose, Caprylic/Capric Triglyceride, Glycerin, Euphorbia Cerifera (Candelilla) Wax, Sorbeth-30 Tetraoleate, Butyrospermum Parkii (Shea) Butter, Bis-Diglyceryl Polyacyladipate-2, Water, Stearalkonium Hectorite, 1,2-Hexanediol, Propylene Carbonate, Theobroma Cacao (Cocoa) Extract, Ethylhexylglycerin, Butylene Glycol, Saccharum Officinarum (Sugarcane) Extract, Dextrin, Citrus Limon (Lemon) Fruit Extract, Honey Full Ingredients × Full Ingredients Full Ingredients × Full Ingredients × Full Ingredients",,"[""dry""]",[],"[""hydrate"", ""exfoliate""]",,"Apply a proper amount onto lips, and massage with a finger. Leave on for few minutes, then rinse with lukewarm water. For best effect, use Full Fit Propolis Lip Sleeping Mask before and after exfoliation.",,https://www.cosrx.com/cdn/shop/files/lip-scrub-full-fit-honey-sugar-lip-scrub-cosrx-official-1_800x.jpg?v=1724836318,https://www.cosrx.com/products/lip-scrub-full-fit-propolis-honey-sugar-lip-scrub,,74,true,true,[],[],[],"[""key_ingredients"", ""skin_concerns"", ""warnings"", ""texture""]","{""care_goals"": [], ""category"": [], ""skin_concerns"": [], ""skin_types"": []}",USD,cosrx,,0.3.0,2026-09-15T06:43:01.505874+00:00,
113020478,Low pH Good Morning Gel Cleanser,COSRX,cleanser,14.0,USD,5.07floz,"Gentle gel type cleanser with mildly acidic pH levelWhile refining the skin texture, the cleanser will help cleanse with no stripping. Great for all skin types, wake up to a firmer-looking skin while letting it rest clean during the night.","Gentle gel type cleanser with mildly acidic pH levelWhile refining the skin texture, the cleanser will help cleanse with no stripping.","Water, Cocamidopropyl Betaine, Sodium Lauroyl Methyl Isethionate, Sodium Chloride, Polysorbate 20, Styrax Japonicus Branch/Fruit/Leaf Extract, Butylene Glycol, Saccharomyces Ferment, Cryptomeria Japonica Leaf Extract, Nelumbo Nucifera Leaf Extract, Pinus Palustris Leaf Extract, Ulmus Davidiana Root Extract, Oenothera Biennis (Evening Primrose) Flower Extract, Pueraria Lobata Root Extract, Melaleuca Alternifolia (Tea Tree) Leaf Oil, Allantoin, Caprylyl Glycol, Ethylhexylglycerin, Betaine Salicylate, Citric Acid, Ethyl Hexanediol, 1,2-Hexanediol, Trisodium Ethylenediamine Disuccinate, Sodium Benzoate, Disodium EDTA",• Betaine Salicylate (BHA) & Tea Tree Oil : Soothe and strengthen for luminous and clear skin • pH Balanced pH 5.31±1.00 : Optimize the balance of oil and water in the skin,"[""normal"", ""dry"", ""oily"", ""combination"", ""sensitive""]",[],"[""cleanse""]",gel,"Use morning and night, after removing makeup. Begin with wet hands and face. Squeeze a proper amount onto your hand and foam up. Gently massage onto face avoiding the eye and mouth area. Rinse with warm water.",,https://www.cosrx.com/cdn/shop/files/low-ph-good-morning-gel-cleanser-cosrx-official-1_800x.jpg?v=1768785801,https://www.cosrx.com/products/low-ph-good-morning-gel-cleanser,,86,true,true,[],[],[],"[""skin_concerns"", ""warnings""]","{""care_goals"": [], ""category"": [], ""skin_concerns"": [], ""skin_types"": []}",USD,cosrx,,0.3.0,2026-09-15T06:43:06.842763+00:00,
113020182,Low pH Goodnight Soft Peeling Gel,COSRX,exfoliant,16.0,USD,4.05floz,"Gentle low pH peeling gel enriched with naturally derived ingredients to improve skin condition.With a pH similar to skin and barrier protecting components, it works great for even sensitive skin. Quick, easy and convenient, a peeling gel that can be used directly on wet skin while cleansing.","Quick, easy and convenient, a peeling gel that can be used directly on wet skin while cleansing.","Water, Cellulose, Glycerin, Rosa Damascena Flower Water, Propanediol, Butylene Glycol, 1,2-Hexanediol, Acrylates/C10-30 Alkyl Acrylate Crosspolymer, Hydroxyacetophenone, Lavandula Angustifolia (Lavender) Flower Water, Tromethamine, Niacinamide, Maltodextrin, Ethylhexylglycerin, Disodium EDTA, Pentylene Glycol, Lactobionic Acid, Papain, Hyaluronic Acid, Hydrolyzed Hyaluronic Acid, Lactobacillus/Soybean Ferment Extract, Sodium Hyaluronate, Sodium Metabisulfite, Lactobacillus/Rice Ferment, Camellia Japonica Flower Extract","• 8% Cellulose : Eliminates impurities softened by PHA • hyaluronic acid : Dissolves dead skin cells, hydrating exfoliation","[""sensitive""]","[""sensitivity""]","[""cleanse""]",gel,"After cleansing, apply onto damp skin. Gently massage the skin with fingertips, while avoiding the eye area. Rinse thoroughly with lukewarm water.",,https://www.cosrx.com/cdn/shop/files/low-ph-goodnight-soft-peeling-gel-cosrx-official-1_800x.jpg?v=1724836210,https://www.cosrx.com/products/low-ph-goodnight-soft-peeling-gel,,96,true,true,[],[],[],"[""warnings""]","{""care_goals"": [], ""category"": [], ""skin_concerns"": [], ""skin_types"": []}",USD,cosrx,,0.3.0,2026-09-15T06:43:11.215109+00:00,
113020295,Oil-Free Ultra-Moisturizing Lotion with Birch Sap,COSRX,moisturizer,25.0,USD,3.38floz,"Daily moisturizer for all skin type and all situation! **Ingredient change:The scent may be different as it has been reformulated. Fragrance ingredients have been excluded and 4-Terpineol which is the main component of the tea tree has been added to reduce skin reactions and soothe the skin.The weightless subtle lotion which is a skin-friendly natural ingredient full of vitamins and antioxidants, effectively calming and treating irritated skin. Size : 3.38 fl. oz / 100ml",,"Betula Platyphylla Japonica Juice, Butylene Glycol, Glycerin, Dimethicone, Betaine, Cetearyl Alcohol, 1,2-Hexanediol, Cetearyl Olivate, Sorbitan Olivate, Ethylhexylglycerin, Hydroxyethyl Acrylate/Sodium Acryloyldimethyl Taurate Copolymer, Ethyl Hexanediol, Xanthan Gum, Allantoin, Panthenol, Water, Sodium Hyaluronate, Sodium Lactate, Sorbitan Isostearate, Polysorbate 60, Tocopherol, 4-Terpineol","• 70% Betula Platyphylla Japonica Juice : prevents moisture loss in the skin, making it more hydrated and can be used by any skin type","[""normal"", ""dry"", ""oily"", ""combination"", ""sensitive""]",[],"[""cleanse"", ""hydrate"", ""soothe"", ""exfoliate""]",lotion,"*After cleansing and toning and chemical exfoliates, use Oil Free Ultra Moisturizing Lotion before your cream step or sunscreen. Gently apply a proper amount of the cream to face. Tap the area where the cream was applied gently, in order for it to be absorbed along the skin texture. *After cleansing and toning and chemical exfoliates, use Oil Free Ultra Moisturizing Lotion before your cream step or sunscreen. Gently apply a proper amount of the cream to face. Tap the area where the cream was applied gently, in order for it to be absorbed along the skin texture.",,https://www.cosrx.com/cdn/shop/files/oil-free-ultra-moisturizing-lotion-with-birch-sap-cosrx-official-1_858x.png?v=1724836818,https://www.cosrx.com/products/oil-free-ultra-moisturizing-lotion-with-birch-sap,,72,true,true,[],[],[],"[""benefits"", ""skin_concerns"", ""warnings""]","{""care_goals"": [], ""category"": [], ""skin_concerns"": [], ""skin_types"": []}",USD,cosrx,,0.3.0,2026-09-15T06:43:24.402645+00:00,
113020249,One Step Moisture Up Pad,COSRX,exfoliant,22.0,USD,,"Full of strong natural moisture energy with high content of Alaskan glacier water Alaska glacier water fills your skin with moisture, Moisture toning pads with BHA and PHA to gently care your skin texture. Quantity : 70 Pads",,"Water, Butylene Glycol, Propanediol, Glycerin, 1,2-Hexanediol, Betaine Salicylate, Betaine, Panthenol, Allantoin, Polyglyceryl-10 Myristate, Polyglyceryl-10 Laurate, Sodium Hydroxide, Gluconolactone, Sodium Hyaluronate, Citrus Aurantium Bergamia (Bergamot) Fruit Oil, Carbomer, Arginine, Citrus Limon (Lemon) Peel Oil, Pentylene Glycol, Sodium Hyaluronate Crosspolymer, Hydrolyzed Hyaluronic Acid, Hydrolyzed Sodium Hyaluronate, Hyaluronic Acid, Ethylhexylglycerin, Squalane","• 84.9% Alaska Glacier Water : Nourish, Cool & Hydrate • 0.5% BHA (Betaine Salicylate) : Smoothe skin texture, control sebum production • Squalane, 6-layered hyaluronic acid, Panthenol : Moist up Formula, build skin barrier","[""sensitive"", ""dry"", ""oily""]",[],"[""cleanse""]",pads,Swipe the embossing side across the face avoiding eye area after cleansing. Swipe the softer side across the face to pick up the remaining debris. Replace the lid tightly to make sure the pads stay wet and clean.,,https://www.cosrx.com/cdn/shop/files/Moisture_Pad_0_800x.jpg?v=1710475791,https://www.cosrx.com/products/one-step-moisture-up-pad,,70,true,true,[],[],[],"[""benefits"", ""skin_concerns"", ""warnings"", ""volume""]","{""care_goals"": [], ""category"": [], ""skin_concerns"": [], ""skin_types"": []}",USD,cosrx,,0.3.0,2026-09-15T06:43:27.439743+00:00,
113021248,One Step Original Peptide Collagen Lifting Glow Pad,COSRX,serum,26.0,USD,,"#PinkPeptidePad #GlowTonerPad Visibly firms, lifts, and illuminates the lookof skin with every use. Infused with peptides and collagen, these pink pads feature a firming-focused formula to help improve the look of skin in need of a firmness boost. In just 3 minutes, use as a facial mask to help tighten and plump the look of skin for a lifted, younger-looking complexion. 70mm oversized pads soaked in 300mL (10.14 fl. oz.) of essence — one of the highest volumes in its category for generous, long-lasting care. Size: 100 Pads / 10.14 fl. oz. (300mL)","PinkPeptidePad #GlowTonerPad Visibly firms, lifts, and illuminates the lookof skin with every use. Infused with peptides and collagen, these pink pads feature a firming-focused formula to help improve the look of skin in need of a firmness boost. In just 3 minutes, use as a facial mask to help tighten and plump the look of skin for a lifted, younger-looking complexion.","AQUA/WATER, BUTYLENE GLYCOL, GLYCERIN, TRIPROPYLENE GLYCOL, NIACINAMIDE, PENTYLENE GLYCOL, 2,3-BUTANEDIOL, BETAINE, LACTOBACILLUS FERMENT, PROPANEDIOL, DIETHOXYETHYL SUCCINATE, HYDROXYACETOPHENONE, CAPRYLYL GLYCOL, ETHYLHEXYLGLYCERIN, 1,2-HEXANEDIOL, ADENOSINE, ARGININE, CARBOMER, DISODIUM EDTA, XANTHAN GUM, GLYCERYL ACRYLATE/ACRYLIC ACID COPOLYMER, DIPOTASSIUM GLYCYRRHIZATE, ALLANTOIN, PANTHENOL, CYANOCOBALAMIN, PRUNUS PERSICA (PEACH) FLOWER EXTRACT, HYDROLYZED COLLAGEN, PANTOTHENIC ACID, TOCOPHEROL, SODIUM HYALURONATE, HYALURONIC ACID, HYDROLYZED HYALURONIC ACID, PALMITOYL TRIPEPTIDE-5, COPPER TRIPEPTIDE-1, ACETYL HEXAPEPTIDE-8, DIMETHYLSILANOL HYALURONATE, POTASSIUM HYALURONATE, HYDROLYZED SODIUM HYALURONATE, HYDROXYPROPYLTRIMONIUM HYALURONATE, SODIUM HYALURONATE CROSSPOLYMER, COLLAGEN, SODIUM HYALURONATE DIMETHYLSILANOL, SODIUM ACETYLATED HYALURONATE, COLLAGEN EXTRACT","• Triple Peptide Complex (Palmitoyl Tripeptide-5, Acetyl Hexapeptide-8, Copper Tripeptide-1) : Each peptide targets a specific concern —supporting the look of firmness and radiance, visibly smoothing expression-induced texture, and helping maintain the look of balanced, resilient skin. • 6-Molecular Collagen Complex : Higher-weight molecules help lock in moisture for a visibly supple feel on the surface, while lower-weight molecules help condition and visibly refine the look of uneven texture.","[""sensitive""]",[],"[""brighten"", ""anti_aging""]",pads,"1. Use the built-in tweezer to take out a pad and gently wipe from the inner to outer areas of the face along the skin texture. 2. For areas needing intensive firming or radiance care, place the pad on the skin like a mini mask and leave it on for a few minutes. 3. Lightly pat the remaining essence onto the skin and close the lid tightly to keep the pads from drying out. *Morning Tip* Use before makeup for an instant moisture boost that cools and smooths skin texture, minimizing dry patches and uneven areas for a flawless, makeup-ready finish. One pad, one step — that's all it takes. *Evening Tip* For enhanced lifting and firming results, pair with the COSRX Peptide Collagen Lifting Glow Gel Mask as your nighttime routine finale. *","* For external use only. Do not get into eyes. 1. Use the built-in tweezer to take out a pad and gently wipe from the inner to outer areas of the face along the skin texture. 2. For areas needing intensive firming or radiance care, place the pad on the skin like a mini mask and leave it on for a few minutes. 3. Lightly pat the remaining essence onto the skin and close the lid tightly to keep the pads from drying out. *Morning Tip* Use before makeup for an instant moisture boost that cools and smooths skin texture, minimizing dry patches and uneven areas for a flawless, makeup-ready finish. One pad, one step — that's all it takes. *Evening Tip* For enhanced lifting and firming results, pair with the COSRX Peptide Collagen Lifting Glow Gel Mask as your nighttime routine finale. *Cautions* For external use only. Do not get into eyes.",https://www.cosrx.com/cdn/shop/files/1_800x1067_40e9bec3-18f2-4c99-9778-941e17858fa3_800x.webp?v=1774854217,https://www.cosrx.com/products/one-step-original-peptide-collagen-lifting-glow-pad,,88,true,true,[],[],[],"[""skin_concerns"", ""volume""]","{""care_goals"": [], ""category"": [], ""skin_concerns"": [], ""skin_types"": []}",USD,cosrx,,0.3.0,2026-09-15T06:43:34.575731+00:00,
113021251,One Step Original Tone Clarifying Moisture Pad,COSRX,serum,26.0,USD,,"#BlueMoisturePad #RiceWaterToningPad Drenches skin in 69% rice water to deliver deep hydration and visibly clearer-looking skin in one swipe. Formulated with a 10-type hyaluronic acid complex and a brightening-focused blend, these pads help replenish moisture, visibly even the appearance of skin tone, and help soothe the feel of heat-stressed skin for a plump, radiant finish. * 70mm oversized pads soaked in 230mL (7. 77 fl. oz.) of essence — one of the highest volumes in its category for generous, long-lasting care.Size: 100 Pads / 7. 77 fl. oz. (230mL)","BlueMoisturePad #RiceWaterToningPad Drenches skin in 69% rice water to deliver deep hydration and visibly clearer-looking skin in one swipe. Formulated with a 10-type hyaluronic acid complex and a brightening-focused blend, these pads help replenish moisture, visibly even the appearance of skin tone, and help soothe the feel of heat-stressed skin for a plump, radiant finish.","ORYZA SATIVA (RICE) BRAN WATER, BUTYLENE GLYCOL, AQUA/WATER, GLYCERIN, NIACINAMIDE, 1,2-HEXANEDIOL, GLUCONOLACTONE, XANTHAN GUM, ETHYLHEXYLGLYCERIN, SIMMONDSIA CHINENSIS (JOJOBA) SEED OIL, ADENOSINE, TROMETHAMINE, DISODIUM EDTA, HYDROGENATED LECITHIN, BETAINE, PANTHENOL, PANTOTHENIC ACID, ALLANTOIN, ALPHA-ARBUTIN, GARDENIA JASMINOIDES FRUIT EXTRACT, POLYGLYCERYL-10 LAURATE, 3-O-ETHYL ASCORBIC ACID, HYDROLYZED HYALURONIC ACID, HYALURONIC ACID, SODIUM HYALURONATE, HYDROLYZED SODIUM HYALURONATE, POTASSIUM HYALURONATE, DIMETHYLSILANOL HYALURONATE, HYDROXYPROPYLTRIMONIUM HYALURONATE, SODIUM HYALURONATE CROSSPOLYMER, SODIUM HYALURONATE DIMETHYLSILANOL, SODIUM ACETYLATED HYALURONATE, GLUTATHIONE, SQUALANE, SODIUM PCA, SODIUM LACTATE, PCA, TOCOPHEROL, SERINE, ALANINE, GLYCINE, GLUTAMIC ACID, LYSINE HCL, THREONINE, ARGININE, PROLINE","• Rice Water 69% : A nature-derived extract helps maintain the skin's moisture balance while supporting a more even-looking skin tone. • 10-Type Hyaluronic Acid Complex : Amulti-molecular blend that helps attract and lock in moisture for deep hydration, leaving skin feeling lastingly plump and supple. • Panthenol & Pantothenic Acid : A Pro-Vitamin B5 duo that helps soothe the feel of dryness, calm visible irritation, and support skin resilience. • Tone Brightening Quartet (Niacinamide, Alpha-Arbutin, Vitamin C Derivative, Glutathione) : A multi-action brightening complex that helps visibly improve the appearance of uneven tone and dullness for a clearer, more radiant-looking complexion.","[""sensitive"", ""dry""]",[],"[""hydrate"", ""brighten"", ""anti_aging"", ""soothe""]",pads,"1. Use the built-in tweezer to take out a pad and gently wipe from the inner to outer areas of the face along the skin texture. 2. For areas needing intensive firming or radiance care, place the pad on the skin like a mini mask and leave it on for a few minutes. 3. Lightly pat the remaining essence onto the skin and close the lid tightly to keep the pads from drying out. *","* For external use only. Do not get into eyes. 1. Use the built-in tweezer to take out a pad and gently wipe from the inner to outer areas of the face along the skin texture. 2. For areas needing intensive firming or radiance care, place the pad on the skin like a mini mask and leave it on for a few minutes. 3. Lightly pat the remaining essence onto the skin and close the lid tightly to keep the pads from drying out. *Cautions* For external use only. Do not get into eyes.",https://www.cosrx.com/cdn/shop/files/One-Step_Moisture_Pad_00_800x.webp?v=1774854127,https://www.cosrx.com/products/one-step-original-tone-clarifying-moisture-pad,,88,true,true,[],[],[],"[""skin_concerns"", ""volume""]","{""care_goals"": [], ""category"": [], ""skin_concerns"": [], ""skin_types"": []}",USD,cosrx,,0.3.0,2026-09-15T06:43:36.619106+00:00,
113020170,Full Fit Propolis Nourishing Magnet Sheet Mask,COSRX,mask,6.99,USD,,"3 honey- derived to Nourishing, Moisturizing, Plumping! Enriched with propolis, royal Jelly, and honey extracts, this sheet mask provides nourishment and long-lasting hydration to the skin. Size : 1 ea","3 honey- derived to Nourishing, Moisturizing, Plumping! Enriched with propolis, royal Jelly, and honey extracts, this sheet mask provides nourishment and long-lasting hydration to the skin.","Water, Dipropylene Glycol, Glycereth-26m Glycerin, Butylene Glycol, 1,2-Hexanediol, Panthenol, Trehalose, Hexylene Glycol, Hydroxyacetophenone, Xanthan Gum, Propolis Extract, Royal Jelly Extract, Honey Extract, Disodium EDTA, Polyglyceryl-10 Myristate, Polyglyceryl-10 Laurate , Pimpinella Anisum(Anise) Fruit Extract, Vanilla Planifolia Fruit Extract, Camiellia Sinensis Leaf Extract, Rosa Centifolia Flower Water, Pyrus Communis (Pear) Fruit Extract, Cocos Nucifera (Coconut) Oil, Fragaria Chiloensis (Strawberry) Fruit Extract, Rosa Damascena Flower Water.","• 1,000 ppm each of the 3 honey-derived",[],[],"[""hydrate""]",sheet mask,"Apply this mask evenly on your face. After 15 to 20 minutes, remove the mask and gently pat to absorb the remaining essence. * For external use only. Do not get into eyes.",,https://www.cosrx.com/cdn/shop/files/full-fit-propolis-nourishing-magnet-sheet-mask-cosrx-official-1_800x.jpg?v=1724836038,https://www.cosrx.com/products/propolis-nourishing-magnet-sheet-mask,,74,true,true,[],[],[],"[""skin_types"", ""skin_concerns"", ""warnings"", ""volume""]","{""care_goals"": [], ""category"": [], ""skin_concerns"": [], ""skin_types"": []}",USD,cosrx,,0.3.0,2026-09-15T06:43:54.705851+00:00,
113020141,Pure Fit Cica Calming True Sheet Mask,COSRX,mask,6.99,USD,,Quick & easy treatment for the entire face This soothing mask is formulated with Centella extracts to calm sensitive skin Size : 1 ea,,"Water, Butylene Glycol, Glycerin, Alcohol, Betaine, Centella Asiatica Extract, Xanthan Gum, Paeonia Suffruticosa RootExtract, 1,2-Hexanediol, Polyglyceryl-10 Laurate, Chamomilla Recutita (Matricaria) Flower Extract, Glyceryl Caprylate,Panthenol, Ethylhexylglycerin, Disodium EDTA, Eucalyptus Globulus Leaf Oil, Centella Asiatica Leaf Extract, Melaleuca Alternifolia (Tea Tree) Leaf Oil, Hydrogenated Phosphatidylcholine, Diethylhexyl Sodium Sulfosuccinate, Caprylic/Capric Triglyceride, Sucrose Stearate, Pantolactone, Dipropylene Glycol, Asiaticoside, Asiatic Acid, Madecassic Acid, Cholesterol, Madecassoside, Centella Asiatica Root Extract","• Pure Fit Cica-7 Complex : Soothes, regenerates, and restores sensitive skin","[""sensitive""]","[""sensitivity""]","[""soothe""]",sheet mask,"Apply this mask evenly on your face. After 15 to 20 minutes, remove the mask and gently pat to absorb the remaining essence. *For external use only. Do not get into eyes.",,https://www.cosrx.com/cdn/shop/files/pure-fit-cica-calming-true-sheet-mask-cosrx-official-1_800x.jpg?v=1724835917,https://www.cosrx.com/products/pure-fit-cica-calming-true-sheet-mask,,80,true,true,[],[],[],"[""benefits"", ""warnings"", ""volume""]","{""care_goals"": [], ""category"": [], ""skin_concerns"": [], ""skin_types"": []}",USD,cosrx,,0.3.0,2026-09-15T06:43:58.019669+00:00,
113021298,Pure Fit Cica Creamy Foam Cleanser,COSRX,cleanser,18.0,USD,0.67floz,"Rich and luxurious foam for pleasant and satisfying cleanse A creamy foam cleanser with Pure Fit Cica-7 Complex to protect the skin while whisking away dirt and impurities, leaving the skin feeling fresh and clean. Size : 0.67 fl.oz / 20mL","Rich and luxurious foam for pleasant and satisfying cleanse A creamy foam cleanser with Pure Fit Cica-7 Complex to protect the skin while whisking away dirt and impurities, leaving the skin feeling fresh and clean.","Water, Glycerin, Myristic Acid, Palmitic Acid, Stearic Acid, Lauric Acid, Potassium Hydroxide, Glyceryl Stearate, 1,2-Hexanediol, Polyquaternium-7, Ethylhexylglycerin, Citrus Limon (Lemon) Fruit Extract, Citrus Nobilis (Mandarin Orange) Oil, Disodium EDTA, Butylene Glycol, Eucalyptus Globulus Leaf Oil, Lavandula Angustifolia (Lavender) Oil, Pinus Palustris Oil, Melia Azadirachta Leaf Extract, Melia Azadirachta Flower Extract, Sodium Benzoate, Coccinia Indica Fruit Extract, Amber Powder, Solanum Melongena (Eggplant) Fruit Extract, Ocimum Sanctum Leaf Extract, Curcuma Longa (Turmeric) Root Extract, Centella Asiatica Leaf Extract, Corallina Officinalis Extract, Moringa Oleifera Seed Oil, Hydrogenated Phosphatidylcholine, Caprylic/Capric Triglyceride, Sucrose Stearate, Centella Asiatica Extract, Cetearyl Alcohol, Centella Asiatica Root Extract, Asiatic Acid, Asiaticoside, Madecassic Acid, Madecassoside","• Pure Fit Cica - 7 Complex : Compound of 7 centella components specialized in protecting and soothing delicate, fragile skin • 91% natural","[""sensitive"", ""oily""]",[],"[""cleanse""]",foam,Squeeze proper amount onto damp hands and rub together to make rich foam. Gently massage the foam onto damp skin. Rinse thoroughly with warm water.,,https://www.cosrx.com/cdn/shop/files/pure-fit-cica-creamy-foam-cleanser-cosrx-official-1_800x.jpg?v=1724836245,https://www.cosrx.com/products/pure-fit-cica-creamy-foam-cleanser,,86,true,true,[],[],[],"[""skin_concerns"", ""warnings""]","{""care_goals"": [], ""category"": [], ""skin_concerns"": [], ""skin_types"": []}",USD,cosrx,,0.3.0,2026-09-15T06:44:05.118424+00:00,
113020137,Refresh ABC Daily Toner (AHA BHA Vitamin C),COSRX,toner,28.0,USD,9.46floz,"Daily savior toner for dull skin owners ! Skin-revitalizing daily toner containing AHA, BHA, and Vitamin C that helps to improve the skin's texture and tone to leave dull skin refined and radiant. Absorbs immediately into the skin to leave it soft, smooth and prepped for the next skincare products to follow.","Skin-revitalizing daily toner containing AHA, BHA, and Vitamin C that helps to improve the skin's texture and tone to leave dull skin refined and radiant. Absorbs immediately into the skin to leave it soft, smooth and prepped for the next skincare products to follow.","Actinidia Chinensis (Kiwi) Fruit Extract, Hylocereus Undatus Fruit Extract, Salix Alba (Willow) Bark Water, Pyrus Malus (Apple) Fruit Water, Butylene Glycol, Niacinamide, 1,2-Hexanediol, Ethyl Hexanediol, Sodium Lactate, Water, Glycolic Acid, Allantoin, Panthenol, Adenosine, Betaine Salicylate, Ascorbyl Glucoside","• 62% COSRX GOLDEN-RX Complex : Utilizes fruit peels that are often discarded but are in fact more nutritious than the fruit itself (Pitahaya Extract, Kiwi Extract) • AHA (16% apple water) + BHA (17% white willow bark water) : Remove accumulated dead skin cells and vitamin C to revitalize tired skin","[""normal"", ""dry"", ""oily"", ""combination"", ""sensitive""]","[""dullness""]","[""cleanse""]",,"After cleansing, soak a cotton pad with the toner and gently wipe across the face avoiding the eye and mouth area. Gently pat the entire face for better absorption. * If using during the day, please be sure to apply sunscreen After cleansing, soak a cotton pad with the toner and gently wipe across the face avoiding the eye and mouth area. Gently pat the entire face for better absorption. * If using during the day, please be sure to apply sunscreen",,https://www.cosrx.com/cdn/shop/files/refresh-abc-daily-toner-aha-bha-vitamin-c-cosrx-official-1_800x.jpg?v=1724835175,https://www.cosrx.com/products/refresh-abc-daily-toner-aha-bha-vitamin-c,,94,true,true,[],[],[],"[""warnings"", ""texture""]","{""care_goals"": [], ""category"": [], ""skin_concerns"": [], ""skin_types"": []}",USD,cosrx,,0.3.0,2026-09-15T06:44:06.788649+00:00,
113021257,The AHA BHA PHA LHA 35 Peel,COSRX,exfoliant,19.0,USD,30ml,"Immediate skin resurfacing in 10 minutes Dramatically smooths skin texture and clears congested pores with a powerful multi-acid blend. This professional formula gently exfoliates, minimizes pores, and reveals a more even, radiant complexion. Size: 30mL (1.01 fl.oz.)","Immediate skin resurfacing in 10 minutes Dramatically smooths skin texture and clears congested pores with a powerful multi-acid blend. This professional formula gently exfoliates, minimizes pores, and reveals a more even, radiant complexion.","Water, Glycolic Acid, Lactic Acid, Potassium Hydroxide, Gluconolactone, Mandelic Acid, Dipropylene Glycol, Panthenol, Salicylic Acid(2%), Methylpropanediol, 1,2-Hexanediol, Octyldodeceth-16, Citric Acid, Hydroxyethylcellulose, Pentylene Glycol, Sodium Polyacryloyldimethyl Taurate, Cyanocobalamin, Polyacrylate Crosspolymer-6, Hydroxypropyl Starch Phosphate, Ethylhexylglycerin, Capryloyl Salicylic Acid, Polysorbate 60, Disodium Phosphate, Sodium Phosphate, Tocopherol, Allantoin, Hydrolyzed Hyaluronic Acid","• 35% multi-acids : AHA, a water-soluble exfoliant with, rough&bumpy texture. Oil-soluble BHA penetrates pores to unclog, refine, and soothe. PHAs and LHAs are not only just a gentle exfoliator, these are also comfort moisturizers. • Vitamin-Trio : Vitamin B5, Vitamin B12, and Vitamin E reduce irritation that can be associated with acid use and added protection.","[""dry"", ""oily""]","[""large_pores""]","[""exfoliate""]",,"Use once a week/PM. Apply a generous amount to clean, dry skin, avoiding the eye area and lips. Leave on for no more than 10 minutes and then rinse off using lukewarm water. *Patch test is recommended before use Use once a week/PM. Apply a generous amount to clean, dry skin, avoiding the eye area and lips. Leave on for no more than 10 minutes and then rinse off using lukewarm water. *Patch test is recommended before use",,https://www.cosrx.com/cdn/shop/files/The_35peel_0_800x.webp?v=1724836979,https://www.cosrx.com/products/the-aha-bha-pha-lha-35-peel,,94,true,true,[],[],[],"[""warnings"", ""texture""]","{""care_goals"": [], ""category"": [], ""skin_concerns"": [], ""skin_types"": []}",USD,cosrx,,0.3.0,2026-09-15T06:44:17.498428+00:00,
113021314,COSRX The Blue Peptide Bakuchiol Plump Bounce Cream,COSRX,mask,28.0,USD,50ml,"#CopperPeptide(GHK-Cu) #Bakuchiol #Anti-agingCream #Lightweight #Hydrating Lightweight yet deeply hydrating, this water-texture anti-aging cream absorbs instantly with no greasy residue. Powered by Copper Tripeptide-1 (GHK-Cu), Bakuchiol (a gentle retinol alternative), and Ceramides, it firms skin and strengthens the moisture barrier — no irritation, just plump, glass-like skin with a radiant glow. Key Ingredients: Copper Peptide 0.5% (5,000ppm) + Bakuchiol 0.05% (500ppm) Size: 50mL / 1.69 fl. oz.","CopperPeptide(GHK-Cu) #Bakuchiol #Anti-agingCream #Lightweight #Hydrating Lightweight yet deeply hydrating, this water-texture anti-aging cream absorbs instantly with no greasy residue. Powered by Copper Tripeptide-1 (GHK-Cu), Bakuchiol (a gentle retinol alternative), and Ceramides, it firms skin and strengthens the moisture barrier — no irritation, just plump, glass-like skin with a radiant glow.","AQUA/WATER, BUTYLENE GLYCOL, GLYCERIN, METHYL TRIMETHICONE, NIACINAMIDE, 1,2-HEXANEDIOL, CETEARYL ALCOHOL, SQUALANE, DIMETHICONE, CAPRYLYL METHICONE, COPPER TRIPEPTIDE-1 (GHK-Cu), CAPRYLIC/CAPRIC TRIGLYCERIDE, AMMONIUM ACRYLOYLDIMETHYLTAURATE/VP COPOLYMER, AMMONIUM ACRYLOYLDIMETHYLTAURATE/BEHENETH-25 METHACRYLATE CROSSPOLYMER, POLYACRYLATE CROSSPOLYMER-6, GLYCERYL STEARATE, C30-45 ALKYL CETEARYL DIMETHICONE CROSSPOLYMER, CETEARYL GLUCOSIDE, HYDROGENATED LECITHIN, GLYCERYL CAPRYLATE, ETHYLHEXYLGLYCERIN, STEARIC ACID, POLYGLYCERYL-3 METHYLGLUCOSE DISTEARATE, PALMITIC ACID, SODIUM GLUCONATE, BAKUCHIOL, ADENOSINE, MYRISTIC ACID, LAURIC ACID, CAPRYLYL GLYCOL, TOCOPHEROL, DIPEPTIDE DIAMINOBUTYROYL BENZYLAMIDE DIACETATE, ACETYL HEXAPEPTIDE-1, ACETYL HEPTAPEPTIDE-4, PANTHENOL, BETAINE, INOSITOL, ACETYL HEXAPEPTIDE-8, SODIUM HYDROXIDE, PROPANEDIOL, SYNTHETIC WAX, SODIUM HYALURONATE, ACETYL OCTAPEPTIDE-3, POLYGLYCERYL-10 STEARATE, HYDROLYZED HYALURONIC ACID, BETA-GLUCAN, SODIUM HYALURONATE CROSSPOLYMER, CERAMIDE NP, HYALURONIC ACID, CHOLESTEROL, HYDROLYZED COLLAGEN, SODIUM ACETYLATED HYALURONATE","• Copper Tripeptide-1 (GHK-Cu): A naturally blue-hued ingredient that helps support the look of skin resilience, while visibly improving the appearance of early signs of aging for a firmer-looking complexion. • Bakuchiol: A plant-derived active from Babchi, traditionally used in skincare for its conditioning properties. A gentle alternative to retinol that supports early signs of aging care — suitable for sensitive skin and retinol beginners. • 5 Multi-Peptide Complex : A blend of 5 peptides formulated to help visibly improve the look of skin firmness and texture through multiple pathways. • Niacinamide 2%: Helps visibly improve the appearance of uneven skin tone for a brighter-looking complexion.","[""sensitive"", ""oily""]","[""aging"", ""redness""]","[""cleanse"", ""hydrate"", ""brighten"", ""anti_aging""]",cream,"After cleansing and serum step, apply adequate amount on the face and spread the product from the inside out, avoiding the eye area. *","* 1. If irritation, redness, swelling, or itching occurs during or after use, discontinue and consult a dermatologist. 2. Avoid applying to broken or damaged skin. 3. Keep out of reach of children. Store away from direct sunlight. 4. As these are potent formulations, please avoid using them together with high-concentration Vitamin C products, including our Vitamin C 13 Serum & Vitamin C 23 Serum. We recommend using them at different times of the day (morning/evening) to help optimize absorption and maximize the benefits of each product. After cleansing and serum step, apply adequate amount on the face and spread the product from the inside out, avoiding the eye area. *Cautions* 1. If irritation, redness, swelling, or itching occurs during or after use, discontinue and consult a dermatologist. 2. Avoid applying to broken or damaged skin. 3. Keep out of reach of children. Store away from direct sunlight. 4. As these are potent formulations, please avoid using them together with high-concentration Vitamin C products, including our Vitamin C 13 Serum & Vitamin C 23 Serum. We recommend using them at different times of the day (morning/evening) to help optimize absorption and maximize the benefits of each product.",https://www.cosrx.com/cdn/shop/files/BluePeptide_Cream_00_800x.webp?v=1779876169,https://www.cosrx.com/products/the-blue-peptide-bakuchiol-plump-bounce-cream,,100,true,true,[],[],[],[],"{""care_goals"": [], ""category"": [], ""skin_concerns"": [], ""skin_types"": []}",USD,cosrx,,0.3.0,2026-09-15T06:44:21.748071+00:00,
113021246,The Vitamin C 13 Serum,COSRX,serum,21.0,USD,20ml,"Use everyday like a daily vitamin C for your skin A gentle, water-based vitamin C serum that provides moisture and absorbs quickly without stickiness. Lighter and more refreshing than the Vitamin C 23 Serum, it can be used daily. Regular use will fade blemishes, dark spots, and freckles, while improving overall skin tone. Size : 20ml / 0.67fl. oz","Use everyday like a daily vitamin C for your skin A gentle, water-based vitamin C serum that provides moisture and absorbs quickly without stickiness.","Water, Ascorbic Acid(13%), Butylene Glycol, Dipropylene Glycol, Tromethamine, 3-0-Ethyl Ascorbic Acid, Panthenol, Acetyl Glucosamine, Caffeine, Sodium Hyaluronate, Sodium Sulfite, Disodium EDTA, Glutathione, Adenosine, Gardenia Florida Fruit Extract, Allantoin, Dextrin, Squalane, Tocotrienols, Tocopherol, Elaeis Guineensis (Palm) Oil, Arginine, Niacinamide, Pentylene Glycol, Glycyrrhiza Glabra (Licorice) Root Extract",• 13% Pure Vitamin C : Improves discoloration and uneven skin tone. 💡 Learn More about Vitamin C → • Tocotrienol(Super Vitamin E) : Boasts up to 50 times greater anti-oxidizing efficacy than Tocopherol. • Hyaluronic Acid and Allantoin : Provides moisture and relieves irritation.,[],"[""acne"", ""dark_spot""]","[""cleanse"", ""anti_acne""]",serum,"After cleansing, apply a few drops to the skin during the serum step. Using your fingertips, gently massage the serum into the skin, working from the center of the face outward until fully absorbed. /KEEP REFRIGERATED (3~10°C)/ *For best results, use immediately after purchase. Once opened, store upright in the refrigerator. *","* 1. For first use, attach the dropper included in the product package. 2. To preserve the active ingredients, we recommend using within 2 months of opening. 3. Can I use a highly concentrated serum only in the evening? No! This serum can be used both in the morning and evening. 4. If used in the morning, always follow with a sunscreen of SPF 30 or higher. 5. As this product contains a high concentration of Vitamin C, we recommend avoiding use alongside Copper Peptide products, including our Blue Peptide Serum & Cream. For best results, use them at different times of day (morning/evening) to optimize absorption and maximize the benefits of each product. After cleansing, apply a few drops to the skin during the serum step. Using your fingertips, gently massage the serum into the skin, working from the center of the face outward until fully absorbed. /KEEP REFRIGERATED (3~10°C)/ *For best results, use immediately after purchase. Once opened, store upright in the refrigerator. *Cautions* 1. For first use, attach the dropper included in the product package. 2. To preserve the active ingredients, we recommend using within 2 months of opening. 3. Can I use a highly concentrated serum only in the evening? No! This serum can be used both in the morning and evening. 4. If used in the morning, always follow with a sunscreen of SPF 30 or higher. 5. As this product contains a high concentration of Vitamin C, we recommend avoiding use alongside Copper Peptide products, including our Blue Peptide Serum & Cream. For best results, use them at different times of day (morning/evening) to optimize absorption and maximize the benefits of each product.",https://www.cosrx.com/cdn/shop/files/The_VitaminC13_00_800x.webp?v=1762850506,https://www.cosrx.com/products/the-vitamin-c-13-serum-%EB%B2%88%EB%93%A4,,90,true,true,[],[],[],"[""skin_types""]","{""care_goals"": [], ""category"": [], ""skin_concerns"": [], ""skin_types"": []}",USD,cosrx,,0.3.0,2026-09-15T06:44:43.379833+00:00,
113020143,Hydrium Triple Hyaluronic Moisturizing Cleanser,COSRX,cleanser,18.0,USD,5.07floz,"Vitamin B5 and three types of hyaluronic acid work to lock-in hydration! First step foam cleanser, which creates a rich lather of cushion bubbles, that helps to create the perfect cleanse and provides a moist finish with the help of triple hyaluronic acids.","First step foam cleanser, which creates a rich lather of cushion bubbles, that helps to create the perfect cleanse and provides a moist finish with the help of triple hyaluronic acids.","Water, Glycerin, Stearic Acid, Myristic Acid, Lauric Acid, Potassium Hydroxide,Palmitic Acid, PotassiumCocoylGlycinate, Coco-Glucoside, Glyceryl Stearate,Fragrance(Parfum), Polyquaternium-7, Acrylates/C10-30 Alkyl AcrylateCrosspolymer, SodiumCocoylIsethionate, Arachidic Acid, Disodium EDTA, 1,2-Hexanediol, Oleic Acid, Sodium Benzoate,QuillajaSaponaria Bark Extract, CitricAcid, Butylene Glycol, Panthenol, Hyaluronic Acid,Ethylhexylglycerin, Hydrolyzed Hyaluronic Acid, Sodium Hyaluronate","• Triple hyaluronic acid : consists of Hyaluronic Acid, Hydrolyzed Hyaluronic Acid, Sodium Hyaluronate. increasing its elasticity, keeping it hydrated and soft • Panthenol : keeping moist","[""normal"", ""dry"", ""oily"", ""combination"", ""sensitive""]",[],"[""cleanse"", ""hydrate""]",foam,Gently massage the cleanser on wet skin. Rinse thoroughly with warm water.,,https://www.cosrx.com/cdn/shop/files/hydrium-triple-hyaluronic-moisturizing-cleanser-cosrx-official-1_800x.jpg?v=1724836058,https://www.cosrx.com/products/triple-hyaluronic-moisturizing-cleanser,,86,true,true,[],[],[],"[""skin_concerns"", ""warnings""]","{""care_goals"": [], ""category"": [], ""skin_concerns"": [], ""skin_types"": []}",USD,cosrx,,0.3.0,2026-09-15T06:44:47.819288+00:00,
113020142,Hydrium Triple Hyaluronic Water Wave Sheet Mask,COSRX,mask,6.99,USD,,"Hydrating, Moisturizing, Refreshing, Eco-friendly Formulated with triple hyaluronic acid to deliver the ultimate hydration",,"Water, Butylene Glycol, Alcohol, Panthenol, Betaine, 1,2-Hexanediol, Paeonia Suffruticosa Root Extract, Centella, Asiatica Extract, Polyglyceryl-10 Laurate, Chamomilla Recutita (Matricaria) Flower Extract, Glyceryl Caprylate, Arginine, Xanthan Gum, Carbomer, Sodium Hyaluronate, Ethylhexylglycerin, Disodium EDTA, Pantolactone, Eucalyptus Globulus Leaf Oil, Hydrolyzed Hyaluronic Acid, Diethylhexyl Sodium Sulfosuccinate, Dipropylene Glycol, Sodium Acetylated, Hyaluronate","• Triple hyaluronic acid, Panthenol : Keep moist","[""normal"", ""dry"", ""oily"", ""combination"", ""sensitive""]",[],"[""hydrate""]",sheet mask,"Apply this mask evenly on your face. After 15 to 20 minutes, remove the mask and gently pat to absorb the remaining essence. *For external use only. Do not get into eyes.",,https://www.cosrx.com/cdn/shop/files/hydrium-triple-hyaluronic-water-wave-sheet-mask-cosrx-official-1_800x.jpg?v=1724836079,https://www.cosrx.com/products/triple-hyaluronic-water-wave-sheet-mask,,70,true,true,[],[],[],"[""benefits"", ""skin_concerns"", ""warnings"", ""volume""]","{""care_goals"": [], ""category"": [], ""skin_concerns"": [], ""skin_types"": []}",USD,cosrx,,0.3.0,2026-09-15T06:44:49.471644+00:00,
113020119,Two in One Poreless Power Liquid,COSRX,toner,25.0,USD,,"Daily pore tightener, skin cooler!Two in one, skin-smoothing essence-toner that visibly tightens and reduces the look of pores.",,"Salix Alba (Willow) Bark Water, Butylene Glycol, Hydroxypropyl Cyclodextrin, Water, Pentylene Glycol, 1,2-Hexanediol, Betaine Salicylate, Arginine, Betaine, PEG-60 Hydrogenated Castor Oil, Allantoin, Panthenol, Ethylhexylglycerin, Sodium Hyaluronate, Carbomer, Cassia Obtusifolia Seed Extract, Menthyl Lactate, Mentha Haplocalix Extract",• 88% White Willow Bark Water : Improve skin texture with natural BHA • 0.1% Betaine salicylate : Remove excess sebum,[],"[""large_pores""]","[""cleanse""]",liquid,Use with cotton pad and wipe off face avoiding lip and eye area. Use it right after cleansing your face. *multipurpose /Toner/ [Moring Skincare routine] Makes your skin smooth which is perfect prep stage for make up. /Toner sheet mask/ [Night Skincare routine] Soak the cotton pads and use as toner sheet mask for 5 - 10 minutes especially where your biggest pores are and when you feel excessive sebum on your face. Use with cotton pad and wipe off face avoiding lip and eye area. Use it right after cleansing your face. *multipurpose /Toner/ [Moring Skincare routine] Makes your skin smooth which is perfect prep stage for make up. /Toner sheet mask/ [Night Skincare routine] Soak the cotton pads and use as toner sheet mask for 5 - 10 minutes especially where your biggest pores are and when you feel excessive sebum on your face.,,https://www.cosrx.com/cdn/shop/files/two-in-one-poreless-power-liquid-cosrx-official-1_800x.jpg?v=1724835162,https://www.cosrx.com/products/two-in-one-poreless-power-liquid,,70,true,true,[],[],[],"[""benefits"", ""skin_types"", ""warnings"", ""volume""]","{""care_goals"": [], ""category"": [], ""skin_concerns"": [], ""skin_types"": []}",USD,cosrx,,0.3.0,2026-09-15T06:44:50.895813+00:00,
113020116,Ultimate Nourishing Rice Overnight Spa Mask,COSRX,mask,18.0,USD,60ml,"Size : 60ml / 2.02 fl. oz Wake up in the morning as if you've just stepped out of a spa!Enriched with over 68% Rice Extract, this overnight cream-type mask provides intensive nourishment and deep moisturization, leaving your skin brighter, softer, and glowing.",,"Water, Butylene Glycol, Helianthus Annuus (Sunflower) Seed Oil, Glycerin, Niacinamide, Betaine, Cetearyl Olivate, 1,2-Hexanediol, Dimethicone, Sorbitan Olivate, Oryza Sativa (Rice) Extract, Elaeis Guineensis (Palm) Kernel Oil, Cetearyl Alcohol, Ethylhexylglycerin, Hydroxyethyl Acrylate/Sodium Acryloyldimethyl Taurate Copolymer, Ethyl Hexanediol, Elaeis Guineensis (Palm) Oil, Carbomer, Arginine, Xanthan Gum, Allantoin, Sorbitan Isostearate, Polysorbate 60, Tocopherol",• 68.9% Rice extract : A well-known natural ingredient in Asia for toning and softening the skin,"[""sensitive""]",[],"[""hydrate"", ""brighten""]",cream,"Complete your daily skin care routine. Dispense a pea-size amount of COSRX Ultimate Nourishing Rice Overnight Spa Mask. At the last step, apply COSRX Ultimate Nourishing Rice Overnight Spa Mask all over the skin. Massage the product into the skin for better absorption.",,https://www.cosrx.com/cdn/shop/files/ultimate-nourishing-rice-overnight-spa-mask-cosrx-official-1_800x.jpg?v=1724836096,https://www.cosrx.com/products/ultimate-nourishing-rice-overnight-spa-mask,,72,true,true,[],[],[],"[""benefits"", ""skin_concerns"", ""warnings""]","{""care_goals"": [], ""category"": [], ""skin_concerns"": [], ""skin_types"": []}",USD,cosrx,,0.3.0,2026-09-15T06:44:52.723525+00:00,
113020949,Vitamin E Vitalizing Sunscreen SPF 50+,COSRX,sunscreen,23.0,USD,50ml,"Lightweight Vitamin E Sunscreen for All Skin Tones This broad-spectrum SPF 50+ sunscreen protects against UV damage while hydrating with vitamin E, cocoa, and cotton seed extracts. The non-greasy, no white-cast finish layers seamlessly under makeup and flatters all skin tones, leaving skin smooth, balanced, and protected all day. Size : 50mL / 1.69 fl. Oz","Concern Suitable Key Benefit Key Ingredient UV damage & aging Yes Broad-spectrum antioxidant care Vitamin E (Tocopherol) Oil & shine control Yes Matte finish, oil balance Silica, Cotton extract White-cast free wear Yes Clear finish for all tones Chemical UV filters Dryness & loss of vitality Yes Hydrates and revitalizes skin Cocoa extract, Glycerin","Watet / Aqua / Eau, Propanediol, Homosalate, Octocrylene, Ethylhexyl Salicylate(Octisalate), Butyloctyl Salicylate, Butyl Methoxydibenzoylmethane(Avobenzone), Diphenylsiloxy phenyl trimethicone, Dimethicone, VP/Eicosene copolymer, Silica, Trisiloxane, Cyclopentasiloxane, Trimethylsiloxysilicate, 1,2-Hexanediol, Behenyl alcohol, Glyceryl stearate, PEG-100 stearate, C14-22 alcohols, Cetyl alcohol, Potassium cetyl phosphate, Polyacrylate-13, Polyisobutene, Fragrance / Parfum, C12-20 Alkyl glucoside, Butylene glycol, Disodium EDTA, Ethylhexylglycerin, Polysorbate 20, Sorbitan isostearate, Dextrin, Theobroma cacao (cocoa) extract, Gossypium herbaceum (cotton) extract, Glucose, Tocopherol",,"[""normal"", ""dry"", ""oily"", ""combination"", ""sensitive""]","[""dryness"", ""aging""]","[""hydrate"", ""sun_protection""]",,"At the last step of skincare, apply evenly over face and neck. Pat lightly for a smooth finish. Continue with your regular makeup routine. Continue with your makeup routine during the day or follow with a mask at night. At the last step of skincare, apply evenly over face and neck. Pat lightly for a smooth finish. Continue with your regular makeup routine. Continue with your makeup routine during the day or follow with a mask at night.",,https://www.cosrx.com/cdn/shop/files/VitaminE_SunScreen_00_800x.jpg?v=1778562098,https://www.cosrx.com/products/vitamin-e-vitalizing-sunscreen-spf-50,,84,true,true,[],[],[],"[""key_ingredients"", ""warnings"", ""texture""]","{""care_goals"": [], ""category"": [], ""skin_concerns"": [], ""skin_types"": []}",USD,cosrx,,0.3.0,2026-09-15T06:44:55.521440+00:00,
113021260,5 Peptide B5 Sensitive Repair Salve Lip Balm,COSRX,lip_care,15.0,USD,12g,"#5PeptideB5 #BarrierRepair #Soothing #SensitiveLips #Salve A gentle lip balm with 5 peptides and 5% panthenol (B5) in a rich salve formula that helps soothe dry, sensitive lips and support the skin's moisture barrier for soft, hydrated, healthy-looking lips. Key Ingredients: 5 Peptide Complex + Pantenol (Vitamin B5) 5% + Shea Butter 10% Size: 12g / 0.42 oz.","5PeptideB5 #BarrierRepair #Soothing #SensitiveLips #Salve A gentle lip balm with 5 peptides and 5% panthenol (B5) in a rich salve formula that helps soothe dry, sensitive lips and support the skin's moisture barrier for soft, hydrated, healthy-looking lips.","CAPRYLIC/CAPRIC TRIGLYCERIDE, PEG-5 PENTAERYTHRITYL ETHER, PPG-5 PENTAERYTHRITYL ETHER, MICROCRYSTALLINE WAX / CERA MICROCRISTALLINA / CIRE MICROCRISTALLINE, BUTYROSPERMUM PARKII (SHEA) BUTTER, HYDROGENATED VEGETABLE OIL, PANTHENOL, SILICA DIMETHYL SILYLATE, GLYCINE SOJA (SOYBEAN) STEROLS, WATER / AQUA / EAU, SYNTHETIC WAX, XYLITOL, TOCOPHERYL ACETATE, ALLANTOIN, LECITHIN, ETHYLHEXYL PALMITATE, MADECASSOSIDE, TRIBEHENIN, HYALURONIC ACID, SQUALANE, SORBITAN ISOSTEARATE, GLUCONOLACTONE, GLYCERIN, LACTIC ACID, PROPANEDIOL, 1,2-HEXANEDIOL, PALMITOYL TRIPEPTIDE-1, BETA-GLUCAN, ORYZA SATIVA (RICE) BRAN EXTRACT, ETHYLHEXYLGLYCERIN, SODIUM PHYTATE, SODIUM DNA, ACETYL HEXAPEPTIDE-8, SOLUBLE COLLAGEN, TRIPEPTIDE-1, PALMITOYL TETRAPEPTIDE-7, PALMITOYL HEXAPEPTIDE-12","• 5 Peptide Complex: A powerful blend of 5 peptides that works together to firm, smooth, and revitalize lips — targeting volume, elasticity, texture, and hydration for visibly healthier-looking lips. • Panthenol (B5) 5%: A high concentration of this pro-vitamin B5 that soothes and protects sensitive, dry lips, easing irritation and supporting a calmer lip barrier. • Shea Butter 10%: A rich concentration that forms a nourishing moisture seal on the lips, keeping them soft and comfortable for longer.",[],[],"[""hydrate"", ""repair"", ""soothe""]",balm,"Apply to dry, sensitive lips as often as needed throughout the day. *","* 1. If abnormal symptoms or side effects such as redness, swelling, or itching occur on the applied area due to direct sunlight during or after use, consult a dermatologist or specialist. 2. Avoid use on areas with wounds or damaged skin. 3. Storage and handling precautions a) Keep out of reach of children. b) Store away from direct sunlight. Apply to dry, sensitive lips as often as needed throughout the day. *Cautions* 1. If abnormal symptoms or side effects such as redness, swelling, or itching occur on the applied area due to direct sunlight during or after use, consult a dermatologist or specialist. 2. Avoid use on areas with wounds or damaged skin. 3. Storage and handling precautions a) Keep out of reach of children. b) Store away from direct sunlight.",https://www.cosrx.com/cdn/shop/files/00-2_800x.webp?v=1788410435,https://www.cosrx.com/products/5-peptide-b5-sensitive-repair-salve-lip-balm,,80,true,true,[],[],[],"[""skin_types"", ""skin_concerns""]","{""care_goals"": [], ""category"": [], ""skin_concerns"": [], ""skin_types"": []}",USD,cosrx,,0.3.0,2026-09-15T06:45:47.859711+00:00,
3337875941396,Mela B3 Dual Body Discoloration Treatment with Melasyl™,La Roche-Posay,body_care,27.99,USD,100ml,Targeted skin-tone evening body treatment,87% felt smoother skin* 77% saw brighter skin* Impoves the appearance of an uneven skin tone 24HR hydration in 1 application *Consumer study after 4 weeks 87% felt smoother skin* 77% saw brighter skin* Impoves the appearance of an uneven skin tone 24HR hydration in 1 application,"KEY INGREDIENTS Melasyl ™ : Targets discoloration while respecting the natural tone of all skin. Born from 18 years of research and backed by 45 patents globally LHA : Also known as LHA, it's a derivative of salicylic acid, and has exfoliating and skin surface renewing properties Niacinamide : A form of vitamin B3, niacinamide is a water soluble vitamin. It is widely used in dermatology and is known for its ability to help visibly fade skin discoloration. Melasyl™ and Niacinamide work together to help visibly correct even stubborn dark spots FULL INGREDIENT LIST: AQUA / WATER / EAU · GLYCERIN · ALCOHOL DENAT · ISOPROPYL ISOSTEARATE · OCTYLDODECANOL · NIACINAMIDE · POTASSIUM HYDROXIDE · 2-MERCAPTONICOTINOYL GLYCINE · SODIUM POLYACRYLATE · SODIUM THIOSULFATE · AMMONIUM POLYACRYLOYLDIMETHYL TAURATE · CAPRYLOYL SALICYLIC ACID · CAPRYLYL GLYCOL · CITRIC ACID · TRISODIUM ETHYLENEDIAMINE DISUCCINATE · PENTYLENE GLYCOL · TOCOPHEROL · PENTAERYTHRITYL TETRA-DI-T-BUTYL HYDROXYHYDROCINNAMATE · PHENOXYETHANOLCI 17200/RED 33 · CI 19140/YELLOW 5 · PARFUM / FRAGRANCE Melasyl ™ : Targets discoloration while respecting the natural tone of all skin. Born from 18 years of research and backed by 45 patents globally LHA : Also known as LHA, it's a derivative of salicylic acid, and has exfoliating and skin surface renewing properties Niacinamide : A form of vitamin B3, niacinamide is a water soluble vitamin. It is widely used in dermatology and is known for its ability to help visibly fade skin discoloration. Melasyl™ and Niacinamide work together to help visibly correct even stubborn dark spots FULL INGREDIENT LIST: AQUA / WATER / EAU · GLYCERIN · ALCOHOL DENAT · ISOPROPYL ISOSTEARATE · OCTYLDODECANOL · NIACINAMIDE · POTASSIUM HYDROXIDE · 2-MERCAPTONICOTINOYL GLYCINE · SODIUM POLYACRYLATE · SODIUM THIOSULFATE · AMMONIUM POLYACRYLOYLDIMETHYL TAURATE · CAPRYLOYL SALICYLIC ACID · CAPRYLYL GLYCOL · CITRIC ACID · TRISODIUM ETHYLENEDIAMINE DISUCCINATE · PENTYLENE GLYCOL · TOCOPHEROL · PENTAERYTHRITYL TETRA-DI-T-BUTYL HYDROXYHYDROCINNAMATE · PHENOXYETHANOLCI 17200/RED 33 · CI 19140/YELLOW 5 · PARFUM / FRAGRANCE AQUA / WATER / EAU · GLYCERIN · ALCOHOL DENAT · ISOPROPYL ISOSTEARATE · OCTYLDODECANOL · NIACINAMIDE · POTASSIUM HYDROXIDE · 2-MERCAPTONICOTINOYL GLYCINE · SODIUM POLYACRYLATE · SODIUM THIOSULFATE · AMMONIUM POLYACRYLOYLDIMETHYL TAURATE · CAPRYLOYL SALICYLIC ACID · CAPRYLYL GLYCOL · CITRIC ACID · TRISODIUM ETHYLENEDIAMINE DISUCCINATE · PENTYLENE GLYCOL · TOCOPHEROL · PENTAERYTHRITYL TETRA-DI-T-BUTYL HYDROXYHYDROCINNAMATE · PHENOXYETHANOLCI 17200/RED 33 · CI 19140/YELLOW 5 · PARFUM / FRAGRANCE","Melasyl ™ : Targets discoloration while respecting the natural tone of all skin. Born from 18 years of research and backed by 45 patents globally LHA : Also known as LHA, it's a derivative of salicylic acid, and has exfoliating and skin surface renewing properties Niacinamide : A form of vitamin B3, niacinamide is a water soluble vitamin. It is widely used in dermatology and is known for its ability to help visibly fade skin discoloration. Melasyl™ and Niacinamide work together to help visibly correct even stubborn dark spots FULL INGREDIENT LIST: AQUA / WATER / EAU · GLYCERIN · ALCOHOL DENAT · ISOPROPYL ISOSTEARATE · OCTYLDODECANOL · NIACINAMIDE · POTASSIUM HYDROXIDE · 2-MERCAPTONICOTINOYL GLYCINE · SODIUM POLYACRYLATE · SODIUM THIOSULFATE · AMMONIUM POLYACRYLOYLDIMETHYL TAURATE · CAPRYLOYL SALICYLIC ACID · CAPRYLYL GLYCOL · CITRIC ACID · TRISODIUM ETHYLENEDIAMINE DISUCCINATE · PENTYLENE GLYCOL · TOCOPHEROL · PENTAERYTHRITYL TETRA-DI-T-BUTYL HYDROXYHYDROCINNAMATE · PHENOXYETHANOLCI 17200/RED 33 · CI 19140/YELLOW 5 · PARFUM / FRAGRANCE AQUA / WATER / EAU · GLYCERIN · ALCOHOL DENAT · ISOPROPYL ISOSTEARATE · OCTYLDODECANOL · NIACINAMIDE · POTASSIUM HYDROXIDE · 2-MERCAPTONICOTINOYL GLYCINE · SODIUM POLYACRYLATE · SODIUM THIOSULFATE · AMMONIUM POLYACRYLOYLDIMETHYL TAURATE · CAPRYLOYL SALICYLIC ACID · CAPRYLYL GLYCOL · CITRIC ACID · TRISODIUM ETHYLENEDIAMINE DISUCCINATE · PENTYLENE GLYCOL · TOCOPHEROL · PENTAERYTHRITYL TETRA-DI-T-BUTYL HYDROXYHYDROCINNAMATE · PHENOXYETHANOLCI 17200/RED 33 · CI 19140/YELLOW 5 · PARFUM / FRAGRANCE",[],"[""dark_spot""]","[""hydrate""]",,,,https://www.laroche-posay.us/dw/image/v2/AANG_PRD/on/demandware.static/-/Sites-acd-laroche-posay-master-catalog/default/dw16c30336/img/3337875941396/ASSETS/ATF/MelaB3_Dual_Body_PackFront_1500x1500.jpg,https://www.laroche-posay.us/our-products/body/body-treatment/mela-b3-dual-body-discoloration-treatment-with-melasyl-3337875941396.html,,78,true,true,[],[],[],"[""skin_types"", ""usage_instruction"", ""warnings"", ""texture""]","{""care_goals"": [], ""category"": [], ""skin_concerns"": [], ""skin_types"": []}",USD,laroche-posay,,0.3.0,2026-09-15T14:54:24.687189+00:00,
3337872414145,Cicaplast Hand Cream for Dry Hands & Damaged Hands,La Roche-Posay,body_care,12.99,USD,,Shea Butter Hand Cream for Dry Hands,"Immediately soothes damaged and dry to very dry hands Resistant to hand washing Moisturizes for up to 48 hours Helps replenish lost moisture Fast-absorbing, non-greasy hand cream Immediately soothes damaged and dry to very dry hands Resistant to hand washing Moisturizes for up to 48 hours Helps replenish lost moisture Fast-absorbing, non-greasy hand cream","KEY INGREDIENTS: Niacinamide: A form of vitamin B3, niacinamide is a water soluble vitamin. It is widely used in dermatology for its soothing properties, helping restore skin's moisture barrier, and visibly fading skin discolorations. Shea Butter: Sustainably sourced in Burkina Faso. Formulas with shea butter help restore the skin's hydrolipidic film and help skin feel soothed. Glycerin: Derived from vegetable sources, it's an excellent humectant. It helps hydrate skin by absorbing water from the surrounding environment. Dimethicone: A silicone-based polymer used as a skin protectant to help reduce water loss. La Roche-Posay Thermal Spring Water: A soothing water sourced in the town of La Roche-Posay in France and a core ingredient in most of our products. It contains a unique combination of minerals, trace elements, and a high concentration of selenium, a natural antioxidant. FULL INGREDIENT LIST: AQUA/ WATER ∙ GLYCERIN ∙ BUTYLENE GLYCOL ∙ CETEARYL ALCOHOL ∙ NIACINAMIDE ∙ GLYCERYL STEARATE ∙ BUTYROSPERMUM PARKII BUTTER / SHEA BUTTER ∙ DIMETHICONE ∙ PEG / PPG-18/18 DIMETHICONE ∙ GLYCERYL STEARATE SE ∙ SODIUM POLYACRYLATE ∙ CAPRYLYL GLYCOL ∙ PHENOXYETHANOL Niacinamide: A form of vitamin B3, niacinamide is a water soluble vitamin. It is widely used in dermatology for its soothing properties, helping restore skin's moisture barrier, and visibly fading skin discolorations. Shea Butter: Sustainably sourced in Burkina Faso. Formulas with shea butter help restore the skin's hydrolipidic film and help skin feel soothed. Glycerin: Derived from vegetable sources, it's an excellent humectant. It helps hydrate skin by absorbing water from the surrounding environment. Dimethicone: A silicone-based polymer used as a skin protectant to help reduce water loss. La Roche-Posay Thermal Spring Water: A soothing water sourced in the town of La Roche-Posay in France and a core ingredient in most of our products. It contains a unique combination of minerals, trace elements, and a high concentration of selenium, a natural antioxidant. FULL INGREDIENT LIST: AQUA/ WATER ∙ GLYCERIN ∙ BUTYLENE GLYCOL ∙ CETEARYL ALCOHOL ∙ NIACINAMIDE ∙ GLYCERYL STEARATE ∙ BUTYROSPERMUM PARKII BUTTER / SHEA BUTTER ∙ DIMETHICONE ∙ PEG / PPG-18/18 DIMETHICONE ∙ GLYCERYL STEARATE SE ∙ SODIUM POLYACRYLATE ∙ CAPRYLYL GLYCOL ∙ PHENOXYETHANOL FULL INGREDIENT LIST: AQUA/ WATER ∙ GLYCERIN ∙ BUTYLENE GLYCOL ∙ CETEARYL ALCOHOL ∙ NIACINAMIDE ∙ GLYCERYL STEARATE ∙ BUTYROSPERMUM PARKII BUTTER / SHEA BUTTER ∙ DIMETHICONE ∙ PEG / PPG-18/18 DIMETHICONE ∙ GLYCERYL STEARATE SE ∙ SODIUM POLYACRYLATE ∙ CAPRYLYL GLYCOL ∙ PHENOXYETHANOL AQUA/ WATER ∙ GLYCERIN ∙ BUTYLENE GLYCOL ∙ CETEARYL ALCOHOL ∙ NIACINAMIDE ∙ GLYCERYL STEARATE ∙ BUTYROSPERMUM PARKII BUTTER / SHEA BUTTER ∙ DIMETHICONE ∙ PEG / PPG-18/18 DIMETHICONE ∙ GLYCERYL STEARATE SE ∙ SODIUM POLYACRYLATE ∙ CAPRYLYL GLYCOL ∙ PHENOXYETHANOL","Niacinamide: A form of vitamin B3, niacinamide is a water soluble vitamin. It is widely used in dermatology for its soothing properties, helping restore skin's moisture barrier, and visibly fading skin discolorations. Shea Butter: Sustainably sourced in Burkina Faso. Formulas with shea butter help restore the skin's hydrolipidic film and help skin feel soothed. Glycerin: Derived from vegetable sources, it's an excellent humectant. It helps hydrate skin by absorbing water from the surrounding environment. Dimethicone: A silicone-based polymer used as a skin protectant to help reduce water loss. La Roche-Posay Thermal Spring Water: A soothing water sourced in the town of La Roche-Posay in France and a core ingredient in most of our products. It contains a unique combination of minerals, trace elements, and a high concentration of selenium, a natural antioxidant. FULL INGREDIENT LIST: AQUA/ WATER ∙ GLYCERIN ∙ BUTYLENE GLYCOL ∙ CETEARYL ALCOHOL ∙ NIACINAMIDE ∙ GLYCERYL STEARATE ∙ BUTYROSPERMUM PARKII BUTTER / SHEA BUTTER ∙ DIMETHICONE ∙ PEG / PPG-18/18 DIMETHICONE ∙ GLYCERYL STEARATE SE ∙ SODIUM POLYACRYLATE ∙ CAPRYLYL GLYCOL ∙ PHENOXYETHANOL FULL INGREDIENT LIST: AQUA/ WATER ∙ GLYCERIN ∙ BUTYLENE GLYCOL ∙ CETEARYL ALCOHOL ∙ NIACINAMIDE ∙ GLYCERYL STEARATE ∙ BUTYROSPERMUM PARKII BUTTER / SHEA BUTTER ∙ DIMETHICONE ∙ PEG / PPG-18/18 DIMETHICONE ∙ GLYCERYL STEARATE SE ∙ SODIUM POLYACRYLATE ∙ CAPRYLYL GLYCOL ∙ PHENOXYETHANOL AQUA/ WATER ∙ GLYCERIN ∙ BUTYLENE GLYCOL ∙ CETEARYL ALCOHOL ∙ NIACINAMIDE ∙ GLYCERYL STEARATE ∙ BUTYROSPERMUM PARKII BUTTER / SHEA BUTTER ∙ DIMETHICONE ∙ PEG / PPG-18/18 DIMETHICONE ∙ GLYCERYL STEARATE SE ∙ SODIUM POLYACRYLATE ∙ CAPRYLYL GLYCOL ∙ PHENOXYETHANOL",[],"[""dryness""]","[""hydrate"", ""soothe""]",cream,Step 1: Use dime sized amount. Step 2: Apply and massage into hands daily as needed. Step 1: Use dime sized amount. Step 2: Apply and massage into hands daily as needed.,,https://www.laroche-posay.us/dw/image/v2/AANG_PRD/on/demandware.static/-/Sites-acd-laroche-posay-master-catalog/default/dw632b9313/img/3337872414145/Cicaplast%20Hands%20Tube-1500x1500.jpg,https://www.laroche-posay.us/our-products/body/hand-cream/cicaplast-hand-cream-for-dry-hands-damaged-hands-3337872414145.html,,84,true,true,[],[],[],"[""skin_types"", ""warnings"", ""volume""]","{""care_goals"": [], ""category"": [], ""skin_concerns"": [], ""skin_types"": []}",USD,laroche-posay,,0.3.0,2026-09-15T14:54:29.156259+00:00,
antiagingserumset,Anti-Aging Serum Set,La Roche-Posay,serum,110.47,USD,30ml,Value Anti-Aging Serum Set,"Hyalu B5 Pure Hyaluronic Acid Serum Pure hyaluronic acid serum hydrates and visibly plumps skin Rich serum texture leaves skin feeling supple and hydrated to the touch Use alone or as an added boost to your favorite moisturizer Allergy-tested formula with fragrance Vitamin C12 Serum After 8 weeks*: -41% reduction in wrinkles +70% improvement in radiance +83% improvement in smoothness 92% saw clinically improved fine lines Rich serum texture leaves skin feeling softer and more hydrated *Based on average clinical scoring on 63 subjects after applying the product for 2 months, twice a day Retinol B3 Pure Retinol Serum Pure + gradual release retinol acts gradually on skin for efficacy and tolerance. Lightweight, hydrating texture visibly renews skin, reducing lines and wrinkles and creating a more luminous look. Formula with fragrance. Retinol serum suitable for sensitive skin. Hyalu B5 Pure Hyaluronic Acid Serum Pure hyaluronic acid serum hydrates and visibly plumps skin Rich serum texture leaves skin feeling supple and hydrated to the touch Use alone or as an added boost to your favorite moisturizer Allergy-tested formula with fragrance Pure hyaluronic acid serum hydrates and visibly plumps skin Rich serum texture leaves skin feeling supple and hydrated to the touch Use alone or as an added boost to your favorite moisturizer Allergy-tested formula with fragrance Pure hyaluronic acid serum hydrates and visibly plumps skin Rich serum texture leaves skin feeling supple and hydrated to the touch Use alone or as an added boost to your favorite moisturizer Allergy-tested formula with fragrance Vitamin C12 Serum After 8 weeks*: -41% reduction in wrinkles +70% improvement in radiance +83% improvement in smoothness 92% saw clinically improved fine lines Rich serum texture leaves skin feeling softer and more hydrated *Based on average clinical scoring on 63 subjects after applying the product for 2 months, twice a day After 8 weeks*: -41% reduction in wrinkles +70% improvement in radiance +83% improvement in smoothness 92% saw clinically improved fine lines Rich serum texture leaves skin feeling softer and more hydrated *Based on average clinical scoring on 63 subjects after applying the product for 2 months, twice a day -41% reduction in wrinkles +70% improvement in radiance +83% improvement in smoothness 92% saw clinically improved fine lines Rich serum texture leaves skin feeling softer and more hydrated Retinol B3 Pure Retinol Serum Pure + gradual release retinol acts gradually on skin for efficacy and tolerance. Lightweight, hydrating texture visibly renews skin, reducing lines and wrinkles and creating a more luminous look. Formula with fragrance. Retinol serum suitable for sensitive skin. Pure + gradual release retinol acts gradually on skin for efficacy and tolerance. Lightweight, hydrating texture visibly renews skin, reducing lines and wrinkles and creating a more luminous look. Formula with fragrance. Retinol serum suitable for sensitive skin. Pure + gradual release retinol acts gradually on skin for efficacy and tolerance. Lightweight, hydrating texture visibly renews skin, reducing lines and wrinkles and creating a more luminous look. Formula with fragrance. Retinol serum suitable for sensitive skin.","Hyalu B5 Pure Hyaluronic Acid Serum AQUA/WATER/EAU • GLYCERIN • ALCOHOL DENAT. • PROPYLENE GLYCOL • PANTHENOL • PENTYLENE GLYCOL • DIMETHICONE • PEG-6 CAPRYLIC/CAPRIC GLYCERIDES • ALPINIA GALANGA LEAF EXTRACT • CALCIUM CHLORIDE • GLYCERYL ISOSTEARATE • MADECASSOSIDE PPG-6-DECYLTETRADECETH-30 • SODIUM ACETYLATED HYALURONATE • SODIUM HYALURONATE • ALGIN • ADENOSINE • AMMONIUM POLYACRYLOYLDIMETHYL TAURATE • PROPANEDIOL • HYDROLYZED HYALURONIC ACID • HYDROXYACETOPHENONE • CAPRYLIC/CAPRIC TRIGLYCERIDE • CAPRYLYL GLYCOL • CITRIC ACID • TRISODIUM ETHYLENEDIAMINE DISUCCINATE • ACETYL GLUCOSAMINE • XANTHAN GUM • BUTYLENE GLYCOL 1,2-HEXANEDIOL • TOCOPHEROL • PHENOXYETHANOL • PARFUM/FRAGRANCE. Vitamin C12 Serum AQUA / WATER / EAU • ASCORBIC ACID • CYCLOHEXASILOXANE • GLYCERIN • ALCOHOL DENAT. • POTASSIUM HYDROXIDE • POLYMETHYLSILSESQUIOXANE • POLYSILICONE-11 • DI M E T H I C O N E • P ROP Y L E N E G LY COL • PENTAERYTHRITYL TETRAETHYLHEXANOATE • C13-14 ISOPARAFFIN • TOCOPHEROL • SODIUM HYALURONATE • HYDROLYZED HYALURONIC ACID • ADENOSINE • ACETYL DIPEPTIDE-1 CETYL ESTER • PEG-20 METHYL GLUCOSE SESQUISTEARATE • P O L OX AME R 3 3 8 • S A L I C Y L I C A C I D • POLYACRYLAMIDE • TOLUENE SULFONIC ACID • AMMONIUM POLYACRYLOYLDIMETHYL TAURATE • XANTHAN GUM • CAPRYLYL GLYCOL • DISODIUM EDTA • BHT • LAURETH-7 • PARFUM / FRAGRANCE Retinol B3 Pure Retinol Serum AQUA /WATER / EAU • GLYCERIN • CYCLOHEXASILOXANE • ALCOHOL DENAT. • PENTYLENE GLYCOL • NIACINAMIDE • DIMETHICONE • GLYCINE SOJA OIL / SOYBEAN OIL • PPG-6-DECYLTETRADECETH-30 • SODIUM HYALURONATE • RETINOL • ADENOSINE • AMMONIUMPOLYACRYLOYLDIMETHYLTAURATE • CAPRYLYL GLYCOL • CITRIC ACID Hyalu B5 Pure Hyaluronic Acid Serum AQUA/WATER/EAU • GLYCERIN • ALCOHOL DENAT. • PROPYLENE GLYCOL • PANTHENOL • PENTYLENE GLYCOL • DIMETHICONE • PEG-6 CAPRYLIC/CAPRIC GLYCERIDES • ALPINIA GALANGA LEAF EXTRACT • CALCIUM CHLORIDE • GLYCERYL ISOSTEARATE • MADECASSOSIDE PPG-6-DECYLTETRADECETH-30 • SODIUM ACETYLATED HYALURONATE • SODIUM HYALURONATE • ALGIN • ADENOSINE • AMMONIUM POLYACRYLOYLDIMETHYL TAURATE • PROPANEDIOL • HYDROLYZED HYALURONIC ACID • HYDROXYACETOPHENONE • CAPRYLIC/CAPRIC TRIGLYCERIDE • CAPRYLYL GLYCOL • CITRIC ACID • TRISODIUM ETHYLENEDIAMINE DISUCCINATE • ACETYL GLUCOSAMINE • XANTHAN GUM • BUTYLENE GLYCOL 1,2-HEXANEDIOL • TOCOPHEROL • PHENOXYETHANOL • PARFUM/FRAGRANCE. Vitamin C12 Serum AQUA / WATER / EAU • ASCORBIC ACID • CYCLOHEXASILOXANE • GLYCERIN • ALCOHOL DENAT. • POTASSIUM HYDROXIDE • POLYMETHYLSILSESQUIOXANE • POLYSILICONE-11 • DI M E T H I C O N E • P ROP Y L E N E G LY COL • PENTAERYTHRITYL TETRAETHYLHEXANOATE • C13-14 ISOPARAFFIN • TOCOPHEROL • SODIUM HYALURONATE • HYDROLYZED HYALURONIC ACID • ADENOSINE • ACETYL DIPEPTIDE-1 CETYL ESTER • PEG-20 METHYL GLUCOSE SESQUISTEARATE • P O L OX AME R 3 3 8 • S A L I C Y L I C A C I D • POLYACRYLAMIDE • TOLUENE SULFONIC ACID • AMMONIUM POLYACRYLOYLDIMETHYL TAURATE • XANTHAN GUM • CAPRYLYL GLYCOL • DISODIUM EDTA • BHT • LAURETH-7 • PARFUM / FRAGRANCE Retinol B3 Pure Retinol Serum AQUA /WATER / EAU • GLYCERIN • CYCLOHEXASILOXANE • ALCOHOL DENAT. • PENTYLENE GLYCOL • NIACINAMIDE • DIMETHICONE • GLYCINE SOJA OIL / SOYBEAN OIL • PPG-6-DECYLTETRADECETH-30 • SODIUM HYALURONATE • RETINOL • ADENOSINE • AMMONIUMPOLYACRYLOYLDIMETHYLTAURATE • CAPRYLYL GLYCOL • CITRIC ACID",,"[""sensitive""]","[""aging"", ""sensitivity""]","[""cleanse"", ""hydrate"", ""brighten"", ""anti_aging""]",serum,"In the Morning: Step 1: Apply 3-4 drops of Vitamin C12 Serum on the face and neck after cleansing and/or toning. Step 2: Apply 3-4 drops of Hyalu B5 Pure Hyaluronic Acid Serum on the face and neck. Can be used alone or under a moisturizer. In the Evening: Step 1: Apply 3-4 drops of Hyalu B5 Pure Hyaluronic Acid Serum on the face and neck after cleansing and/or toning. Can be used alone or before using a moisturizer. Step 2: Apply 3-4 drops of Retinol B3 Pure Retinol Serum on the face and neck after As a precautionary measure, avoid using products containing retinol during pregnancy and while breastfeeding. In the Morning: Step 1: Apply 3-4 drops of Vitamin C12 Serum on the face and neck after cleansing and/or toning. Step 2: Apply 3-4 drops of Hyalu B5 Pure Hyaluronic Acid Serum on the face and neck. Can be used alone or under a moisturizer. In the Evening: Step 1: Apply 3-4 drops of Hyalu B5 Pure Hyaluronic Acid Serum on the face and neck after cleansing and/or toning. Can be used alone or before using a moisturizer. Step 2: Apply 3-4 drops of Retinol B3 Pure Retinol Serum on the face and neck after As a precautionary measure, avoid using products containing retinol during pregnancy and while breastfeeding.",,https://www.laroche-posay.us/dw/image/v2/AANG_PRD/on/demandware.static/-/Sites-acd-laroche-posay-master-catalog/default/dwa958834e/img/antiagingserumset/2026/Set01_anti-aging-serum-REV-1500x1500.jpg,https://www.laroche-posay.us/our-products/face/face-serum/anti-aging-serum-set-antiagingserumset.html,,86,true,true,[],[],[],"[""key_ingredients"", ""warnings""]","{""care_goals"": [], ""category"": [], ""skin_concerns"": [], ""skin_types"": []}",USD,laroche-posay,,0.3.0,2026-09-15T06:54:56.729403+00:00,
3337875660570,Vitamin C12 Serum,La Roche-Posay,serum,44.99,USD,,Dermatological Anti-Aging 12% Pure Vitamin C Serum. Allergy Tested Formula,"After 8 weeks* -41% reduction in wrinkles +70% improvement in radiance +83% improvement in smoothness 92% saw clinically improved fine lines Rich serum texture leaves skin feeling softer and more hydrated *Based on average clinical scoring on 63 subjects after applying the product for 2 months, twice a day After 8 weeks* -41% reduction in wrinkles +70% improvement in radiance +83% improvement in smoothness 92% saw clinically improved fine lines Rich serum texture leaves skin feeling softer and more hydrated -41% reduction in wrinkles +70% improvement in radiance +83% improvement in smoothness 92% saw clinically improved fine lines Rich serum texture leaves skin feeling softer and more hydrated *Based on average clinical scoring on 63 subjects after applying the product for 2 months, twice a day","KEY INGREDIENTS 12% Pure Vitamin C : Also known as L-ascorbic acid, this ingredient is commonly recommended by dermatologists. Within our formulas, this water-soluble vitamin is known for its antioxidant and visible anti-aging properties. Salicylic Acid : Known for its effective exfoliating properties to help clear and refine the appearance of pores. An ideal choice for those concerned with clogged pores and oily skin. Neurosensine : A synthetic dipeptide, also known as acetyl dipeptide-1 cetyl ester, used to help skin feel soothed. Glycerin : Derived from vegetable sources, it's an excellent humectant. It helps hydrate skin by absorbing water from the surrounding environment. Hyaluronic Acid (HA) : A polysaccharide (carbohydrate polymer) found naturally within the skin. When used in a formula, HA is an effective humectant that can hold a large amount of water to help maintain the skin's moisture. La Roche-Posay Thermal Spring Water : A soothing water sourced in the town of La Roche-Posay in France and a core ingredient in most of our products. It contains a unique combination of minerals, trace elements, and a high concentration of selenium, a natural antioxidant. FULL INGREDIENT LIST: AQUA / WATER / EAU • ASCORBIC ACID • CYCLOHEXASILOXANE • GLYCERIN • ALCOHOL DENAT. • POTASSIUM HYDROXIDE • POLYMETHYLSILSESQUIOXANE • POLYSILICONE-11 • DI M E T H I C O N E • P ROP Y L E N E G LY COL • PENTAERYTHRITYL TETRAETHYLHEXANOATE • C13-14 ISOPARAFFIN • TOCOPHEROL • SODIUM HYALURONATE • HYDROLYZED HYALURONIC ACID • ADENOSINE • ACETYL DIPEPTIDE-1 CETYL ESTER • PEG-20 METHYL GLUCOSE SESQUISTEARATE • P O L OX AME R 3 3 8 • S A L I C Y L I C A C I D • POLYACRYLAMIDE • TOLUENE SULFONIC ACID • AMMONIUM POLYACRYLOYLDIMETHYL TAURATE • XANTHAN GUM • CAPRYLYL GLYCOL • DISODIUM EDTA • BHT • LAURETH-7 • PARFUM / FRAGRANCE 12% Pure Vitamin C : Also known as L-ascorbic acid, this ingredient is commonly recommended by dermatologists. Within our formulas, this water-soluble vitamin is known for its antioxidant and visible anti-aging properties. Salicylic Acid : Known for its effective exfoliating properties to help clear and refine the appearance of pores. An ideal choice for those concerned with clogged pores and oily skin. Neurosensine : A synthetic dipeptide, also known as acetyl dipeptide-1 cetyl ester, used to help skin feel soothed. Glycerin : Derived from vegetable sources, it's an excellent humectant. It helps hydrate skin by absorbing water from the surrounding environment. Hyaluronic Acid (HA) : A polysaccharide (carbohydrate polymer) found naturally within the skin. When used in a formula, HA is an effective humectant that can hold a large amount of water to help maintain the skin's moisture. La Roche-Posay Thermal Spring Water : A soothing water sourced in the town of La Roche-Posay in France and a core ingredient in most of our products. It contains a unique combination of minerals, trace elements, and a high concentration of selenium, a natural antioxidant. FULL INGREDIENT LIST: AQUA / WATER / EAU • ASCORBIC ACID • CYCLOHEXASILOXANE • GLYCERIN • ALCOHOL DENAT. • POTASSIUM HYDROXIDE • POLYMETHYLSILSESQUIOXANE • POLYSILICONE-11 • DI M E T H I C O N E • P ROP Y L E N E G LY COL • PENTAERYTHRITYL TETRAETHYLHEXANOATE • C13-14 ISOPARAFFIN • TOCOPHEROL • SODIUM HYALURONATE • HYDROLYZED HYALURONIC ACID • ADENOSINE • ACETYL DIPEPTIDE-1 CETYL ESTER • PEG-20 METHYL GLUCOSE SESQUISTEARATE • P O L OX AME R 3 3 8 • S A L I C Y L I C A C I D • POLYACRYLAMIDE • TOLUENE SULFONIC ACID • AMMONIUM POLYACRYLOYLDIMETHYL TAURATE • XANTHAN GUM • CAPRYLYL GLYCOL • DISODIUM EDTA • BHT • LAURETH-7 • PARFUM / FRAGRANCE AQUA / WATER / EAU • ASCORBIC ACID • CYCLOHEXASILOXANE • GLYCERIN • ALCOHOL DENAT. • POTASSIUM HYDROXIDE • POLYMETHYLSILSESQUIOXANE • POLYSILICONE-11 • DI M E T H I C O N E • P ROP Y L E N E G LY COL • PENTAERYTHRITYL TETRAETHYLHEXANOATE • C13-14 ISOPARAFFIN • TOCOPHEROL • SODIUM HYALURONATE • HYDROLYZED HYALURONIC ACID • ADENOSINE • ACETYL DIPEPTIDE-1 CETYL ESTER • PEG-20 METHYL GLUCOSE SESQUISTEARATE • P O L OX AME R 3 3 8 • S A L I C Y L I C A C I D • POLYACRYLAMIDE • TOLUENE SULFONIC ACID • AMMONIUM POLYACRYLOYLDIMETHYL TAURATE • XANTHAN GUM • CAPRYLYL GLYCOL • DISODIUM EDTA • BHT • LAURETH-7 • PARFUM / FRAGRANCE","12% Pure Vitamin C : Also known as L-ascorbic acid, this ingredient is commonly recommended by dermatologists. Within our formulas, this water-soluble vitamin is known for its antioxidant and visible anti-aging properties. Salicylic Acid : Known for its effective exfoliating properties to help clear and refine the appearance of pores. An ideal choice for those concerned with clogged pores and oily skin. Neurosensine : A synthetic dipeptide, also known as acetyl dipeptide-1 cetyl ester, used to help skin feel soothed. Glycerin : Derived from vegetable sources, it's an excellent humectant. It helps hydrate skin by absorbing water from the surrounding environment. Hyaluronic Acid (HA) : A polysaccharide (carbohydrate polymer) found naturally within the skin. When used in a formula, HA is an effective humectant that can hold a large amount of water to help maintain the skin's moisture. La Roche-Posay Thermal Spring Water : A soothing water sourced in the town of La Roche-Posay in France and a core ingredient in most of our products. It contains a unique combination of minerals, trace elements, and a high concentration of selenium, a natural antioxidant. FULL INGREDIENT LIST: AQUA / WATER / EAU • ASCORBIC ACID • CYCLOHEXASILOXANE • GLYCERIN • ALCOHOL DENAT. • POTASSIUM HYDROXIDE • POLYMETHYLSILSESQUIOXANE • POLYSILICONE-11 • DI M E T H I C O N E • P ROP Y L E N E G LY COL • PENTAERYTHRITYL TETRAETHYLHEXANOATE • C13-14 ISOPARAFFIN • TOCOPHEROL • SODIUM HYALURONATE • HYDROLYZED HYALURONIC ACID • ADENOSINE • ACETYL DIPEPTIDE-1 CETYL ESTER • PEG-20 METHYL GLUCOSE SESQUISTEARATE • P O L OX AME R 3 3 8 • S A L I C Y L I C A C I D • POLYACRYLAMIDE • TOLUENE SULFONIC ACID • AMMONIUM POLYACRYLOYLDIMETHYL TAURATE • XANTHAN GUM • CAPRYLYL GLYCOL • DISODIUM EDTA • BHT • LAURETH-7 • PARFUM / FRAGRANCE AQUA / WATER / EAU • ASCORBIC ACID • CYCLOHEXASILOXANE • GLYCERIN • ALCOHOL DENAT. • POTASSIUM HYDROXIDE • POLYMETHYLSILSESQUIOXANE • POLYSILICONE-11 • DI M E T H I C O N E • P ROP Y L E N E G LY COL • PENTAERYTHRITYL TETRAETHYLHEXANOATE • C13-14 ISOPARAFFIN • TOCOPHEROL • SODIUM HYALURONATE • HYDROLYZED HYALURONIC ACID • ADENOSINE • ACETYL DIPEPTIDE-1 CETYL ESTER • PEG-20 METHYL GLUCOSE SESQUISTEARATE • P O L OX AME R 3 3 8 • S A L I C Y L I C A C I D • POLYACRYLAMIDE • TOLUENE SULFONIC ACID • AMMONIUM POLYACRYLOYLDIMETHYL TAURATE • XANTHAN GUM • CAPRYLYL GLYCOL • DISODIUM EDTA • BHT • LAURETH-7 • PARFUM / FRAGRANCE",[],"[""aging""]","[""hydrate"", ""brighten"", ""anti_aging""]",serum,,,https://www.laroche-posay.us/dw/image/v2/AANG_PRD/on/demandware.static/-/Sites-acd-laroche-posay-master-catalog/default/dw85a71660/img/3337875660570/LaRochePosay-Product-Skincare-PureVitaminC12-30ml-3337875909235-PackshotFront-shadow-1500x1500-Rev.jpg,https://www.laroche-posay.us/our-products/face/face-serum/vitamin-c12-serum-3337875660570.html,,78,true,true,[],[],[],"[""skin_types"", ""usage_instruction"", ""warnings"", ""volume""]","{""care_goals"": [], ""category"": [], ""skin_concerns"": [], ""skin_types"": []}",USD,laroche-posay,,0.3.0,2026-09-15T06:55:03.981803+00:00,
883140000907,Anthelios Mineral Zinc Oxide Sunscreen SPF 50,La Roche-Posay,sunscreen,42.99,USD,50ml,Mineral Zinc Oxide Sunscreen for Face,"100% mineral zinc oxide sunscreen provides broad spectrum SPF 50 protection Non-whitening, fast absorbing texture with a matte finish A powerful antioxidant complex to help protect skin from free radicals caused by UV rays Water resistant (40 minutes) Formulated and rigorously tested for skin tolerance, even on sensitive skin 100% mineral zinc oxide sunscreen provides broad spectrum SPF 50 protection Non-whitening, fast absorbing texture with a matte finish A powerful antioxidant complex to help protect skin from free radicals caused by UV rays Water resistant (40 minutes) Formulated and rigorously tested for skin tolerance, even on sensitive skin","KEY INGREDIENTS: Cell-Ox Shield® Technology: A key antioxidant technology in the Anthelios sun care range. It combines photostable UVA/UVB filters to deliver broad spectrum protection and powerful antioxidant protection. With Senna Alata, a tropical leaf extract known to defend skin cells in the upper layer of skin against damaging free radicals caused by the sun. Vitamin E: Tocopheryl acetate is a synthetic, more stable form of vitamin E. It has antioxidant properties to help neutralize damaging free radicals. Zinc Oxide: Also known as a physical or inorganic sunscreen filter and is often recommended for sensitive skin types. It forms a barrier on the skin's surface to reflect and scatter a wide spectrum of UV light, including UVA and UVB rays. Titanium Dioxide: Also known as a physical or inorganic sunscreen filter and is often recommended for sensitive skin types. It forms a barrier on the skin's surface to help protect against both UVA and UVB rays. Dimethicone: A silicone-based polymer used as a skin protectant to help reduce water loss. Silica: A type of powder with a spherical bead shape that provides a silky feel and soft focus effect. It is lightweight and is able to absorb a significant amount of oil from skin. La Roche-Posay Thermal Spring Water: A soothing water sourced in the town of La Roche-Posay in France and a core ingredient in most of our products. It contains a unique combination of minerals, trace elements, and a high concentration of selenium, a natural antioxidant. ACTIVE INGREDIENTS TITANIUM DIOXIDE 6% • ZINC OXIDE 5% INACTIVE INGREDIENTS WATER • DIMETHICONE • ISODODECANE • C12-15 ALKYL BENZOATE • UNDECANE • TRIETHYLHEXANOIN • ISOHEXADECANE • NYLON-12 • CAPRYLYL METHICONE • BUTYLOCTYL SALICYLATE • PHENETHYL BENZOATE • STYRENE/ACRYLATES COPOLYMER • SILICA • TRIDECANE • DICAPRYLYL CARBONATE • DICAPRYLYL ETHER • TALC • DIMETHICONE/PEG-10/15 CROSSPOLYMER • ALUMINUM STEARATE • PENTYLENE GLYCOL • PEG-9 POLYDIMETHYLSILOXYETHYL DIMETHICONE • ALUMINA • POLYHYDROXYSTEARIC ACID • PHENOXYETHANOL • MAGNESIUM SULFATE • PROPYLENE GLYCOL • CAPRYLYL GLYCOL • PEG-8 LAURATE • DISTEARDIMONIUM HECTORITE • TRIETHOXYCAPRYLYLSILANE • DIETHYLHEXYL SYRINGYLIDENEMALONATE • TOCOPHEROL • PROPYLENE CARBONATE • CASSIA ALATA LEAF EXTRACT • MALTODEXTRIN • BENZOIC ACID • PEG-9 KEY INGREDIENTS: Cell-Ox Shield® Technology: A key antioxidant technology in the Anthelios sun care range. It combines photostable UVA/UVB filters to deliver broad spectrum protection and powerful antioxidant protection. With Senna Alata, a tropical leaf extract known to defend skin cells in the upper layer of skin against damaging free radicals caused by the sun. Vitamin E: Tocopheryl acetate is a synthetic, more stable form of vitamin E. It has antioxidant properties to help neutralize damaging free radicals. Zinc Oxide: Also known as a physical or inorganic sunscreen filter and is often recommended for sensitive skin types. It forms a barrier on the skin's surface to reflect and scatter a wide spectrum of UV light, including UVA and UVB rays. Titanium Dioxide: Also known as a physical or inorganic sunscreen filter and is often recommended for sensitive skin types. It forms a barrier on the skin's surface to help protect against both UVA and UVB rays. Dimethicone: A silicone-based polymer used as a skin protectant to help reduce water loss. Silica: A type of powder with a spherical bead shape that provides a silky feel and soft focus effect. It is lightweight and is able to absorb a significant amount of oil from skin. La Roche-Posay Thermal Spring Water: A soothing water sourced in the town of La Roche-Posay in France and a core ingredient in most of our products. It contains a unique combination of minerals, trace elements, and a high concentration of selenium, a natural antioxidant. ACTIVE INGREDIENTS TITANIUM DIOXIDE 6% • ZINC OXIDE 5% INACTIVE INGREDIENTS WATER • DIMETHICONE • ISODODECANE • C12-15 ALKYL BENZOATE • UNDECANE • TRIETHYLHEXANOIN • ISOHEXADECANE • NYLON-12 • CAPRYLYL METHICONE • BUTYLOCTYL SALICYLATE • PHENETHYL BENZOATE • STYRENE/ACRYLATES COPOLYMER • SILICA • TRIDECANE • DICAPRYLYL CARBONATE • DICAPRYLYL ETHER • TALC • DIMETHICONE/PEG-10/15 CROSSPOLYMER • ALUMINUM STEARATE • PENTYLENE GLYCOL • PEG-9 POLYDIMETHYLSILOXYETHYL DIMETHICONE • ALUMINA • POLYHYDROXYSTEARIC ACID • PHENOXYETHANOL • MAGNESIUM SULFATE • PROPYLENE GLYCOL • CAPRYLYL GLYCOL • PEG-8 LAURATE • DISTEARDIMONIUM HECTORITE • TRIETHOXYCAPRYLYLSILANE • DIETHYLHEXYL SYRINGYLIDENEMALONATE • TOCOPHEROL • PROPYLENE CARBONATE • CASSIA ALATA LEAF EXTRACT • MALTODEXTRIN • BENZOIC ACID • PEG-9 TITANIUM DIOXIDE 6% • ZINC OXIDE 5% WATER • DIMETHICONE • ISODODECANE • C12-15 ALKYL BENZOATE • UNDECANE • TRIETHYLHEXANOIN • ISOHEXADECANE • NYLON-12 • CAPRYLYL METHICONE • BUTYLOCTYL SALICYLATE • PHENETHYL BENZOATE • STYRENE/ACRYLATES COPOLYMER • SILICA • TRIDECANE • DICAPRYLYL CARBONATE • DICAPRYLYL ETHER • TALC • DIMETHICONE/PEG-10/15 CROSSPOLYMER • ALUMINUM STEARATE • PENTYLENE GLYCOL • PEG-9 POLYDIMETHYLSILOXYETHYL DIMETHICONE • ALUMINA • POLYHYDROXYSTEARIC ACID • PHENOXYETHANOL • MAGNESIUM SULFATE • PROPYLENE GLYCOL • CAPRYLYL GLYCOL • PEG-8 LAURATE • DISTEARDIMONIUM HECTORITE • TRIETHOXYCAPRYLYLSILANE • DIETHYLHEXYL SYRINGYLIDENEMALONATE • TOCOPHEROL • PROPYLENE CARBONATE • CASSIA ALATA LEAF EXTRACT • MALTODEXTRIN • BENZOIC ACID • PEG-9","Cell-Ox Shield® Technology: A key antioxidant technology in the Anthelios sun care range. It combines photostable UVA/UVB filters to deliver broad spectrum protection and powerful antioxidant protection. With Senna Alata, a tropical leaf extract known to defend skin cells in the upper layer of skin against damaging free radicals caused by the sun. Vitamin E: Tocopheryl acetate is a synthetic, more stable form of vitamin E. It has antioxidant properties to help neutralize damaging free radicals. Zinc Oxide: Also known as a physical or inorganic sunscreen filter and is often recommended for sensitive skin types. It forms a barrier on the skin's surface to reflect and scatter a wide spectrum of UV light, including UVA and UVB rays. Titanium Dioxide: Also known as a physical or inorganic sunscreen filter and is often recommended for sensitive skin types. It forms a barrier on the skin's surface to help protect against both UVA and UVB rays. Dimethicone: A silicone-based polymer used as a skin protectant to help reduce water loss. Silica: A type of powder with a spherical bead shape that provides a silky feel and soft focus effect. It is lightweight and is able to absorb a significant amount of oil from skin. La Roche-Posay Thermal Spring Water: A soothing water sourced in the town of La Roche-Posay in France and a core ingredient in most of our products. It contains a unique combination of minerals, trace elements, and a high concentration of selenium, a natural antioxidant.","[""sensitive""]","[""aging"", ""sensitivity""]","[""sun_protection""]",,"Step 1: Apply generously 15 minutes before sun exposure.. Step 2: Reapply: After 40 minutes of swimming or sweating, immediately after towel drying, at least every 2 hours. Step 3: If used with other skincare products, use as a last step in regimen. Can be used alone or under makeup. Sun Protection Measures: read back of packaging. Children under 6 months of age: ask a doctor. Step 1: Apply generously 15 minutes before sun exposure.. Step 2: Reapply: After 40 minutes of swimming or sweating, immediately after towel drying, at least every 2 hours. Step 3: If used with other skincare products, use as a last step in regimen. Can be used alone or under makeup. Sun Protection Measures: read back of packaging. Children under 6 months of age: ask a doctor.",,https://www.laroche-posay.us/dw/image/v2/AANG_PRD/on/demandware.static/-/Sites-acd-laroche-posay-master-catalog/default/dw36708b07/img/883140000907/Anthelios50Mineral-Non-Tinted-DRM_Allure-2024.jpg,https://www.laroche-posay.us/our-products/sun/face-sunscreen/anthelios-mineral-zinc-oxide-sunscreen-spf-50-883140000907.html,,94,true,true,[],[],[],"[""warnings"", ""texture""]","{""care_goals"": [], ""category"": [], ""skin_concerns"": [], ""skin_types"": []}",USD,laroche-posay,,0.3.0,2026-09-15T14:40:08.614487+00:00,
3337872419522,Toleriane Dermallergo Eye Cream,La Roche-Posay,eye_care,29.99,USD,50ml,Ultra Eye Cream Tested on Allergy-Prone and Sensitive Eyes,"High-Tolerance Formula : 0% parabens, fragrance, or drying alcohol Eye Cream for Sensitive Skin : Helps intensely soothe and comfort sensitive eye skin Protected Formula : Air-tight packaging helps prevent exposure to outside contaminants Lightweight Comfort : Calming gel-cream texture absorbs easily High-Tolerance Formula : 0% parabens, fragrance, or drying alcohol Eye Cream for Sensitive Skin : Helps intensely soothe and comfort sensitive eye skin Protected Formula : Air-tight packaging helps prevent exposure to outside contaminants Lightweight Comfort : Calming gel-cream texture absorbs easily","KEY INGREDIENTS: Neurosensine: A synthetic dipeptide, also known as acetyl dipeptide-1 cetyl ester, used to help skin feel soothed. Niacinamide: A form of vitamin B3, niacinamide is a water soluble vitamin. It is widely used in dermatology for its soothing properties, helping restore skin's moisture barrier, and visibly fading skin discolorations. Shea Butter: Sustainably sourced in Burkina Faso. Formulas with shea butter help restore the skin's hydrolipidic film and help skin feel soothed. Glycerin: Derived from vegetable sources, it's an excellent humectant. It helps hydrate skin by absorbing water from the surrounding environment. La Roche-Posay Thermal Spring Water: A soothing water sourced in the town of La Roche-Posay in France and a core ingredient in most of our products. It contains a unique combination of minerals, trace elements, and a high concentration of selenium, a natural antioxidant. FULL INGREDIENT LIST: AQUA / WATER, GLYCERIN, BUTYLENE GLYCOL, PROPANEDIOL, SQUALANE, BUTYROSPERMUM PARKII BUTTER / SHEA BUTTER, PENTYLENE GLYCOL, NIACINAMIDE, CELLULOSE, ZEA MAYS STARCH / CORN STARCH, POLYSORBATE 20, SALVIA MILTIORRHIZA ROOT EXTRACT, GLYCERYL ACRYLATE/ACRYLIC ACID COPOLYMER, SPHINGOMONAS FERMENT EXTRACT, AMMONIUM POLYACRYLOYLDIMETHYL TAURATE, HYDROXYACETOPHENONE, CITRIC ACID, TRISODIUM ETHYLENEDIAMINE DISUCCINATE, ACETYL DIPEPTIDE-1 CETYL ESTER Neurosensine: A synthetic dipeptide, also known as acetyl dipeptide-1 cetyl ester, used to help skin feel soothed. Niacinamide: A form of vitamin B3, niacinamide is a water soluble vitamin. It is widely used in dermatology for its soothing properties, helping restore skin's moisture barrier, and visibly fading skin discolorations. Shea Butter: Sustainably sourced in Burkina Faso. Formulas with shea butter help restore the skin's hydrolipidic film and help skin feel soothed. Glycerin: Derived from vegetable sources, it's an excellent humectant. It helps hydrate skin by absorbing water from the surrounding environment. La Roche-Posay Thermal Spring Water: A soothing water sourced in the town of La Roche-Posay in France and a core ingredient in most of our products. It contains a unique combination of minerals, trace elements, and a high concentration of selenium, a natural antioxidant. FULL INGREDIENT LIST: AQUA / WATER, GLYCERIN, BUTYLENE GLYCOL, PROPANEDIOL, SQUALANE, BUTYROSPERMUM PARKII BUTTER / SHEA BUTTER, PENTYLENE GLYCOL, NIACINAMIDE, CELLULOSE, ZEA MAYS STARCH / CORN STARCH, POLYSORBATE 20, SALVIA MILTIORRHIZA ROOT EXTRACT, GLYCERYL ACRYLATE/ACRYLIC ACID COPOLYMER, SPHINGOMONAS FERMENT EXTRACT, AMMONIUM POLYACRYLOYLDIMETHYL TAURATE, HYDROXYACETOPHENONE, CITRIC ACID, TRISODIUM ETHYLENEDIAMINE DISUCCINATE, ACETYL DIPEPTIDE-1 CETYL ESTER AQUA / WATER, GLYCERIN, BUTYLENE GLYCOL, PROPANEDIOL, SQUALANE, BUTYROSPERMUM PARKII BUTTER / SHEA BUTTER, PENTYLENE GLYCOL, NIACINAMIDE, CELLULOSE, ZEA MAYS STARCH / CORN STARCH, POLYSORBATE 20, SALVIA MILTIORRHIZA ROOT EXTRACT, GLYCERYL ACRYLATE/ACRYLIC ACID COPOLYMER, SPHINGOMONAS FERMENT EXTRACT, AMMONIUM POLYACRYLOYLDIMETHYL TAURATE, HYDROXYACETOPHENONE, CITRIC ACID, TRISODIUM ETHYLENEDIAMINE DISUCCINATE, ACETYL DIPEPTIDE-1 CETYL ESTER","Neurosensine: A synthetic dipeptide, also known as acetyl dipeptide-1 cetyl ester, used to help skin feel soothed. Niacinamide: A form of vitamin B3, niacinamide is a water soluble vitamin. It is widely used in dermatology for its soothing properties, helping restore skin's moisture barrier, and visibly fading skin discolorations. Shea Butter: Sustainably sourced in Burkina Faso. Formulas with shea butter help restore the skin's hydrolipidic film and help skin feel soothed. Glycerin: Derived from vegetable sources, it's an excellent humectant. It helps hydrate skin by absorbing water from the surrounding environment. La Roche-Posay Thermal Spring Water: A soothing water sourced in the town of La Roche-Posay in France and a core ingredient in most of our products. It contains a unique combination of minerals, trace elements, and a high concentration of selenium, a natural antioxidant. FULL INGREDIENT LIST: AQUA / WATER, GLYCERIN, BUTYLENE GLYCOL, PROPANEDIOL, SQUALANE, BUTYROSPERMUM PARKII BUTTER / SHEA BUTTER, PENTYLENE GLYCOL, NIACINAMIDE, CELLULOSE, ZEA MAYS STARCH / CORN STARCH, POLYSORBATE 20, SALVIA MILTIORRHIZA ROOT EXTRACT, GLYCERYL ACRYLATE/ACRYLIC ACID COPOLYMER, SPHINGOMONAS FERMENT EXTRACT, AMMONIUM POLYACRYLOYLDIMETHYL TAURATE, HYDROXYACETOPHENONE, CITRIC ACID, TRISODIUM ETHYLENEDIAMINE DISUCCINATE, ACETYL DIPEPTIDE-1 CETYL ESTER AQUA / WATER, GLYCERIN, BUTYLENE GLYCOL, PROPANEDIOL, SQUALANE, BUTYROSPERMUM PARKII BUTTER / SHEA BUTTER, PENTYLENE GLYCOL, NIACINAMIDE, CELLULOSE, ZEA MAYS STARCH / CORN STARCH, POLYSORBATE 20, SALVIA MILTIORRHIZA ROOT EXTRACT, GLYCERYL ACRYLATE/ACRYLIC ACID COPOLYMER, SPHINGOMONAS FERMENT EXTRACT, AMMONIUM POLYACRYLOYLDIMETHYL TAURATE, HYDROXYACETOPHENONE, CITRIC ACID, TRISODIUM ETHYLENEDIAMINE DISUCCINATE, ACETYL DIPEPTIDE-1 CETYL ESTER","[""sensitive""]","[""aging"", ""sensitivity""]","[""cleanse"", ""soothe""]",gel-cream,"Step 1: After cleansing, apply a small amount of product onto the tip of ring finger. Step 2: Delicately dab around the eye area and on dry eyelids. Step 3: Repeat application process morning and/or evening. Step 1: After cleansing, apply a small amount of product onto the tip of ring finger. Step 2: Delicately dab around the eye area and on dry eyelids. Step 3: Repeat application process morning and/or evening.",,https://www.laroche-posay.us/dw/image/v2/AANG_PRD/on/demandware.static/-/Sites-acd-laroche-posay-master-catalog/default/dw0fdb91b7/img/3337872419522/1_TolerianeDermAllergoEyes_20ml_Pump_1500x1500.jpg,https://www.laroche-posay.us/our-products/face/eye-cream/toleriane-dermallergo-eye-cream-3337872419522.html,,96,true,true,[],[],[],"[""warnings""]","{""care_goals"": [], ""category"": [], ""skin_concerns"": [], ""skin_types"": []}",USD,laroche-posay,,0.3.0,2026-09-15T14:55:30.672436+00:00,
3337872412486,Toleriane Dermallergo Moisturizing Cream,La Roche-Posay,moisturizer,31.97,USD,50ml,Ultra Moisturizing Cream Tested on Allergy-Prone Skin,"0% preservative, paraben, fragrance, or drying alcohol Provides instant and long-lasting comfort Air-tight packaging ensures no outside contaminants get inside Comforting cream texture 0% preservative, paraben, fragrance, or drying alcohol Provides instant and long-lasting comfort Air-tight packaging ensures no outside contaminants get inside Comforting cream texture","KEY INGREDIENTS: Neurosensine: A synthetic dipeptide, also known as acetyl dipeptide-1 cetyl ester, used to help skin feel soothed. Shea Butter: Sustainably sourced in Burkina Faso. Formulas with shea butter help restore the skin's hydrolipidic film and help skin feel soothed. Glycerin: Derived from vegetable sources, it's an excellent humectant. It helps hydrate skin by absorbing water from the surrounding environment. Dimethicone: A silicone-based polymer used as a skin protectant to help reduce water loss. La Roche-Posay Thermal Spring Water: A soothing water sourced in the town of La Roche-Posay in France and a core ingredient in most of our products. It contains a unique combination of minerals, trace elements, and a high concentration of selenium, a natural antioxidant. FULL INGREDIENT LIST: AQUA / WATER / EAU, ISOCETYL STEARATE, SQUALANE, BUTYROSPERMUM PARKII BUTTER / SHEA BUTTER, DIMETHICONE, GLYCERIN, ZEA MAYS STARCH / CORN STARCH, PENTYLENE GLYCOL, BUTYLENE GLYCOL, GLYCERYL STEARATE, PEG-100 STEARATE, CETYL ALCOHOL, SALVIA MILTIORRHIZA ROOT EXTRACT, DIMETHICONOL, SODIUM HYDROXIDE, SPHINGOMONAS FERMENT EXTRACT, CAPRYLYL GLYCOL, CITRIC ACID, ACETYL DIPEPTIDE-1 CETYL ESTER, ACRYLATES/C10-30 ALKYL ACRYLATE CROSSPOLYMER Neurosensine: A synthetic dipeptide, also known as acetyl dipeptide-1 cetyl ester, used to help skin feel soothed. Shea Butter: Sustainably sourced in Burkina Faso. Formulas with shea butter help restore the skin's hydrolipidic film and help skin feel soothed. Glycerin: Derived from vegetable sources, it's an excellent humectant. It helps hydrate skin by absorbing water from the surrounding environment. Dimethicone: A silicone-based polymer used as a skin protectant to help reduce water loss. La Roche-Posay Thermal Spring Water: A soothing water sourced in the town of La Roche-Posay in France and a core ingredient in most of our products. It contains a unique combination of minerals, trace elements, and a high concentration of selenium, a natural antioxidant. FULL INGREDIENT LIST: AQUA / WATER / EAU, ISOCETYL STEARATE, SQUALANE, BUTYROSPERMUM PARKII BUTTER / SHEA BUTTER, DIMETHICONE, GLYCERIN, ZEA MAYS STARCH / CORN STARCH, PENTYLENE GLYCOL, BUTYLENE GLYCOL, GLYCERYL STEARATE, PEG-100 STEARATE, CETYL ALCOHOL, SALVIA MILTIORRHIZA ROOT EXTRACT, DIMETHICONOL, SODIUM HYDROXIDE, SPHINGOMONAS FERMENT EXTRACT, CAPRYLYL GLYCOL, CITRIC ACID, ACETYL DIPEPTIDE-1 CETYL ESTER, ACRYLATES/C10-30 ALKYL ACRYLATE CROSSPOLYMER AQUA / WATER / EAU, ISOCETYL STEARATE, SQUALANE, BUTYROSPERMUM PARKII BUTTER / SHEA BUTTER, DIMETHICONE, GLYCERIN, ZEA MAYS STARCH / CORN STARCH, PENTYLENE GLYCOL, BUTYLENE GLYCOL, GLYCERYL STEARATE, PEG-100 STEARATE, CETYL ALCOHOL, SALVIA MILTIORRHIZA ROOT EXTRACT, DIMETHICONOL, SODIUM HYDROXIDE, SPHINGOMONAS FERMENT EXTRACT, CAPRYLYL GLYCOL, CITRIC ACID, ACETYL DIPEPTIDE-1 CETYL ESTER, ACRYLATES/C10-30 ALKYL ACRYLATE CROSSPOLYMER","Neurosensine: A synthetic dipeptide, also known as acetyl dipeptide-1 cetyl ester, used to help skin feel soothed. Shea Butter: Sustainably sourced in Burkina Faso. Formulas with shea butter help restore the skin's hydrolipidic film and help skin feel soothed. Glycerin: Derived from vegetable sources, it's an excellent humectant. It helps hydrate skin by absorbing water from the surrounding environment. Dimethicone: A silicone-based polymer used as a skin protectant to help reduce water loss. La Roche-Posay Thermal Spring Water: A soothing water sourced in the town of La Roche-Posay in France and a core ingredient in most of our products. It contains a unique combination of minerals, trace elements, and a high concentration of selenium, a natural antioxidant. FULL INGREDIENT LIST: AQUA / WATER / EAU, ISOCETYL STEARATE, SQUALANE, BUTYROSPERMUM PARKII BUTTER / SHEA BUTTER, DIMETHICONE, GLYCERIN, ZEA MAYS STARCH / CORN STARCH, PENTYLENE GLYCOL, BUTYLENE GLYCOL, GLYCERYL STEARATE, PEG-100 STEARATE, CETYL ALCOHOL, SALVIA MILTIORRHIZA ROOT EXTRACT, DIMETHICONOL, SODIUM HYDROXIDE, SPHINGOMONAS FERMENT EXTRACT, CAPRYLYL GLYCOL, CITRIC ACID, ACETYL DIPEPTIDE-1 CETYL ESTER, ACRYLATES/C10-30 ALKYL ACRYLATE CROSSPOLYMER AQUA / WATER / EAU, ISOCETYL STEARATE, SQUALANE, BUTYROSPERMUM PARKII BUTTER / SHEA BUTTER, DIMETHICONE, GLYCERIN, ZEA MAYS STARCH / CORN STARCH, PENTYLENE GLYCOL, BUTYLENE GLYCOL, GLYCERYL STEARATE, PEG-100 STEARATE, CETYL ALCOHOL, SALVIA MILTIORRHIZA ROOT EXTRACT, DIMETHICONOL, SODIUM HYDROXIDE, SPHINGOMONAS FERMENT EXTRACT, CAPRYLYL GLYCOL, CITRIC ACID, ACETYL DIPEPTIDE-1 CETYL ESTER, ACRYLATES/C10-30 ALKYL ACRYLATE CROSSPOLYMER",[],"[""aging""]","[""cleanse"", ""hydrate"", ""soothe""]",cream,"Step 1: After cleansing, apply to face and neck. Step 2: Apply the moisturizer in gentle circular motions. Step 3: Repeat application process morning and/or evening. Step 1: After cleansing, apply to face and neck. Step 2: Apply the moisturizer in gentle circular motions. Step 3: Repeat application process morning and/or evening.",,https://www.laroche-posay.us/dw/image/v2/AANG_PRD/on/demandware.static/-/Sites-acd-laroche-posay-master-catalog/default/dwf7095f0d/product/3337872412486/1_TolerianeDermAllergo_40ml_Pump_1500x1500.jpg,https://www.laroche-posay.us/our-products/face/face-moisturizer/toleriane-dermallergo-moisturizing-cream-3337872412486.html,,86,true,true,[],[],[],"[""skin_types"", ""warnings""]","{""care_goals"": [], ""category"": [], ""skin_concerns"": [], ""skin_types"": []}",USD,laroche-posay,,0.3.0,2026-09-15T14:55:40.621226+00:00,
3337875474344,Toleriane Dermallergo Night Moisturizer,La Roche-Posay,moisturizer,31.97,USD,50ml,Ultra night moisturizer tested on allergy-prone skin,"0% preservative, paraben, fragrance, or drying alcohol Provides instant and long-lasting comfort Air-tight packaging ensures no outside contaminants get inside Soothing gel-cream texture 0% preservative, paraben, fragrance, or drying alcohol Provides instant and long-lasting comfort Air-tight packaging ensures no outside contaminants get inside Soothing gel-cream texture","KEY INGREDIENTS: Neurosensine: A synthetic dipeptide, also known as acetyl dipeptide-1 cetyl ester, used to help skin feel soothed. Vitamin E: Tocopheryl acetate is a synthetic, more stable form of vitamin E. It has antioxidant properties to help neutralize damaging free radicals. Shea Butter: Sustainably sourced in Burkina Faso. Formulas with shea butter help restore the skin's hydrolipidic film and help skin feel soothed. Niacinamide: A form of vitamin B3, niacinamide is a water soluble vitamin. It is widely used in dermatology for its soothing properties, helping restore skin's moisture barrier, and visibly fading skin discolorations. Glycerin: Derived from vegetable sources, it's an excellent humectant. It helps hydrate skin by absorbing water from the surrounding environment. La Roche-Posay Thermal Spring Water: A soothing water sourced in the town of La Roche-Posay in France and a core ingredient in most of our products. It contains a unique combination of minerals, trace elements, and a high concentration of selenium, a natural antioxidant. FULL INGREDIENT LIST: AQUA / WATER / EAU, GLYCERIN, BUTYLENE GLYCOL, PROPANEDIOL, BUTYROSPERMUM PARKII BUTTER / SHEA BUTTER, PENTYLENE GLYCOL, SQUALANE, NIACINAMIDE, AMMONIUM POLYACRYLOYLDIMETHYL, PYRIDOXINE HCl, POLYSORBATE 20, ZEA MAYS STARCH / CORN STARCH, SALVIA MILTIORRHIZA ROOT EXTRACT, ALLANTOIN, GLYCERYL ACRYLATE/ACRYLIC ACID COPOLYMER, SODIUM HYDROXIDE, SPHINGOMONAS FERMENT EXTRACT, HYDROXYACETOPHENONE, CAPRYLYL GLYCOL, CITRIC ACID, TRISODIUM ETHYLENEDIAMINE DISUCCINATE, ACETYL DIPEPTIDE-1 CETYL ESTER, XANTHAN GUM, TOCOPHEROL Neurosensine: A synthetic dipeptide, also known as acetyl dipeptide-1 cetyl ester, used to help skin feel soothed. Vitamin E: Tocopheryl acetate is a synthetic, more stable form of vitamin E. It has antioxidant properties to help neutralize damaging free radicals. Shea Butter: Sustainably sourced in Burkina Faso. Formulas with shea butter help restore the skin's hydrolipidic film and help skin feel soothed. Niacinamide: A form of vitamin B3, niacinamide is a water soluble vitamin. It is widely used in dermatology for its soothing properties, helping restore skin's moisture barrier, and visibly fading skin discolorations. Glycerin: Derived from vegetable sources, it's an excellent humectant. It helps hydrate skin by absorbing water from the surrounding environment. La Roche-Posay Thermal Spring Water: A soothing water sourced in the town of La Roche-Posay in France and a core ingredient in most of our products. It contains a unique combination of minerals, trace elements, and a high concentration of selenium, a natural antioxidant. FULL INGREDIENT LIST: AQUA / WATER / EAU, GLYCERIN, BUTYLENE GLYCOL, PROPANEDIOL, BUTYROSPERMUM PARKII BUTTER / SHEA BUTTER, PENTYLENE GLYCOL, SQUALANE, NIACINAMIDE, AMMONIUM POLYACRYLOYLDIMETHYL, PYRIDOXINE HCl, POLYSORBATE 20, ZEA MAYS STARCH / CORN STARCH, SALVIA MILTIORRHIZA ROOT EXTRACT, ALLANTOIN, GLYCERYL ACRYLATE/ACRYLIC ACID COPOLYMER, SODIUM HYDROXIDE, SPHINGOMONAS FERMENT EXTRACT, HYDROXYACETOPHENONE, CAPRYLYL GLYCOL, CITRIC ACID, TRISODIUM ETHYLENEDIAMINE DISUCCINATE, ACETYL DIPEPTIDE-1 CETYL ESTER, XANTHAN GUM, TOCOPHEROL AQUA / WATER / EAU, GLYCERIN, BUTYLENE GLYCOL, PROPANEDIOL, BUTYROSPERMUM PARKII BUTTER / SHEA BUTTER, PENTYLENE GLYCOL, SQUALANE, NIACINAMIDE, AMMONIUM POLYACRYLOYLDIMETHYL, PYRIDOXINE HCl, POLYSORBATE 20, ZEA MAYS STARCH / CORN STARCH, SALVIA MILTIORRHIZA ROOT EXTRACT, ALLANTOIN, GLYCERYL ACRYLATE/ACRYLIC ACID COPOLYMER, SODIUM HYDROXIDE, SPHINGOMONAS FERMENT EXTRACT, HYDROXYACETOPHENONE, CAPRYLYL GLYCOL, CITRIC ACID, TRISODIUM ETHYLENEDIAMINE DISUCCINATE, ACETYL DIPEPTIDE-1 CETYL ESTER, XANTHAN GUM, TOCOPHEROL","Neurosensine: A synthetic dipeptide, also known as acetyl dipeptide-1 cetyl ester, used to help skin feel soothed. Vitamin E: Tocopheryl acetate is a synthetic, more stable form of vitamin E. It has antioxidant properties to help neutralize damaging free radicals. Shea Butter: Sustainably sourced in Burkina Faso. Formulas with shea butter help restore the skin's hydrolipidic film and help skin feel soothed. Niacinamide: A form of vitamin B3, niacinamide is a water soluble vitamin. It is widely used in dermatology for its soothing properties, helping restore skin's moisture barrier, and visibly fading skin discolorations. Glycerin: Derived from vegetable sources, it's an excellent humectant. It helps hydrate skin by absorbing water from the surrounding environment. La Roche-Posay Thermal Spring Water: A soothing water sourced in the town of La Roche-Posay in France and a core ingredient in most of our products. It contains a unique combination of minerals, trace elements, and a high concentration of selenium, a natural antioxidant. FULL INGREDIENT LIST: AQUA / WATER / EAU, GLYCERIN, BUTYLENE GLYCOL, PROPANEDIOL, BUTYROSPERMUM PARKII BUTTER / SHEA BUTTER, PENTYLENE GLYCOL, SQUALANE, NIACINAMIDE, AMMONIUM POLYACRYLOYLDIMETHYL, PYRIDOXINE HCl, POLYSORBATE 20, ZEA MAYS STARCH / CORN STARCH, SALVIA MILTIORRHIZA ROOT EXTRACT, ALLANTOIN, GLYCERYL ACRYLATE/ACRYLIC ACID COPOLYMER, SODIUM HYDROXIDE, SPHINGOMONAS FERMENT EXTRACT, HYDROXYACETOPHENONE, CAPRYLYL GLYCOL, CITRIC ACID, TRISODIUM ETHYLENEDIAMINE DISUCCINATE, ACETYL DIPEPTIDE-1 CETYL ESTER, XANTHAN GUM, TOCOPHEROL AQUA / WATER / EAU, GLYCERIN, BUTYLENE GLYCOL, PROPANEDIOL, BUTYROSPERMUM PARKII BUTTER / SHEA BUTTER, PENTYLENE GLYCOL, SQUALANE, NIACINAMIDE, AMMONIUM POLYACRYLOYLDIMETHYL, PYRIDOXINE HCl, POLYSORBATE 20, ZEA MAYS STARCH / CORN STARCH, SALVIA MILTIORRHIZA ROOT EXTRACT, ALLANTOIN, GLYCERYL ACRYLATE/ACRYLIC ACID COPOLYMER, SODIUM HYDROXIDE, SPHINGOMONAS FERMENT EXTRACT, HYDROXYACETOPHENONE, CAPRYLYL GLYCOL, CITRIC ACID, TRISODIUM ETHYLENEDIAMINE DISUCCINATE, ACETYL DIPEPTIDE-1 CETYL ESTER, XANTHAN GUM, TOCOPHEROL",[],"[""aging""]","[""cleanse"", ""hydrate"", ""soothe""]",gel-cream,"Step 1: After cleansing, apply to face and neck. Step 2: Apply the moisturizer in gentle circular motions. Step 3: Repeat application process every evening. Step 1: After cleansing, apply to face and neck. Step 2: Apply the moisturizer in gentle circular motions. Step 3: Repeat application process every evening.",,https://www.laroche-posay.us/dw/image/v2/AANG_PRD/on/demandware.static/-/Sites-acd-laroche-posay-master-catalog/default/dwc6be789e/img/3337875474344/1_TolerianeDermAllergoNight_40ml_Pump_1500x1500.jpg,https://www.laroche-posay.us/our-products/face/face-moisturizer/toleriane-dermallergo-night-moisturizer-3337875474344.html,,86,true,true,[],[],[],"[""skin_types"", ""warnings""]","{""care_goals"": [], ""category"": [], ""skin_concerns"": [], ""skin_types"": []}",USD,laroche-posay,,0.3.0,2026-09-15T14:55:42.212796+00:00,
3606000643642,Anthelios UV Pro Sport Sunscreen SPF 50,La Roche-Posay,sunscreen,32.99,USD,50ml,"Long-Lasting Water Resistant Sunscreen for Face, Body & Sports","Water-Resistant Barrier : shields against 98% of burning UVB rays. No-Drip Formula : Won't run into your eyes, even while sweating or during high-intensity workouts Inclusive : Blends seamlessly into all skin tones Anti-Staining & Anti-Stick : Specially formulated to not stain your athletic apparel and sand doens't stick to body /sun screen Dermatologist Tested for safety : Allergy-tested, non-comedogenic (won't clog pores) Pediatrician Tested for safety : suitable for the whole family. No-Drip Formula : Won't run into your eyes, even while sweating or during high-intensity workouts Inclusive : Blends seamlessly into all skin tones Anti-Staining & Anti-Stick : Specially formulated to not stain your athletic apparel and sand doens't stick to body /sun screen Dermatologist Tested for safety : Allergy-tested, non-comedogenic (won't clog pores) Pediatrician Tested for safety : suitable for the whole family.","KEY INGREDIENTS Cell-Ox Shield® Technology : A key antioxidant technology in the Anthelios sun care range. It combines photostable UVA/UVB filters to deliver broad spectrum protection and powerful antioxidant protection. With Senna Alata, a tropical leaf extract known to defend skin cells in the upper layer of skin against damaging free radicals caused by the sun. Glycerin : Derived from vegetable sources, it's an excellent humectant. It helps hydrate skin by absorbing water from the surrounding environment. Vitamin B5 : Panthenol (provitamin B5) is a key ingredient used in some La Roche-Posay formulas to help the skin feel soothed and moisturized. Niacinamide : A form of vitamin B3, niacinamide is a water soluble vitamin. It is widely used in dermatology for its soothing properties and helping restore skin's moisture barrier. Vitamin E : Tocopherol is a synthetic, more stable form of vitamin E. It has antioxidant properties to help neutralize damaging free radicals. La Roche-Posay Thermal Spring Water : A soothing water sourced in the town of La Roche-Posay in France and a core ingredient in most of our products. It contains a unique combination of minerals, trace elements, and a high concentration of selenium, a natural antioxidant. ACTIVE INGREDIENTS AVOBENZONE 3% • HOMOSALATE 13% • OCTISALATE 5% • OCTOCRYLENE 10% FULL INGREDIENT LIST 2067501 5 - INGREDIENTS: WATER • DIMETHICONE • GLYCERIN • STYRENE/ACRYLATES COPOLYMER • POLY C10-30 ALKYL ACRYLATE • POLYMETHYLSILSESQUIOXANE • ACRYLATES/DIMETHICONE COPOLYMER • NIACINAMIDE • SILICA • CAPRYLYL METHICONE • DIETHYLHEXYL SYRINGYLIDENEMALONATE • P-ANISIC ACID • SODIUM HYALURONATE • TRIETHANOLAMINE • TRISODIUM ETHYLENEDIAMINE DISUCCINATE • PANTHENOL • TOCOPHEROL • ACRYLATES/C10-30 ALKYL ACRYLATE CROSSPOLYMER • CAPRYLIC/CAPRIC TRIGLYCERIDE • CAPRYLYL GLYCOL • GLYCERYL STEARATE • INULIN LAURYL CARBAMATE • PEG-100 STEARATE • PEG-8 LAURATE • POTASSIUM CETYL PHOSPHATE • SODIUM DODECYLBENZENESULFONATE • XANTHAN GUM • CHLORPHENESIN • PHENOXYETHANOL (F.I.L. V70013195/5). Cell-Ox Shield® Technology : A key antioxidant technology in the Anthelios sun care range. It combines photostable UVA/UVB filters to deliver broad spectrum protection and powerful antioxidant protection. With Senna Alata, a tropical leaf extract known to defend skin cells in the upper layer of skin against damaging free radicals caused by the sun. Glycerin : Derived from vegetable sources, it's an excellent humectant. It helps hydrate skin by absorbing water from the surrounding environment. Vitamin B5 : Panthenol (provitamin B5) is a key ingredient used in some La Roche-Posay formulas to help the skin feel soothed and moisturized. Niacinamide : A form of vitamin B3, niacinamide is a water soluble vitamin. It is widely used in dermatology for its soothing properties and helping restore skin's moisture barrier. Vitamin E : Tocopherol is a synthetic, more stable form of vitamin E. It has antioxidant properties to help neutralize damaging free radicals. La Roche-Posay Thermal Spring Water : A soothing water sourced in the town of La Roche-Posay in France and a core ingredient in most of our products. It contains a unique combination of minerals, trace elements, and a high concentration of selenium, a natural antioxidant. ACTIVE INGREDIENTS AVOBENZONE 3% • HOMOSALATE 13% • OCTISALATE 5% • OCTOCRYLENE 10% FULL INGREDIENT LIST 2067501 5 - INGREDIENTS: WATER • DIMETHICONE • GLYCERIN • STYRENE/ACRYLATES COPOLYMER • POLY C10-30 ALKYL ACRYLATE • POLYMETHYLSILSESQUIOXANE • ACRYLATES/DIMETHICONE COPOLYMER • NIACINAMIDE • SILICA • CAPRYLYL METHICONE • DIETHYLHEXYL SYRINGYLIDENEMALONATE • P-ANISIC ACID • SODIUM HYALURONATE • TRIETHANOLAMINE • TRISODIUM ETHYLENEDIAMINE DISUCCINATE • PANTHENOL • TOCOPHEROL • ACRYLATES/C10-30 ALKYL ACRYLATE CROSSPOLYMER • CAPRYLIC/CAPRIC TRIGLYCERIDE • CAPRYLYL GLYCOL • GLYCERYL STEARATE • INULIN LAURYL CARBAMATE • PEG-100 STEARATE • PEG-8 LAURATE • POTASSIUM CETYL PHOSPHATE • SODIUM DODECYLBENZENESULFONATE • XANTHAN GUM • CHLORPHENESIN • PHENOXYETHANOL (F.I.L. V70013195/5). AVOBENZONE 3% • HOMOSALATE 13% • OCTISALATE 5% • OCTOCRYLENE 10% 2067501 5 - INGREDIENTS: WATER • DIMETHICONE • GLYCERIN • STYRENE/ACRYLATES COPOLYMER • POLY C10-30 ALKYL ACRYLATE • POLYMETHYLSILSESQUIOXANE • ACRYLATES/DIMETHICONE COPOLYMER • NIACINAMIDE • SILICA • CAPRYLYL METHICONE • DIETHYLHEXYL SYRINGYLIDENEMALONATE • P-ANISIC ACID • SODIUM HYALURONATE • TRIETHANOLAMINE • TRISODIUM ETHYLENEDIAMINE DISUCCINATE • PANTHENOL • TOCOPHEROL • ACRYLATES/C10-30 ALKYL ACRYLATE CROSSPOLYMER • CAPRYLIC/CAPRIC TRIGLYCERIDE • CAPRYLYL GLYCOL • GLYCERYL STEARATE • INULIN LAURYL CARBAMATE • PEG-100 STEARATE • PEG-8 LAURATE • POTASSIUM CETYL PHOSPHATE • SODIUM DODECYLBENZENESULFONATE • XANTHAN GUM • CHLORPHENESIN • PHENOXYETHANOL (F.I.L. V70013195/5).","Cell-Ox Shield® Technology : A key antioxidant technology in the Anthelios sun care range. It combines photostable UVA/UVB filters to deliver broad spectrum protection and powerful antioxidant protection. With Senna Alata, a tropical leaf extract known to defend skin cells in the upper layer of skin against damaging free radicals caused by the sun. Glycerin : Derived from vegetable sources, it's an excellent humectant. It helps hydrate skin by absorbing water from the surrounding environment. Vitamin B5 : Panthenol (provitamin B5) is a key ingredient used in some La Roche-Posay formulas to help the skin feel soothed and moisturized. Niacinamide : A form of vitamin B3, niacinamide is a water soluble vitamin. It is widely used in dermatology for its soothing properties and helping restore skin's moisture barrier. Vitamin E : Tocopherol is a synthetic, more stable form of vitamin E. It has antioxidant properties to help neutralize damaging free radicals. La Roche-Posay Thermal Spring Water : A soothing water sourced in the town of La Roche-Posay in France and a core ingredient in most of our products. It contains a unique combination of minerals, trace elements, and a high concentration of selenium, a natural antioxidant. ACTIVE INGREDIENTS AVOBENZONE 3% • HOMOSALATE 13% • OCTISALATE 5% • OCTOCRYLENE 10% FULL INGREDIENT LIST 2067501 5 - INGREDIENTS: WATER • DIMETHICONE • GLYCERIN • STYRENE/ACRYLATES COPOLYMER • POLY C10-30 ALKYL ACRYLATE • POLYMETHYLSILSESQUIOXANE • ACRYLATES/DIMETHICONE COPOLYMER • NIACINAMIDE • SILICA • CAPRYLYL METHICONE • DIETHYLHEXYL SYRINGYLIDENEMALONATE • P-ANISIC ACID • SODIUM HYALURONATE • TRIETHANOLAMINE • TRISODIUM ETHYLENEDIAMINE DISUCCINATE • PANTHENOL • TOCOPHEROL • ACRYLATES/C10-30 ALKYL ACRYLATE CROSSPOLYMER • CAPRYLIC/CAPRIC TRIGLYCERIDE • CAPRYLYL GLYCOL • GLYCERYL STEARATE • INULIN LAURYL CARBAMATE • PEG-100 STEARATE • PEG-8 LAURATE • POTASSIUM CETYL PHOSPHATE • SODIUM DODECYLBENZENESULFONATE • XANTHAN GUM • CHLORPHENESIN • PHENOXYETHANOL (F.I.L. V70013195/5). AVOBENZONE 3% • HOMOSALATE 13% • OCTISALATE 5% • OCTOCRYLENE 10% 2067501 5 - INGREDIENTS: WATER • DIMETHICONE • GLYCERIN • STYRENE/ACRYLATES COPOLYMER • POLY C10-30 ALKYL ACRYLATE • POLYMETHYLSILSESQUIOXANE • ACRYLATES/DIMETHICONE COPOLYMER • NIACINAMIDE • SILICA • CAPRYLYL METHICONE • DIETHYLHEXYL SYRINGYLIDENEMALONATE • P-ANISIC ACID • SODIUM HYALURONATE • TRIETHANOLAMINE • TRISODIUM ETHYLENEDIAMINE DISUCCINATE • PANTHENOL • TOCOPHEROL • ACRYLATES/C10-30 ALKYL ACRYLATE CROSSPOLYMER • CAPRYLIC/CAPRIC TRIGLYCERIDE • CAPRYLYL GLYCOL • GLYCERYL STEARATE • INULIN LAURYL CARBAMATE • PEG-100 STEARATE • PEG-8 LAURATE • POTASSIUM CETYL PHOSPHATE • SODIUM DODECYLBENZENESULFONATE • XANTHAN GUM • CHLORPHENESIN • PHENOXYETHANOL (F.I.L. V70013195/5).",[],"[""large_pores""]","[""sun_protection""]",stick,,,https://www.laroche-posay.us/dw/image/v2/AANG_PRD/on/demandware.static/-/Sites-acd-laroche-posay-master-catalog/default/dw473527a9/img/3606000643642/AntheliosProSportSPF50-SCF-Active.jpg,https://www.laroche-posay.us/our-products/sun/body-sunscreen/anthelios-uv-pro-sport-sunscreen-spf-50-3606000643642.html,,80,true,true,[],[],[],"[""skin_types"", ""usage_instruction"", ""warnings""]","{""care_goals"": [], ""category"": [], ""skin_concerns"": [], ""skin_types"": []}",USD,laroche-posay,,0.3.0,2026-09-15T15:04:02.070537+00:00,
3606000644632,Anthelios UV Pro-Sport Sunscreen Spray SPF 45,La Roche-Posay,sunscreen,34.99,USD,50ml,Long-lasting Water and Sweat Resistant Face and Body Sunscreen Spray for Physical Activity and Sports,"High-endurance, water-resistant sun protection against 97% of UVB rays with Cell-Ox Shield® Technology Blends easily on all skin tones without leaving a white cast on skin nor staining your clothes Non-drip formula; won't run into eyes while sweating Mess-free application/reapplication Dermatologist tested. Athlete approved. Suitable for sensitive skin High-endurance, water-resistant sun protection against 97% of UVB rays with Cell-Ox Shield® Technology Blends easily on all skin tones without leaving a white cast on skin nor staining your clothes Non-drip formula; won't run into eyes while sweating Mess-free application/reapplication Dermatologist tested. Athlete approved. Suitable for sensitive skin","KEY INGREDIENTS Cell-Ox Shield® Technology : A key antioxidant technology in Anthelios UV Air. It combines photostable UVA/UVB filters to deliver broad spectrum protection and powerful antioxidant protection with Senna Alata, a tropical leaf extract known to defend skin cells in the upper layer of skin against damaging free radicals caused by the sun. Vitamin E : Tocopherol is a synthetic, more stable form of vitamin E. It has antioxidant properties to help neutralize damaging free radicals. La Roche-Posay Thermal Spring Water : A soothing water sourced in the town of La Roche-Posay in France and a core ingredient in most of our products. It contains a unique combination of minerals, trace elements, and a high concentration of selenium, a natural antioxidant. ACTIVE INGREDIENTS AVOBENZONE 3% • HOMOSALATE 10% • OCTISALATE 5% • OCTOCRYLENE 7% INACTIVE INGREDIENT LIST ALCOHOL DENAT. • ISOPROPYL MYRISTATE • DICAPRYLYL CARBONATE • DIISOPROPYL SEBACATE • ETHYLENEDIAMINE/STEARYL DIMER DILINOLEATE COPOLYMER • CAPRYLIC/CAPRIC TRIGLYCERIDE • CITRIC ACID • DIETHYLHEXYL SYRINGYLIDENEMALONATE • GLYCINE SOJA (SOYBEAN) OIL • PENTAERYTHRITYL TETRA-DI-T-BUTYL HYDROXYHYDROCINNAMATE • PENTYLENE GLYCOL • TOCOPHEROL • TRISODIUM ETHYLENEDIAMINE DISUCCINATE • WATER Cell-Ox Shield® Technology : A key antioxidant technology in Anthelios UV Air. It combines photostable UVA/UVB filters to deliver broad spectrum protection and powerful antioxidant protection with Senna Alata, a tropical leaf extract known to defend skin cells in the upper layer of skin against damaging free radicals caused by the sun. Vitamin E : Tocopherol is a synthetic, more stable form of vitamin E. It has antioxidant properties to help neutralize damaging free radicals. La Roche-Posay Thermal Spring Water : A soothing water sourced in the town of La Roche-Posay in France and a core ingredient in most of our products. It contains a unique combination of minerals, trace elements, and a high concentration of selenium, a natural antioxidant. ACTIVE INGREDIENTS AVOBENZONE 3% • HOMOSALATE 10% • OCTISALATE 5% • OCTOCRYLENE 7% INACTIVE INGREDIENT LIST ALCOHOL DENAT. • ISOPROPYL MYRISTATE • DICAPRYLYL CARBONATE • DIISOPROPYL SEBACATE • ETHYLENEDIAMINE/STEARYL DIMER DILINOLEATE COPOLYMER • CAPRYLIC/CAPRIC TRIGLYCERIDE • CITRIC ACID • DIETHYLHEXYL SYRINGYLIDENEMALONATE • GLYCINE SOJA (SOYBEAN) OIL • PENTAERYTHRITYL TETRA-DI-T-BUTYL HYDROXYHYDROCINNAMATE • PENTYLENE GLYCOL • TOCOPHEROL • TRISODIUM ETHYLENEDIAMINE DISUCCINATE • WATER AVOBENZONE 3% • HOMOSALATE 10% • OCTISALATE 5% • OCTOCRYLENE 7% ALCOHOL DENAT. • ISOPROPYL MYRISTATE • DICAPRYLYL CARBONATE • DIISOPROPYL SEBACATE • ETHYLENEDIAMINE/STEARYL DIMER DILINOLEATE COPOLYMER • CAPRYLIC/CAPRIC TRIGLYCERIDE • CITRIC ACID • DIETHYLHEXYL SYRINGYLIDENEMALONATE • GLYCINE SOJA (SOYBEAN) OIL • PENTAERYTHRITYL TETRA-DI-T-BUTYL HYDROXYHYDROCINNAMATE • PENTYLENE GLYCOL • TOCOPHEROL • TRISODIUM ETHYLENEDIAMINE DISUCCINATE • WATER","Cell-Ox Shield® Technology : A key antioxidant technology in Anthelios UV Air. It combines photostable UVA/UVB filters to deliver broad spectrum protection and powerful antioxidant protection with Senna Alata, a tropical leaf extract known to defend skin cells in the upper layer of skin against damaging free radicals caused by the sun. Vitamin E : Tocopherol is a synthetic, more stable form of vitamin E. It has antioxidant properties to help neutralize damaging free radicals. La Roche-Posay Thermal Spring Water : A soothing water sourced in the town of La Roche-Posay in France and a core ingredient in most of our products. It contains a unique combination of minerals, trace elements, and a high concentration of selenium, a natural antioxidant. ACTIVE INGREDIENTS AVOBENZONE 3% • HOMOSALATE 10% • OCTISALATE 5% • OCTOCRYLENE 7% INACTIVE INGREDIENT LIST ALCOHOL DENAT. • ISOPROPYL MYRISTATE • DICAPRYLYL CARBONATE • DIISOPROPYL SEBACATE • ETHYLENEDIAMINE/STEARYL DIMER DILINOLEATE COPOLYMER • CAPRYLIC/CAPRIC TRIGLYCERIDE • CITRIC ACID • DIETHYLHEXYL SYRINGYLIDENEMALONATE • GLYCINE SOJA (SOYBEAN) OIL • PENTAERYTHRITYL TETRA-DI-T-BUTYL HYDROXYHYDROCINNAMATE • PENTYLENE GLYCOL • TOCOPHEROL • TRISODIUM ETHYLENEDIAMINE DISUCCINATE • WATER AVOBENZONE 3% • HOMOSALATE 10% • OCTISALATE 5% • OCTOCRYLENE 7% ALCOHOL DENAT. • ISOPROPYL MYRISTATE • DICAPRYLYL CARBONATE • DIISOPROPYL SEBACATE • ETHYLENEDIAMINE/STEARYL DIMER DILINOLEATE COPOLYMER • CAPRYLIC/CAPRIC TRIGLYCERIDE • CITRIC ACID • DIETHYLHEXYL SYRINGYLIDENEMALONATE • GLYCINE SOJA (SOYBEAN) OIL • PENTAERYTHRITYL TETRA-DI-T-BUTYL HYDROXYHYDROCINNAMATE • PENTYLENE GLYCOL • TOCOPHEROL • TRISODIUM ETHYLENEDIAMINE DISUCCINATE • WATER","[""sensitive""]","[""sensitivity""]","[""sun_protection""]",,,,https://www.laroche-posay.us/dw/image/v2/AANG_PRD/on/demandware.static/-/Sites-acd-laroche-posay-master-catalog/default/dwbda6d6a0/product/3606000644632/LaRochePosay-Product-Skincare-Anthelios-UV-Pro-Sport-ATF-SPRAY-packshot-front-shadow.jpg,https://www.laroche-posay.us/our-products/sun/body-sunscreen/anthelios-uv-pro-sport-sunscreen-spray-spf-45-3606000644632.html,,88,true,true,[],[],[],"[""usage_instruction"", ""warnings"", ""texture""]","{""care_goals"": [], ""category"": [], ""skin_concerns"": [], ""skin_types"": []}",USD,laroche-posay,,0.3.0,2026-09-15T15:04:04.762698+00:00,
883140012993,Anthelios Ultra Light Fluid Facial Sunscreen SPF 60,La Roche-Posay,sunscreen,35.99,USD,50ml,Lightweight Facial Sunscreen,"Oxybenzone and Octinoxate-free facial sunscreen provides broad spectrum SPF 60 protection Non whitening, fast absorbing texture provides a smooth base for makeup application A powerful antioxidant complex to help protect skin from free radicals caused by UV rays Water resistant (80 minutes) Formulated and rigorously tested for skin tolerance, even on sensitive skin Oxybenzone and Octinoxate-free facial sunscreen provides broad spectrum SPF 60 protection Non whitening, fast absorbing texture provides a smooth base for makeup application A powerful antioxidant complex to help protect skin from free radicals caused by UV rays Water resistant (80 minutes) Formulated and rigorously tested for skin tolerance, even on sensitive skin","KEY INGREDIENTS: Cell-Ox Shield® Technology: A key antioxidant technology in the Anthelios sun care range. It combines photostable UVA/UVB filters to deliver broad spectrum protection and powerful antioxidant protection. With Senna Alata, a tropical leaf extract known to defend skin cells in the upper layer of skin against damaging free radicals caused by the sun. Vitamin E: Tocopheryl acetate is a synthetic, more stable form of vitamin E. It has antioxidant properties to help neutralize damaging free radicals. Dimethicone: A silicone-based polymer used as a skin protectant to help reduce water loss. Silica: A type of powder with a spherical bead shape that provides a silky feel and soft focus effect. It is lightweight and is able to absorb a significant amount of oil from skin. La Roche-Posay Thermal Spring Water: A soothing water sourced in the town of La Roche-Posay in France and a core ingredient in most of our products. It contains a unique combination of minerals, trace elements, and a high concentration of selenium, a natural antioxidant. ACTIVE INGREDIENTS AVOBENZONE 3% • HOMOSALATE 10% • OCTISALATE 5% • OCTOCRYLENE 7% INACTIVE INGREDIENTS WATER • CYCLOPENTASILOXANE • ALCOHOL DENAT. • SILICA • DICAPRYLYL ETHER • STYRENE/ACRYLATES COPOLYMER • PEG-30 DIPOLYHYDROXYSTEARATE • DIMETHICONE • CYCLOHEXASILOXANE • POLYMETHYLSILSESQUIOXANE • NYLON-12 • DICAPRYLYL CARBONATE • DIETHYLHEXYL SYRINGYLIDENEMALONATE • PHENOXYETHANOL • LAURYL PEG/PPG-18/18 METHICONE • SODIUM CHLORIDE • CAPRYLYL GLYCOL • PEG-8 LAURATE • ISOSTEARYL ALCOHOL • POLY C10-30 ALKYL ACRYLATE • DISTEARDIMONIUM HECTORITE • P-ANISIC ACID • CAPRYLIC/CAPRIC TRIGLYCERIDE • DISODIUM EDTA • CASSIA ALATA LEAF EXTRACT • PROPYLENE CARBONATE • SODIUM DODECYLBENZENESULFONATE • TOCOPHEROL Cell-Ox Shield® Technology: A key antioxidant technology in the Anthelios sun care range. It combines photostable UVA/UVB filters to deliver broad spectrum protection and powerful antioxidant protection. With Senna Alata, a tropical leaf extract known to defend skin cells in the upper layer of skin against damaging free radicals caused by the sun. Vitamin E: Tocopheryl acetate is a synthetic, more stable form of vitamin E. It has antioxidant properties to help neutralize damaging free radicals. Dimethicone: A silicone-based polymer used as a skin protectant to help reduce water loss. Silica: A type of powder with a spherical bead shape that provides a silky feel and soft focus effect. It is lightweight and is able to absorb a significant amount of oil from skin. La Roche-Posay Thermal Spring Water: A soothing water sourced in the town of La Roche-Posay in France and a core ingredient in most of our products. It contains a unique combination of minerals, trace elements, and a high concentration of selenium, a natural antioxidant. ACTIVE INGREDIENTS AVOBENZONE 3% • HOMOSALATE 10% • OCTISALATE 5% • OCTOCRYLENE 7% INACTIVE INGREDIENTS WATER • CYCLOPENTASILOXANE • ALCOHOL DENAT. • SILICA • DICAPRYLYL ETHER • STYRENE/ACRYLATES COPOLYMER • PEG-30 DIPOLYHYDROXYSTEARATE • DIMETHICONE • CYCLOHEXASILOXANE • POLYMETHYLSILSESQUIOXANE • NYLON-12 • DICAPRYLYL CARBONATE • DIETHYLHEXYL SYRINGYLIDENEMALONATE • PHENOXYETHANOL • LAURYL PEG/PPG-18/18 METHICONE • SODIUM CHLORIDE • CAPRYLYL GLYCOL • PEG-8 LAURATE • ISOSTEARYL ALCOHOL • POLY C10-30 ALKYL ACRYLATE • DISTEARDIMONIUM HECTORITE • P-ANISIC ACID • CAPRYLIC/CAPRIC TRIGLYCERIDE • DISODIUM EDTA • CASSIA ALATA LEAF EXTRACT • PROPYLENE CARBONATE • SODIUM DODECYLBENZENESULFONATE • TOCOPHEROL AVOBENZONE 3% • HOMOSALATE 10% • OCTISALATE 5% • OCTOCRYLENE 7% WATER • CYCLOPENTASILOXANE • ALCOHOL DENAT. • SILICA • DICAPRYLYL ETHER • STYRENE/ACRYLATES COPOLYMER • PEG-30 DIPOLYHYDROXYSTEARATE • DIMETHICONE • CYCLOHEXASILOXANE • POLYMETHYLSILSESQUIOXANE • NYLON-12 • DICAPRYLYL CARBONATE • DIETHYLHEXYL SYRINGYLIDENEMALONATE • PHENOXYETHANOL • LAURYL PEG/PPG-18/18 METHICONE • SODIUM CHLORIDE • CAPRYLYL GLYCOL • PEG-8 LAURATE • ISOSTEARYL ALCOHOL • POLY C10-30 ALKYL ACRYLATE • DISTEARDIMONIUM HECTORITE • P-ANISIC ACID • CAPRYLIC/CAPRIC TRIGLYCERIDE • DISODIUM EDTA • CASSIA ALATA LEAF EXTRACT • PROPYLENE CARBONATE • SODIUM DODECYLBENZENESULFONATE • TOCOPHEROL","Cell-Ox Shield® Technology: A key antioxidant technology in the Anthelios sun care range. It combines photostable UVA/UVB filters to deliver broad spectrum protection and powerful antioxidant protection. With Senna Alata, a tropical leaf extract known to defend skin cells in the upper layer of skin against damaging free radicals caused by the sun. Vitamin E: Tocopheryl acetate is a synthetic, more stable form of vitamin E. It has antioxidant properties to help neutralize damaging free radicals. Dimethicone: A silicone-based polymer used as a skin protectant to help reduce water loss. Silica: A type of powder with a spherical bead shape that provides a silky feel and soft focus effect. It is lightweight and is able to absorb a significant amount of oil from skin. La Roche-Posay Thermal Spring Water: A soothing water sourced in the town of La Roche-Posay in France and a core ingredient in most of our products. It contains a unique combination of minerals, trace elements, and a high concentration of selenium, a natural antioxidant. ACTIVE INGREDIENTS AVOBENZONE 3% • HOMOSALATE 10% • OCTISALATE 5% • OCTOCRYLENE 7% INACTIVE INGREDIENTS WATER • CYCLOPENTASILOXANE • ALCOHOL DENAT. • SILICA • DICAPRYLYL ETHER • STYRENE/ACRYLATES COPOLYMER • PEG-30 DIPOLYHYDROXYSTEARATE • DIMETHICONE • CYCLOHEXASILOXANE • POLYMETHYLSILSESQUIOXANE • NYLON-12 • DICAPRYLYL CARBONATE • DIETHYLHEXYL SYRINGYLIDENEMALONATE • PHENOXYETHANOL • LAURYL PEG/PPG-18/18 METHICONE • SODIUM CHLORIDE • CAPRYLYL GLYCOL • PEG-8 LAURATE • ISOSTEARYL ALCOHOL • POLY C10-30 ALKYL ACRYLATE • DISTEARDIMONIUM HECTORITE • P-ANISIC ACID • CAPRYLIC/CAPRIC TRIGLYCERIDE • DISODIUM EDTA • CASSIA ALATA LEAF EXTRACT • PROPYLENE CARBONATE • SODIUM DODECYLBENZENESULFONATE • TOCOPHEROL AVOBENZONE 3% • HOMOSALATE 10% • OCTISALATE 5% • OCTOCRYLENE 7% WATER • CYCLOPENTASILOXANE • ALCOHOL DENAT. • SILICA • DICAPRYLYL ETHER • STYRENE/ACRYLATES COPOLYMER • PEG-30 DIPOLYHYDROXYSTEARATE • DIMETHICONE • CYCLOHEXASILOXANE • POLYMETHYLSILSESQUIOXANE • NYLON-12 • DICAPRYLYL CARBONATE • DIETHYLHEXYL SYRINGYLIDENEMALONATE • PHENOXYETHANOL • LAURYL PEG/PPG-18/18 METHICONE • SODIUM CHLORIDE • CAPRYLYL GLYCOL • PEG-8 LAURATE • ISOSTEARYL ALCOHOL • POLY C10-30 ALKYL ACRYLATE • DISTEARDIMONIUM HECTORITE • P-ANISIC ACID • CAPRYLIC/CAPRIC TRIGLYCERIDE • DISODIUM EDTA • CASSIA ALATA LEAF EXTRACT • PROPYLENE CARBONATE • SODIUM DODECYLBENZENESULFONATE • TOCOPHEROL","[""sensitive""]","[""sensitivity""]","[""sun_protection""]",fluid,,,https://www.laroche-posay.us/dw/image/v2/AANG_PRD/on/demandware.static/-/Sites-acd-laroche-posay-master-catalog/default/dwf05255ae/img/883140012993/AntheliosUltralightPF60-SCF-Active.jpg,https://www.laroche-posay.us/our-products/sun/face-sunscreen/anthelios-ultra-light-fluid-facial-sunscreen-spf-60-883140012993.html,,90,true,true,[],[],[],"[""usage_instruction"", ""warnings""]","{""care_goals"": [], ""category"": [], ""skin_concerns"": [], ""skin_types"": []}",USD,laroche-posay,,0.3.0,2026-09-15T15:04:07.793813+00:00,
3606000650114,Anthelios UVAir™ SPF 50 Serum Sunscreen,La Roche-Posay,serum,39.99,USD,50ml,Light as air face serum sunscreen supercharged with antioxidants with an invisible finish,"Light as air serum texture supercharged with antioxidants. Oxybenzone and Octinoxate-free facial sunscreen provides broad spectrum SPF 50 protection Blends invisibly into all skin tones with no white cast Provides instant and long-lasting hydration as well as helps smooth skin and even skin tone Tested in high heat and humidity*. 16-HR Anti-oxidant and anti-pollution. Powered by Cell-Ox Shield Technology®, a powerful antioxidant complex to help protect skin from free radicals caused by UV rays Decreases the risk of skin cancer and early skin aging caused by the sun if used as directed with other sun protection measures* *Consumer tested across 8 U.S. locations, N=288 Light as air serum texture supercharged with antioxidants. Oxybenzone and Octinoxate-free facial sunscreen provides broad spectrum SPF 50 protection Blends invisibly into all skin tones with no white cast Provides instant and long-lasting hydration as well as helps smooth skin and even skin tone Tested in high heat and humidity*. 16-HR Anti-oxidant and anti-pollution. Powered by Cell-Ox Shield Technology®, a powerful antioxidant complex to help protect skin from free radicals caused by UV rays Decreases the risk of skin cancer and early skin aging caused by the sun if used as directed with other sun protection measures* *Consumer tested across 8 U.S. locations, N=288","KEY INGREDIENTS Cell-Ox B3 Shield® Technology: A key antioxidant technology in Anthelios UVAir™. It combines photostable UVA/UVB filters to deliver broad spectrum protection and powerful antioxidant protection with Senna Alata, a tropical leaf extract known to defend skin cells in the upper layer of skin against damaging free radicals caused by the sun. La Roche-Posay Thermal Spring Water: A soothing water sourced in the town of La Roche-Posay in France and a core ingredient in most of our products. It contains a unique combination of minerals, trace elements, and a high concentration of selenium, a natural antioxidant. Niacinamide: A form of vitamin B3, niacinamide is a water soluble vitamin. It is widely used in dermatology and is known for its ability to help visibly fade skin discoloration. Glycerin: Derived from vegetable sources, it's an excellent humectant. It helps hydrate skin by absorbing water from the surrounding environment. Hyaluronic Acid (HA): A polysaccharide (carbohydrate polymer) found naturally within the skin. When used in a formula, HA is an effective humectant that can hold a large amount of water to help maintain the skin's moisture. FULL INGREDIENT LIST ACTIVE INGREDIENTS : AVOBENZONE 3% • HOMOSALATE 7% • OCTISALATE 5% • OCTOCRYLENE 7% INACTIVE INGREDIENTS : 2067537 01 - INGREDIENTS: WATER • GLYCERIN • C15-19 ALKANE • NIACINAMIDE • PROPANEDIOL • C12-22 ALKYL ACRYLATE/HYDROXYETHYLACRYLATE COPOLYMER • TOCOPHEROL • CAPRYLIC/CAPRIC TRIGLYCERIDE • CAPRYLYL GLYCOL • CASSIA ALATA LEAF EXTRACT • CETEARYL ALCOHOL • CITRIC ACID • DIETHYLHEXYL SYRINGYLIDENEMALONATE • GLYCERYL STEARATE • HELIANTHUS ANNUUS (SUNFLOWER) SEED WAX • HYDROXYACETOPHENONE • HYDROXYPROPYL STARCH PHOSPHATE • JOJOBA ESTERS • MALTODEXTRIN • PENTYLENE GLYCOL • POLYGLYCERIN-3 • SCLEROTIUM GUM • SODIUM HYALURONATE • SODIUM HYDROXIDE • SODIUM STARCH OCTENYLSUCCINATE • SODIUM STEAROYL GLUTAMATE • TRISODIUM ETHYLENEDIAMINE DISUCCINATE (F.I.L. V70061047/1). Cell-Ox B3 Shield® Technology: A key antioxidant technology in Anthelios UVAir™. It combines photostable UVA/UVB filters to deliver broad spectrum protection and powerful antioxidant protection with Senna Alata, a tropical leaf extract known to defend skin cells in the upper layer of skin against damaging free radicals caused by the sun. La Roche-Posay Thermal Spring Water: A soothing water sourced in the town of La Roche-Posay in France and a core ingredient in most of our products. It contains a unique combination of minerals, trace elements, and a high concentration of selenium, a natural antioxidant. Niacinamide: A form of vitamin B3, niacinamide is a water soluble vitamin. It is widely used in dermatology and is known for its ability to help visibly fade skin discoloration. Glycerin: Derived from vegetable sources, it's an excellent humectant. It helps hydrate skin by absorbing water from the surrounding environment. Hyaluronic Acid (HA): A polysaccharide (carbohydrate polymer) found naturally within the skin. When used in a formula, HA is an effective humectant that can hold a large amount of water to help maintain the skin's moisture. FULL INGREDIENT LIST ACTIVE INGREDIENTS : AVOBENZONE 3% • HOMOSALATE 7% • OCTISALATE 5% • OCTOCRYLENE 7% INACTIVE INGREDIENTS : 2067537 01 - INGREDIENTS: WATER • GLYCERIN • C15-19 ALKANE • NIACINAMIDE • PROPANEDIOL • C12-22 ALKYL ACRYLATE/HYDROXYETHYLACRYLATE COPOLYMER • TOCOPHEROL • CAPRYLIC/CAPRIC TRIGLYCERIDE • CAPRYLYL GLYCOL • CASSIA ALATA LEAF EXTRACT • CETEARYL ALCOHOL • CITRIC ACID • DIETHYLHEXYL SYRINGYLIDENEMALONATE • GLYCERYL STEARATE • HELIANTHUS ANNUUS (SUNFLOWER) SEED WAX • HYDROXYACETOPHENONE • HYDROXYPROPYL STARCH PHOSPHATE • JOJOBA ESTERS • MALTODEXTRIN • PENTYLENE GLYCOL • POLYGLYCERIN-3 • SCLEROTIUM GUM • SODIUM HYALURONATE • SODIUM HYDROXIDE • SODIUM STARCH OCTENYLSUCCINATE • SODIUM STEAROYL GLUTAMATE • TRISODIUM ETHYLENEDIAMINE DISUCCINATE (F.I.L. V70061047/1). ACTIVE INGREDIENTS : AVOBENZONE 3% • HOMOSALATE 7% • OCTISALATE 5% • OCTOCRYLENE 7% INACTIVE INGREDIENTS : 2067537 01 - INGREDIENTS: WATER • GLYCERIN • C15-19 ALKANE • NIACINAMIDE • PROPANEDIOL • C12-22 ALKYL ACRYLATE/HYDROXYETHYLACRYLATE COPOLYMER • TOCOPHEROL • CAPRYLIC/CAPRIC TRIGLYCERIDE • CAPRYLYL GLYCOL • CASSIA ALATA LEAF EXTRACT • CETEARYL ALCOHOL • CITRIC ACID • DIETHYLHEXYL SYRINGYLIDENEMALONATE • GLYCERYL STEARATE • HELIANTHUS ANNUUS (SUNFLOWER) SEED WAX • HYDROXYACETOPHENONE • HYDROXYPROPYL STARCH PHOSPHATE • JOJOBA ESTERS • MALTODEXTRIN • PENTYLENE GLYCOL • POLYGLYCERIN-3 • SCLEROTIUM GUM • SODIUM HYALURONATE • SODIUM HYDROXIDE • SODIUM STARCH OCTENYLSUCCINATE • SODIUM STEAROYL GLUTAMATE • TRISODIUM ETHYLENEDIAMINE DISUCCINATE (F.I.L. V70061047/1). INACTIVE INGREDIENTS : 2067537 01 - INGREDIENTS: WATER • GLYCERIN • C15-19 ALKANE • NIACINAMIDE • PROPANEDIOL • C12-22 ALKYL ACRYLATE/HYDROXYETHYLACRYLATE COPOLYMER • TOCOPHEROL • CAPRYLIC/CAPRIC TRIGLYCERIDE • CAPRYLYL GLYCOL • CASSIA ALATA LEAF EXTRACT • CETEARYL ALCOHOL • CITRIC ACID • DIETHYLHEXYL SYRINGYLIDENEMALONATE • GLYCERYL STEARATE • HELIANTHUS ANNUUS (SUNFLOWER) SEED WAX • HYDROXYACETOPHENONE • HYDROXYPROPYL STARCH PHOSPHATE • JOJOBA ESTERS • MALTODEXTRIN • PENTYLENE GLYCOL • POLYGLYCERIN-3 • SCLEROTIUM GUM • SODIUM HYALURONATE • SODIUM HYDROXIDE • SODIUM STARCH OCTENYLSUCCINATE • SODIUM STEAROYL GLUTAMATE • TRISODIUM ETHYLENEDIAMINE DISUCCINATE (F.I.L. V70061047/1).","Cell-Ox B3 Shield® Technology: A key antioxidant technology in Anthelios UVAir™. It combines photostable UVA/UVB filters to deliver broad spectrum protection and powerful antioxidant protection with Senna Alata, a tropical leaf extract known to defend skin cells in the upper layer of skin against damaging free radicals caused by the sun. La Roche-Posay Thermal Spring Water: A soothing water sourced in the town of La Roche-Posay in France and a core ingredient in most of our products. It contains a unique combination of minerals, trace elements, and a high concentration of selenium, a natural antioxidant. Niacinamide: A form of vitamin B3, niacinamide is a water soluble vitamin. It is widely used in dermatology and is known for its ability to help visibly fade skin discoloration. Glycerin: Derived from vegetable sources, it's an excellent humectant. It helps hydrate skin by absorbing water from the surrounding environment. Hyaluronic Acid (HA): A polysaccharide (carbohydrate polymer) found naturally within the skin. When used in a formula, HA is an effective humectant that can hold a large amount of water to help maintain the skin's moisture. FULL INGREDIENT LIST ACTIVE INGREDIENTS : AVOBENZONE 3% • HOMOSALATE 7% • OCTISALATE 5% • OCTOCRYLENE 7% INACTIVE INGREDIENTS : 2067537 01 - INGREDIENTS: WATER • GLYCERIN • C15-19 ALKANE • NIACINAMIDE • PROPANEDIOL • C12-22 ALKYL ACRYLATE/HYDROXYETHYLACRYLATE COPOLYMER • TOCOPHEROL • CAPRYLIC/CAPRIC TRIGLYCERIDE • CAPRYLYL GLYCOL • CASSIA ALATA LEAF EXTRACT • CETEARYL ALCOHOL • CITRIC ACID • DIETHYLHEXYL SYRINGYLIDENEMALONATE • GLYCERYL STEARATE • HELIANTHUS ANNUUS (SUNFLOWER) SEED WAX • HYDROXYACETOPHENONE • HYDROXYPROPYL STARCH PHOSPHATE • JOJOBA ESTERS • MALTODEXTRIN • PENTYLENE GLYCOL • POLYGLYCERIN-3 • SCLEROTIUM GUM • SODIUM HYALURONATE • SODIUM HYDROXIDE • SODIUM STARCH OCTENYLSUCCINATE • SODIUM STEAROYL GLUTAMATE • TRISODIUM ETHYLENEDIAMINE DISUCCINATE (F.I.L. V70061047/1). ACTIVE INGREDIENTS : AVOBENZONE 3% • HOMOSALATE 7% • OCTISALATE 5% • OCTOCRYLENE 7% INACTIVE INGREDIENTS : 2067537 01 - INGREDIENTS: WATER • GLYCERIN • C15-19 ALKANE • NIACINAMIDE • PROPANEDIOL • C12-22 ALKYL ACRYLATE/HYDROXYETHYLACRYLATE COPOLYMER • TOCOPHEROL • CAPRYLIC/CAPRIC TRIGLYCERIDE • CAPRYLYL GLYCOL • CASSIA ALATA LEAF EXTRACT • CETEARYL ALCOHOL • CITRIC ACID • DIETHYLHEXYL SYRINGYLIDENEMALONATE • GLYCERYL STEARATE • HELIANTHUS ANNUUS (SUNFLOWER) SEED WAX • HYDROXYACETOPHENONE • HYDROXYPROPYL STARCH PHOSPHATE • JOJOBA ESTERS • MALTODEXTRIN • PENTYLENE GLYCOL • POLYGLYCERIN-3 • SCLEROTIUM GUM • SODIUM HYALURONATE • SODIUM HYDROXIDE • SODIUM STARCH OCTENYLSUCCINATE • SODIUM STEAROYL GLUTAMATE • TRISODIUM ETHYLENEDIAMINE DISUCCINATE (F.I.L. V70061047/1). INACTIVE INGREDIENTS : 2067537 01 - INGREDIENTS: WATER • GLYCERIN • C15-19 ALKANE • NIACINAMIDE • PROPANEDIOL • C12-22 ALKYL ACRYLATE/HYDROXYETHYLACRYLATE COPOLYMER • TOCOPHEROL • CAPRYLIC/CAPRIC TRIGLYCERIDE • CAPRYLYL GLYCOL • CASSIA ALATA LEAF EXTRACT • CETEARYL ALCOHOL • CITRIC ACID • DIETHYLHEXYL SYRINGYLIDENEMALONATE • GLYCERYL STEARATE • HELIANTHUS ANNUUS (SUNFLOWER) SEED WAX • HYDROXYACETOPHENONE • HYDROXYPROPYL STARCH PHOSPHATE • JOJOBA ESTERS • MALTODEXTRIN • PENTYLENE GLYCOL • POLYGLYCERIN-3 • SCLEROTIUM GUM • SODIUM HYALURONATE • SODIUM HYDROXIDE • SODIUM STARCH OCTENYLSUCCINATE • SODIUM STEAROYL GLUTAMATE • TRISODIUM ETHYLENEDIAMINE DISUCCINATE (F.I.L. V70061047/1).",[],"[""aging""]","[""hydrate"", ""sun_protection""]",serum,,,https://www.laroche-posay.us/dw/image/v2/AANG_PRD/on/demandware.static/-/Sites-acd-laroche-posay-master-catalog/default/dw89655a74/img/3606000650114/01-UVair-packshot-1500x1500.jpg,https://www.laroche-posay.us/our-products/sun/face-sunscreen/anthelios-uv-air-spf-50-serum-sunscreen-3606000650114.html,,80,true,true,[],[],[],"[""skin_types"", ""usage_instruction"", ""warnings""]","{""care_goals"": [], ""category"": [], ""skin_concerns"": [], ""skin_types"": []}",USD,laroche-posay,,0.3.0,2026-09-15T15:04:10.556567+00:00,
3606000613126,Anthelios UV Hydra Hydrating Face Sunscreen SPF 50 With Hyaluronic Acid,La Roche-Posay,sunscreen,39.99,USD,50ml,SPF 50 Daily Hydrating Sunscreen Blends Invisible on All Skin Tones,"Daily Hydrating Sunscreen with SPF 50 provides instant and long-lasting hydration Barely-there texture blends invisibly into all skin tones, leaving a dewy finish Daily hydrating facial sunscreen with hyaluronic acid for plumped, glowing, and healthier-looking skin Powered by Cell-Ox Shield Technology®, a powerful antioxidant complex to help protect skin from free radicals caused by UV rays Oxybenzone-free and Octinoxate-free daily sunscreen for the face provides broad-spectrum SPF 50 protection Decreases the risk of skin cancer and early skin aging caused by the sun if used as direct with other sun protection measures (see Directions). Daily Hydrating Sunscreen with SPF 50 provides instant and long-lasting hydration Barely-there texture blends invisibly into all skin tones, leaving a dewy finish Daily hydrating facial sunscreen with hyaluronic acid for plumped, glowing, and healthier-looking skin Powered by Cell-Ox Shield Technology®, a powerful antioxidant complex to help protect skin from free radicals caused by UV rays Oxybenzone-free and Octinoxate-free daily sunscreen for the face provides broad-spectrum SPF 50 protection Decreases the risk of skin cancer and early skin aging caused by the sun if used as direct with other sun protection measures (see Directions).",list AVOBENZONE (3%) • HOMOSOLATE (7%) • OCTISALATE (5%) • OCTOCRYLENE (7%) • WATER • GLYCERIN • C15-19 ALKANE • PROPANEDIAL • C12-22 ALKYL ACRYLATE/HYDROXYETHYLACRYLATE COPOLYMER • PANTHENOL • TOCOPHEROL • SODIUM STEAROYL GLUTAMATE • CETEARYL ALCOHOL • SCLEROTIUM GUM • HYDROXYACETOPHENONE • CAPRYLYL GLYCOL • SODIUM STARCH OCTENYLSUCCINATE • GLYCERYL STEARATE • JOJOBA ESTERS • HELIANTHUS ANNUUS (SUNFLOWER) SEED WAX • HYDROXYPROPYL STARCH PHOSPHATE • TRISODIUM ETHYLENEDIAMINE DISUCCINATE • SODIUM HYALURONATE • PENTYLENE GLYCOL • DIETHYLHEXYL SYRINGYLIDENEMALONATE • CASSIA ALATA LEAF EXTRACT • MALTODEXTRIN • CITRIC ACID • CAPRYLIC/CAPRIC TRIGLYCERIDE • POLYGLYCERIN-3,"Cell-Ox Shield ® Technology: A key antioxidant technology in Anthelios UV Hydra. It combines photostable UVA/UVB filters to deliver broad spectrum protection and powerful antioxidant protection. With Senna Alata, a tropical leaf extract known to defend skin cells in the upper layer of skin against damaging free radicals caused by the sun. Hyaluronic Acid (HA): A polysaccharide (carbohydrate polymer) found naturally within the skin. When used in a formula, HA is an effective humectant that can hold a large amount of water to help maintain the skin's moisture. Vitamin E: Tocopheryl acetate is a synthetic, more stable form of vitamin E. It has antioxidant properties to help neutralize damaging free radicals. La Roche-Posay Thermal Spring Water: A soothing water sourced in the town of La Roche-Posay in France and a core ingredient in most of our products. It contains a unique combination of minerals, trace elements, and a high concentration of selenium, a natural antioxidant. Full ingredients list AVOBENZONE (3%) • HOMOSOLATE (7%) • OCTISALATE (5%) • OCTOCRYLENE (7%) • WATER • GLYCERIN • C15-19 ALKANE • PROPANEDIAL • C12-22 ALKYL ACRYLATE/HYDROXYETHYLACRYLATE COPOLYMER • PANTHENOL • TOCOPHEROL • SODIUM STEAROYL GLUTAMATE • CETEARYL ALCOHOL • SCLEROTIUM GUM • HYDROXYACETOPHENONE • CAPRYLYL GLYCOL • SODIUM STARCH OCTENYLSUCCINATE • GLYCERYL STEARATE • JOJOBA ESTERS • HELIANTHUS ANNUUS (SUNFLOWER) SEED WAX • HYDROXYPROPYL STARCH PHOSPHATE • TRISODIUM ETHYLENEDIAMINE DISUCCINATE • SODIUM HYALURONATE • PENTYLENE GLYCOL • DIETHYLHEXYL SYRINGYLIDENEMALONATE • CASSIA ALATA LEAF EXTRACT • MALTODEXTRIN • CITRIC ACID • CAPRYLIC/CAPRIC TRIGLYCERIDE • POLYGLYCERIN-3",[],"[""aging""]","[""hydrate"", ""brighten"", ""sun_protection""]",,,,https://www.laroche-posay.us/dw/image/v2/AANG_PRD/on/demandware.static/-/Sites-acd-laroche-posay-master-catalog/default/dwd24a108d/product/3606000613126/1_Anthelios50-Hydra.jpg,https://www.laroche-posay.us/our-products/sun/face-sunscreen/anthelios-uv-hydra-hydrating-face-sunscreen-spf-50-with-hyaluronic-acid-3606000613126.html,,78,true,true,[],[],[],"[""skin_types"", ""usage_instruction"", ""warnings"", ""texture""]","{""care_goals"": [], ""category"": [], ""skin_concerns"": [], ""skin_types"": []}",USD,laroche-posay,,0.3.0,2026-09-15T15:04:28.184547+00:00,
270284454,Reset to Balance Mode Intro Set,LANEIGE,cleanser,34.0,USD,,"A Korean skincare starter kit for oily skin featuring an exfoliating gel cleanser, lightweight fluid moisturizer, and pore‑purifying peel‑off mask. Complete with a travel‑friendly pouch & spoon-shaped spatula (spoontula) for easy application, this set delivers shine control and balanced, smoother‑looking skin.",Gently Exfoliate Hydration Non-Comedogenic Oil-Moisture Balance Visibly Smooth Gently Exfoliate Hydration Non-Comedogenic Oil-Moisture Balance Visibly Smooth,"Balance Mode Cleanser: WATER / AQUA / EAU, GLYCERIN, CAPRYLYL/CAPRYL GLUCOSIDE, DISODIUM COCOAMPHODIACETATE, LAURYL BETAINE, DISODIUM LAURETH SULFOSUCCINATE, ACRYLATES COPOLYMER, SODIUM COCOYL ALANINATE, SODIUM CHLORIDE, NIACINAMIDE, ORYZA SATIVA (RICE) BRAN WATER, 1,2-HEXANEDIOL, INOSITOL, ZEA MAYS (CORN) STARCH, MANNITOL, PEG-45M, POLYQUATERNIUM-7, MICROCRYSTALLINE CELLULOSE, KAOLIN, BUTYLENE GLYCOL, HYDROXYPROPYL STARCH PHOSPHATE, CERAMIDE NP, HYDROLYZED EXTENSIN, DEXTRIN, PENTYLENE GLYCOL, SODIUM BENZOATE, HYDROGENATED LECITHIN, ETHYLHEXYLGLYCERIN, SILICA, POLYGLYCERYL-2 TRIISOSTEARATE, TITANIUM DIOXIDE (CI 77891), CITRUS AURANTIUM AMARA (BITTER ORANGE) FLOWER EXTRACT, CYCLODEXTRIN, IRON OXIDES (CI 77491), GLYCOLIC ACID, PROTEASE, TOCOPHEROL, MONASCUS/RICE FERMENT, ORYZA SATIVA (RICE) POWDER, IRON OXIDES (CI 77499) Balance Mode Peel-Off Mask: ORYZA SATIVA (RICE) BRAN WATER, POLYVINYL ALCOHOL, ALCOHOL DENAT., GLYCERIN, BUTYLENE GLYCOL, NIACINAMIDE, WATER / AQUA / EAU, TITANIUM DIOXIDE (CI 77891), PVP, HYDROXYETHYL UREA, ALCOHOL, 1,2-HEXANEDIOL, MICA, SORBITOL, INOSITOL, BENTONITE, AMMONIUM ACRYLOYLDIMETHYLTAURATE/VP COPOLYMER, XANTHAN GUM, SALICYLIC ACID, TROMETHAMINE, DEXTRIN, MALTITOL, SODIUM HYALURONATE, CELLULOSE GUM, ETHYLHEXYLGLYCERIN, HOUTTUYNIA CORDATA EXTRACT, CYCLODEXTRIN, SODIUM GLUCONATE, SQUALANE, MADECASSOSIDE, HYDROLYZED EXTENSIN, TIN OXIDE, PROTEASE, TRYPTOPHAN, THEOBROMA CACAO (COCOA) EXTRACT, MONASCUS/RICE FERMENT, TOCOPHEROL Balance Mode Moisturizer: ORYZA SATIVA (RICE) BRAN WATER, SQUALANE, BUTYLENE GLYCOL, GLYCERIN, NIACINAMIDE, 1,2-HEXANEDIOL, METHYL TRIMETHICONE, BETAINE, SILICA, INOSITOL, ACRYLATES/C10-30 ALKYL ACRYLATE CROSSPOLYMER, WATER / AQUA / EAU, TROMETHAMINE, GLYCERYL CAPRYLATE, CARBOMER, ETHYLHEXYLGLYCERIN, SODIUM GLUCONATE, MANNITOL, PROPANEDIOL, MADECASSOSIDE, HYDROLYZED EXTENSIN, MONASCUS/RICE FERMENT, HYDROLYZED CORN STARCH, PINUS DENSIFLORA LEAF EXTRACT, CAMELLIA SINENSIS LEAF EXTRACT, AMMONIUM GLYCYRRHIZATE, HYDROLYZED VEGETABLE PROTEIN, CAFFEINE, ZINC GLUCONATE, AESCULUS HIPPOCASTANUM (HORSE CHESTNUT) SEED EXTRACT, ACETYL TETRAPEPTIDE-11",Niacinamide Rice Complex,"[""oily"", ""combination"", ""normal"", ""sensitive""]","[""large_pores"", ""dullness"", ""sensitivity"", ""acne""]","[""cleanse"", ""hydrate"", ""exfoliate"", ""anti_acne"", ""anti_aging""]",gel,"• Massage one to two pumps of the Balance Mode Cleanser onto wet skin to gently exfoliate, unclog pores, and balance oil while supporting the moisture barrier. • Rinse thoroughly with water. • Apply a thin, even layer of the Balance Mode Peel-Off Mask using the spoontula and leave on for 15-20 minutes to smooth pores without stripping. • Gently peel the mask off from the edges to reveal smooth & shine-free skin. • Finish off with the Balance Mode Moisturizer to hydrate skin without the shine.",,https://us.laneige.com/cdn/shop/files/Set.jpg?v=1778266599,https://us.laneige.com/products/balance-mode-intro-set,,94,true,true,[],[],[],"[""warnings"", ""volume""]","{""care_goals"": [], ""category"": [], ""skin_concerns"": [], ""skin_types"": []}",USD,laneige,,0.3.0,2026-09-15T14:26:06.870057+00:00,
270284409,Water Sleeping Mask,LANEIGE,mask,24.0,USD,2.3floz,"A gentle pore-purifying peel-off mask for oily skin. This mask polishes pores and smooths skin texture without stripping; absorbing excess oil for shine‑free skin. Powered by Korean skincare with Rice-inamide Complex (rice water + niacinamide), salicylic acid, and enzyme exfoliants, this formula helps control shine even after the peel‑off!",Refine Pores Non-Comedogenic Visibly Smooth Refine Pores Non-Comedogenic Visibly Smooth,"Water / Aqua / Eau, Butylene Glycol, Glycerin, Trehalose, Methyl Trimethicone, 1,2-hexanediol, Squalane, Phenyl Trimethicone, Pca Dimethicone, Caprylyl Methicone, Ammonium Acryloyldimethyltaurate/vp Copolymer, Carbomer, Tromethamine, Lactobacillus Ferment Lysate, Niacinamide, Glyceryl Caprylate, Acrylates/c10-30 Alkyl Acrylate Crosspolymer, Propanediol, Ethylhexylglycerin, Malachite Extract, Xylitylglucoside, Propylene Glycol, Anhydroxylitol, Fragrance / Parfum, Sodium Hyaluronate, Sodium Metaphosphate, Xylitol, Raffinose, Oenothera Biennis (Evening Primrose) Oil, Hydroxypropyltrimonium Hyaluronate, Tryptophan, Lactobacillus Ferment, Beta-glucan, Limonene, Linalool, Acrylates/stearyl Methacrylate Copolymer, Tremella Fuciformis Sporocarp Extract, Hyaluronic Acid, Sodium Trimetaphosphate, Xanthan Gum, Polyglutamic Acid, Ceramide Np, Tocopherol",Hyaluronic Acid Squalane,"[""oily"", ""combination"", ""normal"", ""sensitive"", ""dry""]","[""large_pores"", ""dullness"", ""sensitivity"", ""acne"", ""oiliness""]","[""hydrate"", ""brighten"", ""cleanse"", ""anti_acne"", ""anti_aging""]",gel,"• Swipe it on: After cleansing with the Balance Mode Cleanser, use the spoontula to apply a thin, even layer across your face. • Let it set: Wait 15-20 minutes for it to absorb excess oil, lock in the skincare benefits, & dry completely. • Peel it off: Gently peel off from the edges to reveal smooth & shine-free skin. • Finish off with the Balance Mode Moisturizer to hydrate skin without the shine.",,https://us.laneige.com/cdn/shop/files/Peel-OffMask.jpg?v=1778266525,https://us.laneige.com/products/water-sleeping-mask,,96,true,true,[],[],[],"[""warnings""]","{""care_goals"": [], ""category"": [], ""skin_concerns"": [], ""skin_types"": []}",USD,laneige,,0.3.0,2026-09-15T14:26:43.750615+00:00,
270284318,Water Bank Blue Hyaluronic Cleansing Foam,LANEIGE,cleanser,26.0,USD,8.45floz,"A non-stripping, micro-foaming, and cushiony gel cleanser for oily skin. This cleanser gently exfoliates and deeply purifies pores to balance oil and help reduce shine. Powered by Korean skincare with Rice‑inamide Complex, Rice Powder, Glycolic Acid, and Ceramide, it lifts impurities and excess oils, unclogs pores, and supports the skin barrier.",AM & PM Gently Exfoliate Non-Comedogenic Unclog Pores AM & PM Gently Exfoliate Non-Comedogenic Unclog Pores,"WATER / AQUA / EAU, GLYCERIN, CAPRYLYL/CAPRYL GLUCOSIDE, DISODIUM COCOAMPHODIACETATE, LAURYL BETAINE, DISODIUM LAURETH SULFOSUCCINATE, ACRYLATES COPOLYMER, SODIUM COCOYL ALANINATE, SODIUM CHLORIDE, NIACINAMIDE, ORYZA SATIVA (RICE) BRAN WATER, 1,2-HEXANEDIOL, INOSITOL, ZEA MAYS (CORN) STARCH, MANNITOL, PEG-45M, POLYQUATERNIUM-7, MICROCRYSTALLINE CELLULOSE, KAOLIN, BUTYLENE GLYCOL, HYDROXYPROPYL STARCH PHOSPHATE, CERAMIDE NP, HYDROLYZED EXTENSIN, DEXTRIN, PENTYLENE GLYCOL, SODIUM BENZOATE, HYDROGENATED LECITHIN, ETHYLHEXYLGLYCERIN, SILICA, POLYGLYCERYL-2 TRIISOSTEARATE, TITANIUM DIOXIDE (CI 77891), CITRUS AURANTIUM AMARA (BITTER ORANGE) FLOWER EXTRACT, CYCLODEXTRIN, IRON OXIDES (CI 77491), GLYCOLIC ACID, PROTEASE, TOCOPHEROL, MONASCUS/RICE FERMENT, ORYZA SATIVA (RICE) POWDER, IRON OXIDES (CI 77499)",Niacinamide Rice Complex,"[""oily"", ""combination"", ""normal"", ""sensitive"", ""dry""]","[""large_pores"", ""dullness"", ""sensitivity"", ""acne"", ""oiliness"", ""aging""]","[""cleanse"", ""exfoliate"", ""hydrate"", ""anti_acne"", ""anti_aging"", ""repair"", ""oil_control"", ""brighten""]",foam,"• Massage one to two pumps onto wet skin to gently exfoliate, unclog pores, and balance oil while supporting the moisture barrier. • Rinse thoroughly with water. • Use the Balance Mode Peel-Off Mask to smooth pores without stripping. • Finish off with the Balance Mode Moisturizer to hydrate skin without the shine.",,https://us.laneige.com/cdn/shop/files/Cleanser.jpg?v=1778266567,https://us.laneige.com/products/balance-mode-rice-foaming-deep-cleanser,,96,true,true,[],[],[],"[""warnings""]","{""care_goals"": [], ""category"": [], ""skin_concerns"": [], ""skin_types"": []}",USD,laneige,,0.3.0,2026-09-15T14:26:45.329544+00:00,
270284423,Water Bank Blue Hyaluronic Cream Moisturizer,LANEIGE,moisturizer,28.0,USD,1.6floz,"A lightweight, non‑comedogenic moisturizer for oily skin. This non-greasy fluid moisturizer balances oil, visibly tightens pores, & delivers lasting hydration without the shine. Powered by Korean skincare innovation, the Rice-inamide Complex combines rice-derived ingredients to hydrate and strengthen the moisture barrier & niacinamide to help control shine and minimize excess sebum.",AM & PM Hydration Non-Comedogenic Oil-Moisture Balance AM & PM Hydration Non-Comedogenic Oil-Moisture Balance,"ORYZA SATIVA (RICE) BRAN WATER, SQUALANE, BUTYLENE GLYCOL, GLYCERIN, NIACINAMIDE, 1,2-HEXANEDIOL, METHYL TRIMETHICONE, BETAINE, SILICA, INOSITOL, ACRYLATES/C10-30 ALKYL ACRYLATE CROSSPOLYMER, WATER / AQUA / EAU, TROMETHAMINE, GLYCERYL CAPRYLATE, CARBOMER, ETHYLHEXYLGLYCERIN, SODIUM GLUCONATE, MANNITOL, PROPANEDIOL, MADECASSOSIDE, HYDROLYZED EXTENSIN, MONASCUS/RICE FERMENT, HYDROLYZED CORN STARCH, PINUS DENSIFLORA LEAF EXTRACT, CAMELLIA SINENSIS LEAF EXTRACT, AMMONIUM GLYCYRRHIZATE, HYDROLYZED VEGETABLE PROTEIN, CAFFEINE, ZINC GLUCONATE, AESCULUS HIPPOCASTANUM (HORSE CHESTNUT) SEED EXTRACT, ACETYL TETRAPEPTIDE-11",Niacinamide Rice Complex,"[""oily"", ""combination"", ""normal"", ""sensitive""]","[""dullness"", ""large_pores"", ""sensitivity"", ""acne"", ""oiliness""]","[""hydrate"", ""cleanse"", ""anti_acne"", ""anti_aging""]",cream,"• Smooth an even layer of the Balance Mode Moisturizer onto your face to hydrate skin without the shine and visibly minimize pores • For optimal results, use after the Balance Mode Cleanser and Peel-Off Mask to break the oily skin cycle • Use AM and/or PM",,https://us.laneige.com/cdn/shop/files/Moisturizer1.jpg?v=1778265975,https://us.laneige.com/products/balance-mode-shine-control-weightless-moisturizer,,96,true,true,[],[],[],"[""warnings""]","{""care_goals"": [], ""category"": [], ""skin_concerns"": [], ""skin_types"": []}",USD,laneige,,0.3.0,2026-09-15T14:27:12.090432+00:00,
270284339,Conjunto de trío elástico y firme,LANEIGE,lip_care,32.0,USD,20g,"¡El secreto para una piel visiblemente más firme, luminosa y con volumen en un solo set! Incluye una mascarilla de noche Bouncy & Firm Eye Sleeping Mask de tamaño completo y dos tamaños de lujo para rostro y labios. El juego incluye: Mascarilla iluminadora para ojos Bouncy & Firm - 0,70 oz./20 g Tratamiento reafirmante y voluminizador para labios - 0,07 oz./2 g Mascarilla de noche reafirmante y voluminizadora que aporta luminosidad - 0,33 fl. oz./10 ml Bolsa elástica y firme","Incluye una mascarilla de noche Bouncy & Firm Eye Sleeping Mask de tamaño completo y dos tamaños de lujo para rostro y labios. El juego incluye: Mascarilla iluminadora para ojos Bouncy & Firm - 0,70 oz./20 g Tratamiento reafirmante y voluminizador para labios - 0,07 oz./2 g Mascarilla de noche reafirmante y voluminizadora que aporta luminosidad - 0,33 fl. oz./10 ml Bolsa elástica y firme","LIP SLEEPING MASK STRAWBERRY SHORTCAKE: DIISOSTEARYL MALATE, HYDROGENATED POLYISOBUTENE, PHYTOSTERYL/ISOSTEARYL/CETYL/STEARYL/BEHENYL DIMER DILINOLEATE, POLYBUTENE, HYDROGENATED POLY(C6-14 OLEFIN), MICROCRYSTALLINE WAX / CERA MICROCRISTALLINA / CIRE MICROCRISTALLINE, BUTYROSPERMUM PARKII (SHEA) BUTTER, SYNTHETIC WAX, ETHYLENE/PROPYLENE/STYRENE COPOLYMER, SUCROSE TETRASTEARATE TRIACETATE, MAGNESIUM POTASSIUM FLUOROSILICATE, EUPHORBIA CERIFERA (CANDELILLA) WAX / CANDELILLA CERA / CIRE DE CANDELILLA, FRAGRANCE / PARFUM, CANDELILLA WAX ESTERS, ASTROCARYUM MURUMURU SEED BUTTER, POLYGLYCERYL-2 TRIISOSTEARATE, GLYCERYL CAPRYLATE, BENZYL BENZOATE, BUTYLENE/ETHYLENE/STYRENE COPOLYMER, TITANIUM DIOXIDE (CI 77891), COPERNICIA CERIFERA (CARNAUBA) WAX / COPERNICIA CERIFERA CERA / CIRE DE CARNAUBA, DIMETHICONE, RED 6 (CI 15850), LIMONENE, COCOS NUCIFERA (COCONUT) OIL, RED 7 LAKE (CI 15850), PENTAERYTHRITYL TETRA-DI-T-BUTYL HYDROXYHYDROCINNAMATE, YELLOW 6 LAKE (CI 15985), ASCORBIC ACID, YELLOW 5 LAKE (CI 19140), TOCOPHEROL, RED 7 (CI 15850), WATER / AQUA / EAU, GLYCERIN, PROPANEDIOL, BHT, PUNICA GRANATUM FRUIT JUICE, RUBUS IDAEUS (RASPBERRY) JUICE, VITIS VINIFERA (GRAPE) JUICE LIP GLOWY BALM BERRY: HYDROGENATED POLYISOBUTENE, PHYTOSTERYL/ISOSTEARYL/CETYL/ STEARYL/BEHENYL DIMER DILINOLEATE, HYDROGENATED POLY(C6-14 OLEFIN), DIISOSTEARYL MALATE, POLYBUTENE, PHYTOSTERYL ISOSTEARYL DIMER DILINOLEATE, MICROCRYSTALLINE WAX /CERA MICROCRISTALLINA / CIRE MICROCRISTALLINE, BUTYROSPERMUM PARKII (SHEA) BUTTER, SUCROSE TETRASTEARATE TRIACETATE, SYNTHETIC WAX, ETHYLENE/ PROPYLENE/STYRENE COPOLYMER, MICA, ASTROCARYUM MURUMURU SEED BUTTER, EUPHORBIA CERIFERA (CANDELILLA) WAX / CANDELILLA CERA HYDROCARBONS / CIRE DECANDELILLA, BUTYLENE/ETHYLENE/ STYRENE COPOLYMER, FRAGRANCE / PARFUM, CANDELILLA WAX ESTERS, DEHYDROACETIC ACID, DIMETHICONE, METHICONE, COPERNICIA CERIFERA (CARNAUBA) WAX / COPERNICIA CERIFERA CERA / CIRE DE CARNAUBA, POLYGLYCERYL-2 TRIISOSTEARATE, RED 7 LAKE (CI 15850), RED 6 (CI 15850), WATER / AQUA / EAU, PROPANEDIOL, BHT, LYCIUMCHINENSE FRUIT EXTRACT, RUBUS IDAEUS (RASPBERRY) FRUIT EXTRACT, VACCINIUM ANGUSTIFOLIUM (BLUEBERRY) FRUIT EXTRACT, COFFEA ARABICA (COFFEE) SEED EXTRACT, SAPINDUS MUKOROSSI FRUIT EXTRACT, VACCINIUM MACROCARPON (CRANBERRY) FRUIT EXTRACT , FRAGARIA CHILOENSIS (STRAWBERRY) FRUIT EXTRACT, RUBUS CHAMAEMORUS SEED EXTRACT, PHENOXYETHANOL LIP GLOWY BALM VANILLA: HYDROGENATED POLYISOBUTENE, PHYTOSTERYL/ISOSTEARYL/CETYL/STEARYL/BEHENYL DIMER DILINOLEATE, DIISOSTEARYL MALATE, POLYBUTENE, HYDROGENATED POLY(C6-14 OLEFIN), PHYTOSTERYL ISOSTEARYL DIMER DILINOLEATE, MICROCRYSTALLINE WAX / CERA MICROCRISTALLINA / CIRE MICROCRISTALLINE, BUTYROSPERMUM PARKII (SHEA) BUTTER, SUCROSE TETRASTEARATE TRIACETATE, ETHYLENE/PROPYLENE/STYRENE COPOLYMER, MICA, EUPHORBIA CERIFERA (CANDELILLA) WAX / EUPHORBIA CERIFERA CERA / CIRE DE CANDELILLA, ASTROCARYUM MURUMURU SEED BUTTER, SYNTHETIC WAX, FRAGRANCE / PARFUM, CANDELILLA WAX ESTERS, DEHYDROACETIC ACID, POLYGLYCERYL-2 TRIISOSTEARATE, BUTYLENE/ETHYLENE/STYRENE COPOLYMER, METHICONE, IRON OXIDES (CI 77492), TITANIUM DIOXIDE (CI 77891), COPERNICIA CERIFERA (CARNAUBA) WAX / COPERNICIA CERIFERA CERA / CIRE DE CARNAUBA, YELLOW 5 LAKE (CI 19140), PENTAERYTHRITYL TETRA-DI-T-BUTYL HYDROXYHYDROCINNAMATE, LIMONENE, TOCOPHEROL, TRIETHOXYCAPRYLYLSILANE",,"[""normal"", ""dry"", ""oily"", ""combination"", ""sensitive""]","[""dullness"", ""large_pores"", ""sensitivity""]","[""hydrate"", ""brighten"", ""anti_aging"", ""cleanse"", ""repair""]",gel,"Use cleanser to remove impurities, prep skin with toner, and moisturize with cream.",,https://us.laneige.com/cdn/shop/files/InlineContentBlock_1x1_9.png?v=1768074255,https://us.laneige.com/products/berry-sweet-lip-trio,,86,true,true,[],[],[],"[""key_ingredients"", ""warnings""]","{""care_goals"": [], ""category"": [], ""skin_concerns"": [], ""skin_types"": []}",USD,laneige,,0.3.0,2026-09-15T14:27:17.106167+00:00,
270284032,Mascarilla para ojos firme y elástica para dormir,LANEIGE,mask,32.0,USD,20ml,"Un tratamiento refrescante e hidratante para ojos durante la noche, enriquecido con nuestro Peony & Collagen ComplexTM y cafeína, para lograr una piel más tersa y firme alrededor de los ojos.",Brighten Dermatológicamente probado Hydration PM Brighten Dermatológicamente probado Hydration PM,"WATER / AQUA / EAU, GLYCERIN, SODIUM ACRYLATES CROSSPOLYMER-2, BUTYLENE GLYCOL, NIACINAMIDE, 1,2-HEXANEDIOL, PANTHENOL, POLYGLYCERIN-3, GLYCERYL POLYMETHACRYLATE, CAFFEINE, LACTOBACILLUS FERMENT LYSATE, ACRYLATES/C10-30 ALKYL ACRYLATE CROSSPOLYMER, PROPANEDIOL, XANTHAN GUM, DIPOTASSIUM GLYCYRRHIZATE, ETHYLHEXYLGLYCERIN, ADENOSINE, SODIUM METAPHOSPHATE, CAPRYLYL GLYCOL, TRYPTOPHAN, HYDROLYZED COLLAGEN, DEXTRIN, THEOBROMA CACAO (COCOA) EXTRACT, SODIUM HYALURONATE, CYANOCOBALAMIN, PAEONIA ALBIFLORA ROOT EXTRACT, TOCOPHEROL, HYDROLYZED HYALURONIC ACID, ACETYL TETRAPEPTIDE-2, SODIUM HYALURONATE CROSSPOLYMER, HYALURONIC ACID, PAEONIA ALBIFLORA FLOWER EXTRACT, SODIUM ACETYLATED HYALURONATE",Caffeine Niacinamide Peony & Collagen Complex + Peptides,"[""normal"", ""dry"", ""oily"", ""combination"", ""sensitive""]","[""dullness"", ""large_pores"", ""sensitivity"", ""aging""]","[""hydrate"", ""brighten"", ""anti_aging""]",,"Gently pat a light layer of the mask on top of hydrated skin around the eye area. This eye sleeping mask should be the last step of your skincare routine (make sure to apply over toner/moisturizer/eye cream/face sleeping mask).Use gentle dabbing motions to avoid pulling on the skin. After usage, close the lid tightly to prevent formula from drying out.",,https://us.laneige.com/cdn/shop/files/PT01_ebddc7e0-9e96-4aae-bbb3-4bedd2276497.jpg?v=1722625034,https://us.laneige.com/products/bouncy-firm-eye-sleeping-mask,,94,true,true,[],[],[],"[""warnings"", ""texture""]","{""care_goals"": [], ""category"": [], ""skin_concerns"": [], ""skin_types"": []}",USD,laneige,,0.3.0,2026-09-15T14:27:25.763061+00:00,
270284029,Tratamiento para labios firmes y elásticos,LANEIGE,lip_care,26.0,USD,20ml,"An intensive lip treatment powered by the Korean “slow aging” skincare trend. Packed with collagen, ceramides, and hyaluronic acid, it helps visibly plump and firm lips and provides lasting hydration.",AM & PM Dermatológicamente probado Hydration Visibly Smooth AM & PM Dermatológicamente probado Hydration Visibly Smooth,"HYDROGENATED POLY(C6-14 OLEFIN), HYDROGENATED POLYISOBUTENE, ETHYLENE/PROPYLENE/STYRENE COPOLYMER, CAPRYLIC/CAPRIC TRIGLYCERIDE, TOCOPHERYL ACETATE, SQUALANE, WATER / AQUA / EAU, STEARYL ALCOHOL, LITHOSPERMUM ERYTHRORHIZON ROOT EXTRACT, CETYL ALCOHOL, FRAGRANCE / PARFUM, BUTYLENE/ETHYLENE/STYRENE COPOLYMER, MYRISTYL ALCOHOL, HYDROGENATED OLIVE OIL CETYL ESTERS, ORYZA SATIVA (RICE) BRAN WAX, HYDROGENATED LECITHIN, BUTYLENE GLYCOL, CITRONELLOL, PENTAERYTHRITYL TETRA-DI-T-BUTYL HYDROXYHYDROCINNAMATE, MENTHOXYPROPANEDIOL, LINALOOL, 1,2-HEXANEDIOL, GERANIOL, LIMONENE, CHOLESTEROL, IRON OXIDES (CI 77492), HEXYL CINNAMAL, CERAMIDE NP, PROPANEDIOL, PALMITIC ACID, STEARIC ACID, GLYCINE MAX (SOYBEAN) POLYPEPTIDE, SODIUM HYALURONATE, ETHYLHEXYLGLYCERIN, DISODIUM EDTA, HYDROLYZED COLLAGEN, HYDROLYZED HYALURONIC ACID, SODIUM HYALURONATE CROSSPOLYMER, HYALURONIC ACID, PAEONIA ALBIFLORA ROOT EXTRACT, SODIUM ACETYLATED HYALURONATE, PAEONIA ALBIFLORA FLOWER EXTRACT",Caffeine Niacinamide Peony & Collagen Complex + Peptides,"[""normal"", ""dry"", ""oily"", ""combination"", ""sensitive""]","[""dullness"", ""large_pores"", ""sensitivity"", ""aging""]","[""hydrate"", ""anti_aging""]",,Apply directly to lips as needed.,,https://us.laneige.com/cdn/shop/files/B0D84WSNQK.PT06.jpg?v=1722537723,https://us.laneige.com/products/bouncy-firm-lip-treatment,,94,true,true,[],[],[],"[""warnings"", ""texture""]","{""care_goals"": [], ""category"": [], ""skin_concerns"": [], ""skin_types"": []}",USD,laneige,,0.3.0,2026-09-15T14:27:27.858189+00:00,
270284200,Glowy Makeup Serum,LANEIGE,serum,45.0,USD,1.01floz,"A Korean slow-aging serum that preventatively targets signs of aging by visibly firming and plumping the skin while protecting its moisture barrier. Key Ingredients:Peony & Collagen Complex™ + Peptide Water - Helps to preserve & promote collagen, leaving skin visibly firmer & plumper RE.D Flavonoid™ - Helps to improve visible firmness and prevent future visible signs of aging SmoothTech™ Capsules of Vitamin C, E, and Algae Oil - Antioxidant-rich capsules that nourish and give skin glow",Dermatológicamente probado Hydration Hipoalergénico Visibly Smooth Dermatológicamente probado Hydration Hipoalergénico Visibly Smooth,"WATER / AQUA / EAU, PROPANEDIOL, GLYCERIN, METHYLPROPANEDIOL, ISONONYL ISONONANOATE, NIACINAMIDE, 1,2-HEXANEDIOL, POLYGLYCERIN-3, CAPRYLIC/CAPRIC TRIGLYCERIDE, TRIETHYLHEXANOIN, BUTYLENE GLYCOL, TRIOLEIN, ACRYLATES/C10-30 ALKYL ACRYLATE CROSSPOLYMER, TROMETHAMINE, HYDROGENATED POLY(C6-20 OLEFIN), CARBOMER, ETHYLHEXYLGLYCERIN, PENTYLENE GLYCOL, TOCOPHEROL, ADENOSINE, HDI/TRIMETHYLOL HEXYLLACTONE CROSSPOLYMER, ASCORBYL TETRAISOPALMITATE, SODIUM METAPHOSPHATE, FRAGRANCE / PARFUM, BETA-GLUCAN, PRUNUS ARMENIACA (APRICOT) KERNEL OIL, XANTHAN GUM, LINALOOL, ACHILLEA MILLEFOLIUM EXTRACT, CAMELLIA JAPONICA SEED EXTRACT, GERANIOL, FERULIC ACID, CAPRYLYL GLYCOL, PAEONIA ALBIFLORA ROOT EXTRACT, YELLOW 6 (CI 15985), RED 33 (CI 17200), SOLUBLE COLLAGEN, VEGETABLE OIL / OLUS OIL / HUILE VÉGÉTALE, ACETYL HEPTAPEPTIDE-4, PAEONIA ALBIFLORA FLOWER EXTRACT, ACETYL HEXAPEPTIDE-8, SODIUM HYDROXIDE, ACETYL TETRAPEPTIDE-2, ACETYL OCTAPEPTIDE-3","Skin Type: All, Combination, Oily, Normal, Dry All, Combination, Oily, Normal, Dry Benefits: Brighten Derm Tested PM Visibly Smooth Brighten Derm Tested PM Visibly Smooth Brighten Derm Tested PM Visibly Smooth Formulated Without: Parabens Phthalates Sulfates SLS & SLES Parabens Phthalates Sulfates SLS & SLES","[""normal"", ""dry"", ""oily"", ""combination"", ""sensitive""]","[""dullness"", ""large_pores"", ""sensitivity"", ""aging""]","[""brighten"", ""hydrate"", ""cleanse"", ""anti_aging"", ""exfoliate""]",serum,"USAGE - Twist open the cap on the bottom tip - Press the white button on top of the bottle to release drops - Apply 2-3 drops of serum onto each cheek and forehead, then spread and gently massage over entire face - Apply daily morning & night as your serum step after cleansing and toning - Use sunscreen during the day - Beginners: Start 2-3 times a week and work up to daily if desired PACKAGING INSTRUCTIONS A sticker will mark the correct end to open for easy access to the nozzle. As the bottle uses air-pressure dispensing, a small leak may occur on first opening - this is normal and should not persist.",,https://us.laneige.com/cdn/shop/files/Bouncy_FirmSerum_2000x2000_1.jpg?v=1740681073,https://us.laneige.com/products/bouncy-firm-serum,,96,true,true,[],[],[],"[""warnings""]","{""care_goals"": [], ""category"": [], ""skin_concerns"": [], ""skin_types"": []}",USD,laneige,,0.3.0,2026-09-15T14:27:30.829899+00:00,
270283998,Bouncy & Firm Sleeping Mask,LANEIGE,mask,36.0,USD,2.0floz,Una mascarilla reafirmante para dormir con Peony & Collagen Complex™ que proporciona beneficios tanto durante la noche como a largo plazo para una piel visiblemente más tersa y flexible.,Dermatológicamente probado Hipoalergénico PM Dermatológicamente probado Hipoalergénico PM,"Water/Aqua/Eau, Butylene Glycol, Glycerin, Dimethicone, 1,2-Hexanediol, Squalane, Diisostearyl Malate, C12-16 Alcohols, Ammonium Acryloyldimethyltaurate/Beheneth-25 Methacrylate Crosspolymer, Cetearyl Alcohol, Palmitic Acid, Hydrogenated Lecithin, Dimethicone/Vinyl Dimethicone Crosspolymer, Sodium Polyacrylate Starch, Stearic Acid, Hydroxypropyl Bispalmitamide Mea, Mannitol, Lactobacillus Ferment Lysate, Propanediol, Ammonium Acryloyldimethyltaurate/Vp Copolymer, Cetearyl Glucoside, Xanthan Gum, Glyceryl Caprylate, Disodium Edta, Ethylhexylglycerin, Allantoin, Adenosine, Fragrance/Parfum, Acrylates/Ammonium Methacrylate Copolymer, Caprylyl Glycol, Carbomer, Cholesterol, Linalool, Silica, Malachite Extract, Citronellol, Geraniol, Hydroxycitronellal, Carthamus Tinctorius (Safflower) Flower Extract, Dextrin, Benzyl Salicylate, Cyanocobalamin, Hydrolyzed Collagen, Sodium Hyaluronate, Paeonia Albiflora Root Extract, Tocopherol, Hydrolyzed Hyaluronic Acid, Acetyl Tetrapeptide-2, Sodium Hyaluronate Crosspolymer, Hyaluronic Acid, Paeonia Albiflora Flower Extract, Sodium Acetylated Hyaluronate.",Green Tea Probiotic lysate Hyaluronic Acids Hydro-Melt Glow Capsules Peony & Collagen Complex + Peptides,"[""normal"", ""dry"", ""oily"", ""combination"", ""sensitive""]","[""dullness"", ""large_pores"", ""sensitivity""]","[""hydrate"", ""anti_aging""]",,"After face cream, apply evenly across face. Leave treatment on overnight and rinse off in the morning.",,https://us.laneige.com/cdn/shop/files/Product_01_9129acd1-a5ce-46e2-9d30-bbd77479f839.jpg?v=1724612072,https://us.laneige.com/products/bouncy-firm-sleeping-mask,,94,true,true,[],[],[],"[""warnings"", ""texture""]","{""care_goals"": [], ""category"": [], ""skin_concerns"": [], ""skin_types"": []}",USD,laneige,,0.3.0,2026-09-15T14:27:33.965178+00:00,
270284341,Bouncy Skin On The Go,LANEIGE,serum,45.0,USD,,"Slow-aging serum, visibly firming sleeping mask, & depuffing eye mask in one travel-sized set. Juicy serum, sorbet-like mask, & cooling eye mask—slow-aging essentials made travel-ready in a cute portable pouch",Hydration PM Hydration PM,"Bouncy & Firm Serum: Water / Aqua / Eau, Propanediol, Glycerin, Methylpropanediol, Isononyl Isononanoate, Niacinamide, 1,2-hexanediol, Polyglycerin-3, Caprylic/capric Triglyceride, Triethylhexanoin, Butylene Glycol, Triolein, Acrylates/c10-30 Alkyl Acrylate Crosspolymer, Tromethamine, Hydrogenated Poly(C6-20 Olefin), Carbomer, Ethylhexylglycerin, Pentylene Glycol, Tocopherol, Adenosine, Hdi/trimethylol Hexyllactone Crosspolymer, Ascorbyl Tetraisopalmitate, Sodium Metaphosphate, Fragrance / Parfum, Beta-glucan, Prunus Armeniaca (Apricot) Kernel Oil, Xanthan Gum, Linalool, Achillea Millefolium Extract, Camellia Japonica Seed Extract, Geraniol, Ferulic Acid, Caprylyl Glycol, Paeonia Albiflora Root Extract, Yellow 6 (Ci 15985), Red 33 (Ci 17200), Soluble Collagen, Vegetable Oil / Olus Oil / Huile Végétale, Acetyl Heptapeptide-4, Paeonia Albiflora Flower Extract, Acetyl Hexapeptide-8, Sodium Hydroxide, Acetyl Tetrapeptide-2, Acetyl Octapeptide-3 Bouncy & Firm Eye Sleeping Mask: Water / Aqua / Eau, Glycerin, Sodium Acrylates Crosspolymer-2, Butylene Glycol, Niacinamide, 1,2-hexanediol, Panthenol, Polyglycerin-3, Glyceryl Polymethacrylate, Caffeine, Lactobacillus Ferment Lysate, Acrylates/c10-30 Alkyl Acrylate Crosspolymer, Propanediol, Xanthan Gum, Dipotassium Glycyrrhizate, Ethylhexylglycerin, Adenosine, Sodium Metaphosphate, Caprylyl Glycol, Tryptophan, Hydrolyzed Collagen, Dextrin, Theobroma Cacao (Cocoa) Extract, Sodium Hyaluronate, Cyanocobalamin, Paeonia Albiflora Root Extract, Tocopherol, Hydrolyzed Hyaluronic Acid, Acetyl Tetrapeptide-2, Sodium Hyaluronate Crosspolymer, Hyaluronic Acid, Paeonia Albiflora Flower Extract, Sodium Acetylated Hyaluronate Bouncy & Firm Sleeping Mask: Water, Butylene Glycol, Cyclopentasiloxane, Glycerin, Cyclohexasiloxane, Trehalose, Sodium Hyaluronate, Oenothera Biennis (Evening Primrose) Root Extract, Prunus Armeniaca (Apricot) Fruit Extract, Beta-glucan, Chenopodium Quinoa Seed Extract, Ascorbyl Glucoside, Magnesium Sulfate, Zinc Sulfate, Manganese Sulfate, Calcium Chloride, Potassium Alginate, Ammonium Acryloyldimethyltaurate / Vp Copolymer, Polysorbate 20, Dimethicone, Dimethiconol, Dimethicone / Vinyl Dimethicone Crosspolymer, Propanediol, Ethylhexylglycerin, Stearyl Behenate, Polyglyceryl-3 Methylglucose Distearate, Hydroxypropyl Bispalmitamide Mea, Inulin Lauryl Carbamate, Alcohol, 1,2-hexanediol, Caprylyl Glycol, Carbomer, Tromethamine, Disodium Edta, Phenoxyethanol, Fragrance, Blue 1 (Ci 42090).",Peony & Collagen Complex + Peptides,"[""sensitive""]","[""aging"", ""dullness"", ""large_pores"", ""sensitivity""]","[""hydrate"", ""anti_aging""]",serum,"Apply serum, sleeping mask, and eye sleeping mask before bed. Rinse off in the AM.",,https://us.laneige.com/cdn/shop/files/bouncyskinonthegoset_pdp.jpg?v=1772131632,https://us.laneige.com/products/bouncy-skin-on-the-go,,94,true,true,[],[],[],"[""warnings"", ""volume""]","{""care_goals"": [], ""category"": [], ""skin_concerns"": [], ""skin_types"": []}",USD,laneige,,0.3.0,2026-09-15T14:27:35.912470+00:00,
270284224,Cica Sleeping Mask,LANEIGE,mask,35.0,USD,2.0floz,"Especialmente formulada para pieles sensibles, la mascarilla nocturna Cica Sleeping Mask derivada de levadura del bosque, proporciona una hidratación intensa para calmar la piel estresada y reforzar visiblemente la barrera de hidratación de la piel.",Dermatológicamente probado Hydration Hipoalergénico PM Dermatológicamente probado Hydration Hipoalergénico PM,"Water / Aqua / Eau, Glycerin, Squalane, Butylene Glycol, Cetearyl Alcohol, Dicaprylyl Carbonate, 1,2-hexanediol, Butylene Glycol Dicaprylate/Dicaprate, Pentaerythrityl Tetraethylhexanoate, Polyglyceryl-3 Methylglucose Distearate, Hydrogenated Coco-glycerides, Polyglyceryl-3 Distearate, Glyceryl Stearate, Panthenol, Ammonium Acryloyldimethyltaurate/ Vp Copolymer, Cetearyl Glucoside, Lactobacillus Ferment, Polyacrylate Crosspolymer-6, Lactobacillus Ferment Lysate, Propanediol, Niacinamide, Ethylhexylglycerin, Glyceryl Stearate Citrate, Allantoin, Sodium Stearoyl Glutamate, Dipotassium Glycyrrhizate, Sodium Metaphosphate, Madecassoside, Ectoin, Dextrin, Theobroma Cacao (Cocoa) Extract, Beta-glucan, Asiaticoside, Madecassic Acid, Asiatic Acid, Tocopherol, Centella Asiatica Flower/leaf/stem Extract, Hydrolyzed Vegetable Protein, 7-dehydrocholesterol, Inonotus Obliquus (Mushroom) Extract",,"[""normal"", ""dry"", ""oily"", ""combination"", ""sensitive""]","[""dullness"", ""large_pores"", ""sensitivity""]","[""hydrate"", ""soothe"", ""anti_aging"", ""repair""]",,"After moisturizer, apply evenly to face as the last step in your nighttime routine. Leave on overnight and rinse off in the morning. Use one to two times per week.",,https://us.laneige.com/cdn/shop/files/CSM_PDP_IMAGE.jpg?v=1754047481,https://us.laneige.com/products/cica-sleeping-mask,,84,true,true,[],[],[],"[""key_ingredients"", ""warnings"", ""texture""]","{""care_goals"": [], ""category"": [], ""skin_concerns"": [], ""skin_types"": []}",USD,laneige,,0.3.0,2026-09-15T14:27:46.701789+00:00,
270284521,Cream Skin Milky Hydration Sheet Mask - 5 Pack,LANEIGE,mask,4.0,USD,,"A deeply nourishing sheet mask that delivers 10 layers of hydration and 5x the ceramides & peptides of our iconic Cream Skin Milky Toner for radiant glass skin that’s visibly healthier and more resilient. Powered by Korean skincare, this refreshing and cooling mask soothes, provides all-day hydration, and strengthens the moisture barrier. It's specially designed with mesh moisture pockets that hold extra formula to maximize absorption and lock in deep hydration, with a breathable, lightweight feel.",AM & PM Hydration Suavidad Soothe AM & PM Hydration Suavidad Soothe,"WATER / AQUA / EAU, DIPROPYLENE GLYCOL, GLYCERIN, 1,2-HEXANEDIOL, CAPRYLIC/CAPRIC TRIGLYCERIDE, CETYL ETHYLHEXANOATE, POLYGLYCERYL-3 METHYLGLUCOSE DISTEARATE, BUTYLENE GLYCOL, GLYCERYL STEARATE, SORBITAN SESQUIOLEATE, CARBOMER, TROMETHAMINE, AMMONIUM ACRYLOYLDIMETHYLTAURATE/VP COPOLYMER, ETHYLHEXYLGLYCERIN, PONCIRUS TRIFOLIATA FRUIT EXTRACT, MANNITOL, LIMNANTHES ALBA (MEADOWFOAM) SEED OIL, ACRYLATES/STEARYL METHACRYLATE COPOLYMER, TREMELLA FUCIFORMIS SPOROCARP EXTRACT, HYALURONIC ACID, SACCHAROMYCES FERMENT, SODIUM POLYACRYLATE, PANTHENOL, SODIUM PHYTATE, LACTOBACILLUS FERMENT, ECTOIN, GLYCERYL ACRYLATE/ACRYLIC ACID COPOLYMER, XANTHAN GUM, PVM/MA COPOLYMER, CERAMIDE NP, HYDROGENATED LECITHIN, CAMELLIA JAPONICA FLOWER EXTRACT, METHYL GLUCOSE SESQUISTEARATE, CETEARYL GLUCOSIDE, ACETYL TETRAPEPTIDE-11, TOCOPHEROL, CENTELLA ASIATICA EXTRACT, CENTELLA ASIATICA LEAF EXTRACT, CENTELLA ASIATICA ROOT EXTRACT, MADECASSOSIDE, ASIATICOSIDE, ASIATIC ACID, MADECASSIC ACID",Ceramide Peptide,"[""normal"", ""dry"", ""oily"", ""combination"", ""sensitive""]","[""dullness"", ""large_pores"", ""sensitivity""]","[""hydrate"", ""soothe"", ""cleanse"", ""anti_aging""]",cream,"- Cleanse - Remove the protective film and place the mask evenly over your face. - Leave on for 10 to 20 minutes, then gently remove the mask. - Pat face lightly to help the remaining essence absorb into the skin.",,http://us.laneige.com/cdn/shop/files/creamskinmask_1x1_f5eea8af-e201-458e-929e-cdb9db2e98c5.jpg?v=1784562645,https://us.laneige.com/products/cream-skin-milky-hydration-sheet-mask,,94,true,true,[],[],[],"[""warnings"", ""volume""]","{""care_goals"": [], ""category"": [], ""skin_concerns"": [], ""skin_types"": []}",USD,laneige,,0.3.0,2026-09-15T14:27:57.714685+00:00,
270284502,Cream Skin Toner & Moisturizer - Matin Kim 80mL,LANEIGE,toner,12.0,USD,80ml,"The original lightweight milky cream-toner hybrid enriched with nourishing ceramides and peptides for barrier support and radiant, hydrated glass skin. This milky toner is powered by innovative Korean Micro-BlendingTM technology that combines a jar of cream and a bottle of toner into a lightweight texture for fast and deep hydration. The formula is infused with a ceramide & peptide complex to nourish and visibly firm, while White Leaf Tea helps soothe. Allure 2023 Best of Beauty Award Winner 2024 Vogue Best Hydrating Toner Accepted by the National Eczema Association, Dermatologist Tested, Suitable for Sensitive Skin, and Hypoallergenic",AM & PM Dermatológicamente probado Hydration Suavidad Soothe AM & PM Dermatológicamente probado Hydration Suavidad Soothe,"Water / Aqua / Eau, Butylene Glycol, Glycerin, Limnanthes Alba (Meadowfoam) Seed Oil, Isopentyldiol, 1,2-Hexanediol, Squalane, Polyglyceryl-10 Stearate, Glyceryl Stearate Citrate, Sodium Stearoyl Glutamate, Inulin Lauryl Carbamate, Glyceryl Caprylate, Ethylhexylglycerin, Propanediol, Disodium Edta, Carbomer, Mannitol, Acrylates/Stearyl Methacrylate Copolymer, Tremella Fuciformis Sporocarp Extract, Hyaluronic Acid, Camellia Sinensis Leaf Extract, Xanthan Gum, Ceramide Np, Camellia Japonica Flower Extract, Tocopherol, Acetyl Tetrapeptide-11.",,"[""normal"", ""dry"", ""oily"", ""combination"", ""sensitive""]","[""dullness"", ""large_pores"", ""sensitivity""]","[""hydrate"", ""soothe"", ""cleanse"", ""anti_aging"", ""repair""]",cream,"- Gently pat or spray onto skin after cleansing, applying multiple layers for additional hydration as desired - Use under makeup to prep for a smooth application - Re-apply throughout the day when in need of a refresh",,http://us.laneige.com/cdn/shop/files/Matin_Kim_Infographic_2000x2000_Product_CrS-Mist-2_1.jpg?v=1788255576,https://us.laneige.com/products/cream-skin-toner-moisturizer,,86,true,true,[],[],[],"[""key_ingredients"", ""warnings""]","{""care_goals"": [], ""category"": [], ""skin_concerns"": [], ""skin_types"": []}",USD,laneige,,0.3.0,2026-09-15T14:28:40.235546+00:00,
270284338,Donut Delight Lip Serum Duo,LANEIGE,serum,38.0,USD,,"Our first-ever set of full-size Glaze Craze bestsellers & a matching donut keychain. Featuring Cinnamon Sugar Glaze Craze Tinted Lip Serum, a warm mauve tint and cinnamon donut scent, plus Strawberry Sprinkles Glaze Craze Tinted Lip Serum, a cool pink tint and sweet strawberry scent.",AM Hydration AM Hydration,"Key Ingredients: Polypeptide: Volumizes. Argan Ceramides: Nourish and support the lip moisture barrier. Polyglutamic Acid (PGA): Retains and attracts moisture Cinnamon Sugar: DIISOSTEARYL MALATE, BIS-BEHENYL/ISOSTEARYL/PHYTOSTERYL DIMER DILINOLEYL DIMER DILINOLEATE, BIS-DIGLYCERYL POLYACYLADIPATE-2, HYDROGENATED POLYISOBUTENE, OCTYLDODECANOL, MICROCRYSTALLINE WAX / CERA MICROCRISTALLINA / CIRE MICROCRISTALLINE, SYNTHETIC WAX, FRAGRANCE / PARFUM, POLYGLYCERYL-2 TRIISOSTEARATE, PUNICA GRANATUM SEED OIL, TITANIUM DIOXIDE (CI 77891), SILICA DIMETHYL SILYLATE, IRON OXIDES (CI 77491), YELLOW 5 LAKE (CI 19140), IRON OXIDES (CI 77499), WATER / AQUA / EAU, TOCOPHEROL, SQUALANE, RED 7 LAKE (CI 15850), CERAMIDE NP, GLYCINE MAX (SOYBEAN) POLYPEPTIDE, 1,2-HEXANEDIOL, PROPYLENE GLYCOL, BUTYLENE GLYCOL, POLYGLUTAMIC ACID, SODIUM HYALURONATE, ETHYLHEXYLGLYCERIN Strawberry Sprinkles: DIISOSTEARYL MALATE, BIS-BEHENYL/ISOSTEARYL/PHYTOSTERYL DIMER DILINOLEYL DIMER DILINOLEATE, BIS-DIGLYCERYL POLYACYLADIPATE-2, HYDROGENATED POLYISOBUTENE, OCTYLDODECANOL, MICROCRYSTALLINE WAX / CERA MICROCRISTALLINA / CIRE MICROCRISTALLINE, SYNTHETIC WAX, FRAGRANCE / PARFUM, PUNICA GRANATUM SEED OIL, TITANIUM DIOXIDE (CI 77891), SILICA DIMETHYL SILYLATE, POLYGLYCERYL-2 TRIISOSTEARATE, BENZYL BENZOATE, RED 7 LAKE (CI 15850), WATER / AQUA / EAU, RED 6 (CI 15850), TOCOPHEROL, SQUALANE, CERAMIDE NP, GLYCINE MAX (SOYBEAN) POLYPEPTIDE, 1,2-HEXANEDIOL, PROPYLENE GLYCOL, BUTYLENE GLYCOL, POLYGLUTAMIC ACID, SODIUM HYALURONATE, ETHYLHEXYLGLYCERIN","Polypeptide: Volumizes. Argan Ceramides: Nourish and support the lip moisture barrier. Polyglutamic Acid (PGA): Retains and attracts moisture Cinnamon Sugar: DIISOSTEARYL MALATE, BIS-BEHENYL/ISOSTEARYL/PHYTOSTERYL DIMER DILINOLEYL DIMER DILINOLEATE, BIS-DIGLYCERYL POLYACYLADIPATE-2, HYDROGENATED POLYISOBUTENE, OCTYLDODECANOL, MICROCRYSTALLINE WAX / CERA MICROCRISTALLINA / CIRE MICROCRISTALLINE, SYNTHETIC WAX, FRAGRANCE / PARFUM, POLYGLYCERYL-2 TRIISOSTEARATE, PUNICA GRANATUM SEED OIL, TITANIUM DIOXIDE (CI 77891), SILICA DIMETHYL SILYLATE, IRON OXIDES (CI 77491), YELLOW 5 LAKE (CI 19140), IRON OXIDES (CI 77499), WATER / AQUA / EAU, TOCOPHEROL, SQUALANE, RED 7 LAKE (CI 15850), CERAMIDE NP, GLYCINE MAX (SOYBEAN) POLYPEPTIDE, 1,2-HEXANEDIOL, PROPYLENE GLYCOL, BUTYLENE GLYCOL, POLYGLUTAMIC ACID, SODIUM HYALURONATE, ETHYLHEXYLGLYCERIN Strawberry Sprinkles: DIISOSTEARYL MALATE, BIS-BEHENYL/ISOSTEARYL/PHYTOSTERYL DIMER DILINOLEYL DIMER DILINOLEATE, BIS-DIGLYCERYL POLYACYLADIPATE-2, HYDROGENATED POLYISOBUTENE, OCTYLDODECANOL, MICROCRYSTALLINE WAX / CERA MICROCRISTALLINA / CIRE MICROCRISTALLINE, SYNTHETIC WAX, FRAGRANCE / PARFUM, PUNICA GRANATUM SEED OIL, TITANIUM DIOXIDE (CI 77891), SILICA DIMETHYL SILYLATE, POLYGLYCERYL-2 TRIISOSTEARATE, BENZYL BENZOATE, RED 7 LAKE (CI 15850), WATER / AQUA / EAU, RED 6 (CI 15850), TOCOPHEROL, SQUALANE, CERAMIDE NP, GLYCINE MAX (SOYBEAN) POLYPEPTIDE, 1,2-HEXANEDIOL, PROPYLENE GLYCOL, BUTYLENE GLYCOL, POLYGLUTAMIC ACID, SODIUM HYALURONATE, ETHYLHEXYLGLYCERIN","[""sensitive""]","[""dullness"", ""large_pores"", ""sensitivity""]","[""hydrate"", ""anti_aging""]",serum,"Use alone or after lip color for a pigmented, high-shine finish.",,https://us.laneige.com/cdn/shop/files/PDP1x1_ffdcf162-6c17-47dd-b688-8479b4fbe926.png?v=1767041035,https://us.laneige.com/products/donut-delight-lip-serum-duo,,94,true,true,[],[],[],"[""warnings"", ""volume""]","{""care_goals"": [], ""category"": [], ""skin_concerns"": [], ""skin_types"": []}",USD,laneige,,0.3.0,2026-09-15T14:29:05.374094+00:00,
270284349,Flush Pop Lip Plumper,LANEIGE,lip_care,23.0,USD,0.14floz,"A hydrating, glossy lip plumper that delivers an instant cooling sensation and visibly fuller-looking lips. Infused with skincare ingredients to help lock in moisture and support the lip barrier, this lightweight gel leaves lips feeling comfortable and nourished while looking volumized with continued use. The curved applicator hugs lips for easy, even application.",Volumizing Hydration Plumping Volumizing Hydration Plumping,"HYDROGENATED POLY(C6-14 OLEFIN), HYDROGENATED POLYISOBUTENE, ETHYLENE/PROPYLENE/STYRENE COPOLYMER, TOCOPHERYL ACETATE, MENTHOXYPROPANEDIOL, FRAGRANCE / PARFUM, BUTYLENE/ETHYLENE/STYRENE COPOLYMER, METHYL NICOTINATE, CAPRYLIC/CAPRIC TRIGLYCERIDE, SQUALANE, SIMMONDSIA CHINENSIS (JOJOBA) SEED OIL, CAPSICUM FRUTESCENS FRUIT EXTRACT, ZINGIBER OFFICINALE (GINGER) ROOT OIL, CANOLA OIL, WATER / AQUA / EAU, PENTAERYTHRITYL TETRA-DI-T-BUTYL HYDROXYHYDROCINNAMATE, OENOTHERA BIENNIS (EVENING PRIMROSE) OIL, PROPANEDIOL, SODIUM HYALURONATE, 1,2-HEXANEDIOL, CAPRYLYL GLYCOL, HYDROLYZED HYALURONIC ACID, SODIUM HYALURONATE CROSSPOLYMER, HYALURONIC ACID, ETHYLHEXYLGLYCERIN, SODIUM ACETYLATED HYALURONATE, ACETYL TETRAPEPTIDE-2, LINALYL ACETATE, CITRUS AURANTIUM PEEL OIL, HEXYL CINNAMAL, LIMONENE, LINALOOL, GERANYL ACETATE, CITRAL, GERANIOL, EUCALYPTUS GLOBULUS OIL",Hyaluronic Acid Peptide,"[""sensitive""]","[""dullness"", ""large_pores"", ""sensitivity""]","[""hydrate"", ""soothe"", ""anti_aging""]",gel,"-Use Alone: For fuller-looking lips, a natural flush, & a clear glossy finish. -Use as a Plumping Base: Apply before lip color for a smooth base, extra shine, & max volume. -Use As a Glossy Topper: Layer over color to finish with glossy, plumping shine. -Silicone applicator hugs lips for easy, even application",,https://us.laneige.com/cdn/shop/files/FPLP_Infographic_2000x2000Product2.jpg?v=1780950471,https://us.laneige.com/products/flush-pop-lip-plumper,,96,true,true,[],[],[],"[""warnings""]","{""care_goals"": [], ""category"": [], ""skin_concerns"": [], ""skin_types"": []}",USD,laneige,,0.3.0,2026-09-15T14:29:11.597806+00:00,
270284388,Glassy Lip Minis 3 Pc. Glaze Craze Tinted Peptide Lip Serum Gift Set,LANEIGE,lip_care,26.0,USD,,"A limited-edition gift set featuring three mini peptide-infused Glaze Craze Tinted Lip Serums for glossy color and hydrated, plumper-looking lips. Glaze Craze Tinted Lip Serum is infused with peptides and other skincare ingredients to plump and nourish for irresistible-looking lips with buildable, high-shine color. This set features three minis in beloved shades Cinnamon Sugar, Strawberry Sprinkles, and Rose Jam. Plus, skincare samples inside!",Hydration Non-Comedogenic Hydration Non-Comedogenic,"Glaze Craze Tinted Lip Serum [Cinnamon Sugar] DIISOSTEARYL MALATE, BIS-BEHENYL/ISOSTEARYL/PHYTOSTERYL DIMER DILINOLEYL DIMER DILINOLEATE, BIS-DIGLYCERYLPOLYACYLADIPATE-2, HYDROGENATED POLYISOBUTENE, OCTYLDODECANOL, MICROCRYSTALLINE WAX / CERA MICROCRISTALLINA / CIRE MICROCRISTALLINE, SYNTHETIC WAX, POLYGLYCERYL-2 TRIISOSTEARATE, TITANIUM DIOXIDE (CI 77891), FRAGRANCE / PARFUM, PUNICA GRANATUM SEED OIL, IRON OXIDES (CI 77491), SILICA DIMETHYL SILYLATE, IRON OXIDES (CI 77499), IRON OXIDES (CI 77492), CINNAMAL, WATER / AQUA / EAU, RED 7 LAKE (CI 15850), TOCOPHEROL, SQUALANE, CERAMIDE NP, GLYCINE MAX (SOYBEAN) POLYPEPTIDE, TRIETHOXYCAPRYLYLSILANE, 1,2-HEXANEDIOL, PROPYLENE GLYCOL, BUTYLENE GLYCOL, POLYGLUTAMIC ACID, SODIUM HYALURONATE, ETHYLHEXYLGLYCERIN Glaze Craze Tinted Lip Serum [Strawberry Sprinkles] DIISOSTEARYL MALATE, BIS-BEHENYL/ISOSTEARYL/PHYTOSTERYL DIMER DILINOLEYL DIMER DILINOLEATE, BIS-DIGLYCERYLPOLYACYLADIPATE-2, HYDROGENATED POLYISOBUTENE, OCTYLDODECANOL, MICROCRYSTALLINE WAX / CERA MICROCRISTALLINA / CIRE MICROCRISTALLINE, SYNTHETIC WAX, FRAGRANCE / PARFUM, PUNICA GRANATUM SEED OIL, TITANIUM DIOXIDE (CI 77891), SILICA DIMETHYL SILYLATE, POLYGLYCERYL-2 TRIISOSTEARATE, BENZYL BENZOATE, RED 7 LAKE (CI 15850), WATER / AQUA / EAU, RED 6 (CI 15850), TOCOPHEROL, SQUALANE, CERAMIDE NP, GLYCINE MAX (SOYBEAN) POLYPEPTIDE, 1,2-HEXANEDIOL, PROPYLENE GLYCOL, BUTYLENE GLYCOL, POLYGLUTAMIC ACID, SODIUM HYALURONATE, ETHYLHEXYLGLYCERIN Glaze Craze Tinted Lip Serum [Rose Jam] DIISOSTEARYL MALATE, BIS-BEHENYL/ISOSTEARYL/PHYTOSTERYL DIMER DILINOLEYL DIMER DILINOLEATE, BIS-DIGLYCERYLPOLYACYLADIPATE-2, HYDROGENATED POLYISOBUTENE, OCTYLDODECANOL, SYNTHETIC WAX, MICROCRYSTALLINE WAX / CERA MICROCRISTALLINA / CIRE MICROCRISTALLINE, POLYGLYCERYL-2 TRIISOSTEARATE, FRAGRANCE / PARFUM, SILICA DIMETHYL SILYLATE, PUNICA GRANATUM SEED OIL, TITANIUM DIOXIDE (CI 77891), IRON OXIDES (CI 77491), RED 7 LAKE (CI 15850), IRON OXIDES (CI 77492), WATER / AQUA / EAU, BLUE 1 LAKE (CI 42090), IRON OXIDES (CI 77499), TOCOPHEROL, SQUALANE, TRIETHOXYCAPRYLYLSILANE, CERAMIDE NP, GLYCINE MAX (SOYBEAN) POLYPEPTIDE, 1,2-HEXANEDIOL, PROPYLENE GLYCOL, BUTYLENE GLYCOL, POLYGLUTAMIC ACID, SODIUM HYALURONATE, ETHYLHEXYLGLYCERIN, CITRONELLOL, GERANIOL, GERANYL ACETATE, BENZYL BENZOATE, CITRUS AURANTIUM PEEL OIL, LIMONENE --- SAMPLES NOT FOR SALE --- Bouncy & Firm Serum WATER / AQUA / EAU, PROPANEDIOL, GLYCERIN, METHYLPROPANEDIOL, ISONONYL ISONONANOATE, NIACINAMIDE, 1,2-HEXANEDIOL, POLYGLYCERIN-3, CAPRYLIC/CAPRIC TRIGLYCERIDE, TRIETHYLHEXANOIN, BUTYLENE GLYCOL, TRIOLEIN, ACRYLATES/C10-30 ALKYL ACRYLATE CROSSPOLYMER, TROMETHAMINE, HYDROGENATED POLY(C6-20 OLEFIN), CARBOMER, ETHYLHEXYLGLYCERIN, PENTYLENE GLYCOL, TOCOPHEROL, ADENOSINE, HDI/TRIMETHYLOL HEXYLLACTONE CROSSPOLYMER, ASCORBYL TETRAISOPALMITATE, SODIUM METAPHOSPHATE, FRAGRANCE / PARFUM, BETA-GLUCAN, PRUNUS ARMENIACA (APRICOT) KERNEL OIL, XANTHAN GUM, LINALOOL, ACHILLEA MILLEFOLIUM EXTRACT, CAMELLIA JAPONICA SEED EXTRACT, GERANIOL, FERULIC ACID, CAPRYLYL GLYCOL, PAEONIA ALBIFLORA ROOT EXTRACT, YELLOW 6 (CI 15985), RED 33 (CI 17200), SOLUBLE COLLAGEN, VEGETABLE OIL / OLUS OIL / HUILE VÉGÉTALE, ACETYL HEPTAPEPTIDE-4, PAEONIA ALBIFLORA FLOWER EXTRACT, ACETYL HEXAPEPTIDE-8, SODIUM HYDROXIDE, ACETYL TETRAPEPTIDE-2, ACETYL OCTAPEPTIDE-3 Bouncy & Firm Sleeping Mask WATER / AQUA / EAU, BUTYLENE GLYCOL, GLYCERIN, DIMETHICONE, 1,2-HEXANEDIOL, SQUALANE, DIISOSTEARYL MALATE, C12-16 ALCOHOLS, AMMONIUM ACRYLOYLDIMETHYLTAURATE/BEHENETH-25 METHACRYLATE CROSSPOLYMER, CETEARYL ALCOHOL, PALMITIC ACID, HYDROGENATED LECITHIN, DIMETHICONE/VINYL DIMETHICONE CROSSPOLYMER, SODIUM POLYACRYLATE STARCH, STEARIC ACID, HYDROXYPROPYL BISPALMITAMIDE MEA, MANNITOL, LACTOBACILLUS FERMENT LYSATE, PROPANEDIOL, AMMONIUM ACRYLOYLDIMETHYLTAURATE/VP COPOLYMER, CETEARYL GLUCOSIDE, XANTHAN GUM, GLYCERYL CAPRYLATE, DISODIUM EDTA, ETHYLHEXYLGLYCERIN, ALLANTOIN, ADENOSINE, FRAGRANCE / PARFUM, ACRYLATES/AMMONIUM METHACRYLATE COPOLYMER, CAPRYLYL GLYCOL, CARBOMER, CHOLESTEROL, LINALOOL, SILICA, MALACHITE EXTRACT, CITRONELLOL, GERANIOL, HYDROXYCITRONELLAL, CARTHAMUS TINCTORIUS (SAFFLOWER) FLOWER EXTRACT, DEXTRIN, BENZYL SALICYLATE, CYANOCOBALAMIN, HYDROLYZED COLLAGEN, SODIUM HYALURONATE, PAEONIA ALBIFLORA ROOT EXTRACT, TOCOPHEROL, HYDROLYZED HYALURONIC ACID, ACETYL TETRAPEPTIDE-2, SODIUM HYALURONATE CROSSPOLYMER, HYALURONIC ACID, PAEONIA ALBIFLORA FLOWER EXTRACT, SODIUM ACETYLATED HYALURONATE Glaze Craze Tinted Lip Serum [Cinnamon Sugar] DIISOSTEARYL MALATE, BIS-BEHENYL/ISOSTEARYL/PHYTOSTERYL DIMER DILINOLEYL DIMER DILINOLEATE, BIS-DIGLYCERYLPOLYACYLADIPATE-2, HYDROGENATED POLYISOBUTENE, OCTYLDODECANOL, MICROCRYSTALLINE WAX / CERA MICROCRISTALLINA / CIRE MICROCRISTALLINE, SYNTHETIC WAX, POLYGLYCERYL-2 TRIISOSTEARATE, TITANIUM DIOXIDE (CI 77891), FRAGRANCE / PARFUM, PUNICA GRANATUM SEED OIL, IRON OXIDES (CI 77491), SILICA DIMETHYL SILYLATE, IRON OXIDES (CI 77499), IRON OXIDES (CI 77492), CINNAMAL, WATER / AQUA / EAU, RED 7 LAKE (CI 15850), TOCOPHEROL, SQUALANE, CERAMIDE NP, GLYCINE MAX (SOYBEAN) POLYPEPTIDE, TRIETHOXYCAPRYLYLSILANE, 1,2-HEXANEDIOL, PROPYLENE GLYCOL, BUTYLENE GLYCOL, POLYGLUTAMIC ACID, SODIUM HYALURONATE, ETHYLHEXYLGLYCERIN Glaze Craze Tinted Lip Serum [Strawberry Sprinkles] DIISOSTEARYL MALATE, BIS-BEHENYL/ISOSTEARYL/PHYTOSTERYL DIMER DILINOLEYL DIMER DILINOLEATE, BIS-DIGLYCERYLPOLYACYLADIPATE-2, HYDROGENATED POLYISOBUTENE, OCTYLDODECANOL, MICROCRYSTALLINE WAX / CERA MICROCRISTALLINA / CIRE MICROCRISTALLINE, SYNTHETIC WAX, FRAGRANCE / PARFUM, PUNICA GRANATUM SEED OIL, TITANIUM DIOXIDE (CI 77891), SILICA DIMETHYL SILYLATE, POLYGLYCERYL-2 TRIISOSTEARATE, BENZYL BENZOATE, RED 7 LAKE (CI 15850), WATER / AQUA / EAU, RED 6 (CI 15850), TOCOPHEROL, SQUALANE, CERAMIDE NP, GLYCINE MAX (SOYBEAN) POLYPEPTIDE, 1,2-HEXANEDIOL, PROPYLENE GLYCOL, BUTYLENE GLYCOL, POLYGLUTAMIC ACID, SODIUM HYALURONATE, ETHYLHEXYLGLYCERIN Glaze Craze Tinted Lip Serum [Rose Jam] DIISOSTEARYL MALATE, BIS-BEHENYL/ISOSTEARYL/PHYTOSTERYL DIMER DILINOLEYL DIMER DILINOLEATE, BIS-DIGLYCERYLPOLYACYLADIPATE-2, HYDROGENATED POLYISOBUTENE, OCTYLDODECANOL, SYNTHETIC WAX, MICROCRYSTALLINE WAX / CERA MICROCRISTALLINA / CIRE MICROCRISTALLINE, POLYGLYCERYL-2 TRIISOSTEARATE, FRAGRANCE / PARFUM, SILICA DIMETHYL SILYLATE, PUNICA GRANATUM SEED OIL, TITANIUM DIOXIDE (CI 77891), IRON OXIDES (CI 77491), RED 7 LAKE (CI 15850), IRON OXIDES (CI 77492), WATER / AQUA / EAU, BLUE 1 LAKE (CI 42090), IRON OXIDES (CI 77499), TOCOPHEROL, SQUALANE, TRIETHOXYCAPRYLYLSILANE, CERAMIDE NP, GLYCINE MAX (SOYBEAN) POLYPEPTIDE, 1,2-HEXANEDIOL, PROPYLENE GLYCOL, BUTYLENE GLYCOL, POLYGLUTAMIC ACID, SODIUM HYALURONATE, ETHYLHEXYLGLYCERIN, CITRONELLOL, GERANIOL, GERANYL ACETATE, BENZYL BENZOATE, CITRUS AURANTIUM PEEL OIL, LIMONENE --- SAMPLES NOT FOR SALE --- Bouncy & Firm Serum WATER / AQUA / EAU, PROPANEDIOL, GLYCERIN, METHYLPROPANEDIOL, ISONONYL ISONONANOATE, NIACINAMIDE, 1,2-HEXANEDIOL, POLYGLYCERIN-3, CAPRYLIC/CAPRIC TRIGLYCERIDE, TRIETHYLHEXANOIN, BUTYLENE GLYCOL, TRIOLEIN, ACRYLATES/C10-30 ALKYL ACRYLATE CROSSPOLYMER, TROMETHAMINE, HYDROGENATED POLY(C6-20 OLEFIN), CARBOMER, ETHYLHEXYLGLYCERIN, PENTYLENE GLYCOL, TOCOPHEROL, ADENOSINE, HDI/TRIMETHYLOL HEXYLLACTONE CROSSPOLYMER, ASCORBYL TETRAISOPALMITATE, SODIUM METAPHOSPHATE, FRAGRANCE / PARFUM, BETA-GLUCAN, PRUNUS ARMENIACA (APRICOT) KERNEL OIL, XANTHAN GUM, LINALOOL, ACHILLEA MILLEFOLIUM EXTRACT, CAMELLIA JAPONICA SEED EXTRACT, GERANIOL, FERULIC ACID, CAPRYLYL GLYCOL, PAEONIA ALBIFLORA ROOT EXTRACT, YELLOW 6 (CI 15985), RED 33 (CI 17200), SOLUBLE COLLAGEN, VEGETABLE OIL / OLUS OIL / HUILE VÉGÉTALE, ACETYL HEPTAPEPTIDE-4, PAEONIA ALBIFLORA FLOWER EXTRACT, ACETYL HEXAPEPTIDE-8, SODIUM HYDROXIDE, ACETYL TETRAPEPTIDE-2, ACETYL OCTAPEPTIDE-3 Bouncy & Firm Sleeping Mask WATER / AQUA / EAU, BUTYLENE GLYCOL, GLYCERIN, DIMETHICONE, 1,2-HEXANEDIOL, SQUALANE, DIISOSTEARYL MALATE, C12-16 ALCOHOLS, AMMONIUM ACRYLOYLDIMETHYLTAURATE/BEHENETH-25 METHACRYLATE CROSSPOLYMER, CETEARYL ALCOHOL, PALMITIC ACID, HYDROGENATED LECITHIN, DIMETHICONE/VINYL DIMETHICONE CROSSPOLYMER, SODIUM POLYACRYLATE STARCH, STEARIC ACID, HYDROXYPROPYL BISPALMITAMIDE MEA, MANNITOL, LACTOBACILLUS FERMENT LYSATE, PROPANEDIOL, AMMONIUM ACRYLOYLDIMETHYLTAURATE/VP COPOLYMER, CETEARYL GLUCOSIDE, XANTHAN GUM, GLYCERYL CAPRYLATE, DISODIUM EDTA, ETHYLHEXYLGLYCERIN, ALLANTOIN, ADENOSINE, FRAGRANCE / PARFUM, ACRYLATES/AMMONIUM METHACRYLATE COPOLYMER, CAPRYLYL GLYCOL, CARBOMER, CHOLESTEROL, LINALOOL, SILICA, MALACHITE EXTRACT, CITRONELLOL, GERANIOL, HYDROXYCITRONELLAL, CARTHAMUS TINCTORIUS (SAFFLOWER) FLOWER EXTRACT, DEXTRIN, BENZYL SALICYLATE, CYANOCOBALAMIN, HYDROLYZED COLLAGEN, SODIUM HYALURONATE, PAEONIA ALBIFLORA ROOT EXTRACT, TOCOPHEROL, HYDROLYZED HYALURONIC ACID, ACETYL TETRAPEPTIDE-2, SODIUM HYALURONATE CROSSPOLYMER, HYALURONIC ACID, PAEONIA ALBIFLORA FLOWER EXTRACT, SODIUM ACETYLATED HYALURONATE",Argan Ceramides Peptide Polyglutamic Acid (PGA),"[""dry"", ""normal"", ""sensitive""]","[""dullness"", ""large_pores"", ""sensitivity""]","[""hydrate"", ""anti_aging""]",serum,"Use alone or after lip color for a pigmented, high-shine finish.",,https://us.laneige.com/cdn/shop/files/GlassyLipMinis_PDPCrops_2000x2000_3_1.jpg?v=1788204220,https://us.laneige.com/products/glassy-lip-minis,,94,true,true,[],[],[],"[""warnings"", ""volume""]","{""care_goals"": [], ""category"": [], ""skin_concerns"": [], ""skin_types"": []}",USD,laneige,,0.3.0,2026-09-15T14:29:18.161604+00:00,
270284400,Lip Glowy Balm - ROSE JAM (MUTED PINK),LANEIGE,serum,22.0,USD,12g,"Un bálsamo labial ligero y rico en humectación con mantecas de karité y semillas de murumuru para unos labios extra suaves, hidratados y besables durante todo el día. Marca n.° 1 de tratamiento de labios en EE. UU.* *Circana, mercado total medido de productos de belleza de prestigio de EE. UU., ventas de marcas de cuidado de la piel, 12 meses que finalizan en diciembre de 2023 1 tratamiento de labios vendido cada 2 segundos* *Basado en las ventas unitarias globales combinadas de 2023 para Lip Sleeping Mask y Lip Glowy Balm",Hydration,"Key Ingredients: Polypeptide: Volumizes. Argan Ceramides: Nourish and support the lip moisture barrier. Polyglutamic Acid (PGA): Retains and attracts moisture Cinnamon Sugar: DIISOSTEARYL MALATE, BIS-BEHENYL/ISOSTEARYL/PHYTOSTERYL DIMER DILINOLEYL DIMER DILINOLEATE, BIS-DIGLYCERYL POLYACYLADIPATE-2, HYDROGENATED POLYISOBUTENE, OCTYLDODECANOL, MICROCRYSTALLINE WAX / CERA MICROCRISTALLINA / CIRE MICROCRISTALLINE, SYNTHETIC WAX, FRAGRANCE / PARFUM, POLYGLYCERYL-2 TRIISOSTEARATE, PUNICA GRANATUM SEED OIL, TITANIUM DIOXIDE (CI 77891), SILICA DIMETHYL SILYLATE, IRON OXIDES (CI 77491), YELLOW 5 LAKE (CI 19140), IRON OXIDES (CI 77499), WATER / AQUA / EAU, TOCOPHEROL, SQUALANE, RED 7 LAKE (CI 15850), CERAMIDE NP, GLYCINE MAX (SOYBEAN) POLYPEPTIDE, 1,2-HEXANEDIOL, PROPYLENE GLYCOL, BUTYLENE GLYCOL, POLYGLUTAMIC ACID, SODIUM HYALURONATE, ETHYLHEXYLGLYCERIN Chocolate Frosting: DIISOSTEARYL MALATE, BIS-BEHENYL/ISOSTEARYL/PHYTOSTERYL DIMER DILINOLEYL DIMER DILINOLEATE, BIS-DIGLYCERYL POLYACYLADIPATE-2, HYDROGENATED POLYISOBUTENE, OCTYLDODECANOL, MICROCRYSTALLINE WAX / CERA MICROCRISTALLINA / CIRE MICROCRISTALLINE, SYNTHETIC WAX, FRAGRANCE / PARFUM, POLYGLYCERYL-2 TRIISOSTEARATE, PUNICA GRANATUM SEED OIL, TITANIUM DIOXIDE (CI 77891), SILICA DIMETHYL SILYLATE, IRON OXIDES (CI 77491), YELLOW 5 LAKE (CI 19140), IRON OXIDES (CI 77499), WATER / AQUA / EAU, TOCOPHEROL, SQUALANE, RED 7 LAKE (CI 15850), CERAMIDE NP, GLYCINE MAX (SOYBEAN) POLYPEPTIDE, 1,2-HEXANEDIOL, PROPYLENE GLYCOL, BUTYLENE GLYCOL, POLYGLUTAMIC ACID, SODIUM HYALURONATE, ETHYLHEXYLGLYCERIN Peach Glaze: DIISOSTEARYL MALATE, BIS-BEHENYL/ISOSTEARYL/PHYTOSTERYL DIMER DILINOLEYL DIMER DILINOLEATE, BIS-DIGLYCERYL POLYACYLADIPATE-2, HYDROGENATED POLYISOBUTENE, OCTYLDODECANOL, MICROCRYSTALLINE WAX / CERA MICROCRISTALLINA / CIRE MICROCRISTALLINE, SYNTHETIC WAX, FRAGRANCE / PARFUM, POLYGLYCERYL-2 TRIISOSTEARATE, PUNICA GRANATUM SEED OIL, TITANIUM DIOXIDE (CI 77891), SILICA DIMETHYL SILYLATE, IRON OXIDES (CI 77491), YELLOW 5 LAKE (CI 19140), IRON OXIDES (CI 77499), WATER / AQUA / EAU, TOCOPHEROL, SQUALANE, RED 7 LAKE (CI 15850), CERAMIDE NP, GLYCINE MAX (SOYBEAN) POLYPEPTIDE, 1,2-HEXANEDIOL, PROPYLENE GLYCOL, BUTYLENE GLYCOL, POLYGLUTAMIC ACID, SODIUM HYALURONATE, ETHYLHEXYLGLYCERIN Sugar Glaze: DIISOSTEARYL MALATE, BIS-BEHENYL/ISOSTEARYL/PHYTOSTERYL DIMER DILINOLEYL DIMER DILINOLEATE, BIS-DIGLYCERYL POLYACYLADIPATE-2, HYDROGENATED POLYISOBUTENE, OCTYLDODECANOL, MICROCRYSTALLINE WAX / CERA MICROCRISTALLINA / CIRE MICROCRISTALLINE, SYNTHETIC WAX, FRAGRANCE / PARFUM, POLYGLYCERYL-2 TRIISOSTEARATE, PUNICA GRANATUM SEED OIL, TITANIUM DIOXIDE (CI 77891), SILICA DIMETHYL SILYLATE, IRON OXIDES (CI 77491), YELLOW 5 LAKE (CI 19140), IRON OXIDES (CI 77499), WATER / AQUA / EAU, TOCOPHEROL, SQUALANE, RED 7 LAKE (CI 15850), CERAMIDE NP, GLYCINE MAX (SOYBEAN) POLYPEPTIDE, 1,2-HEXANEDIOL, PROPYLENE GLYCOL, BUTYLENE GLYCOL, POLYGLUTAMIC ACID, SODIUM HYALURONATE, ETHYLHEXYLGLYCERIN Raspberry Jam: DIISOSTEARYL MALATE, BIS-BEHENYL/ ISOSTEARYL/PHYTOSTERYL DIMER DILINOLEYL DIMER DILINOLEATE, BIS-DIGLYCERYL POLYACYLADIPATE-2, HYDROGENATED POLYISOBUTENE, OCTYLDODECANOL, MICROCRYSTALLINE WAX / CERA MICROCRISTALLINA / CIRE MICROCRISTALLINE, SYNTHETIC WAX, FRAGRANCE / PARFUM, PUNICA GRANATUM SEED OIL, POLYGLYCERYL-2 TRIISOSTEARATE, TITANIUM DIOXIDE (CI 77891), IRON OXIDES (CI 77491), SILICA DIMETHYL SILYLATE, YELLOW 5 LAKE (CI 19140), WATER / AQUA / EAU, IRON OXIDES (CI 77499), TOCOPHEROL, RED 7 (CI 15850), SQUALANE, CERAMIDE NP, GLYCINE MAX (SOYBEAN) POLYPEPTIDE, 1,2-HEXANEDIOL, PROPYLENE GLYCOL, BUTYLENE GLYCOL, POLYGLUTAMIC ACID, SODIUM HYALURONATE, ETHYLHEXYLGLYCERIN Maple Glaze: DIISOSTEARYL MALATE, BIS-BEHENYL/ISOSTEARYL/PHYTOSTERYL DIMER DILINOLEYL DIMER DILINOLEATE, BIS-DIGLYCERYL POLYACYLADIPATE-2, HYDROGENATED POLYISOBUTENE, OCTYLDODECANOL, MICROCRYSTALLINE WAX / CERA MICROCRISTALLINA / CIRE MICROCRISTALLINE, SYNTHETIC WAX, FRAGRANCE / PARFUM, POLYGLYCERYL-2 TRIISOSTEARATE, PUNICA GRANATUM SEED OIL, RED 30 (CI 73360), SILICA DIMETHYL SILYLATE, RED 28 LAKE (CI 45410), YELLOW 6 LAKE (CI 15985), IRON OXIDES (CI 77499), RED 7 LAKE (CI 15850), WATER / AQUA / EAU, TOCOPHEROL, SQUALANE, CERAMIDE NP, GLYCINE MAX (SOYBEAN) POLYPEPTIDE, 1,2-HEXANEDIOL, PROPYLENE GLYCOL, BUTYLENE GLYCOL, POLYGLUTAMIC ACID, SODIUM HYALURONATE, ETHYLHEXYLGLYCERIN Strawberry Sprinkles: DIISOSTEARYL MALATE, BIS-BEHENYL/ISOSTEARYL/PHYTOSTERYL DIMER DILINOLEYL DIMER DILINOLEATE, BIS-DIGLYCERYL POLYACYLADIPATE-2, HYDROGENATED POLYISOBUTENE, OCTYLDODECANOL, MICROCRYSTALLINE WAX / CERA MICROCRISTALLINA / CIRE MICROCRISTALLINE, SYNTHETIC WAX, FRAGRANCE / PARFUM, PUNICA GRANATUM SEED OIL, TITANIUM DIOXIDE (CI 77891), SILICA DIMETHYL SILYLATE, POLYGLYCERYL-2 TRIISOSTEARATE, BENZYL BENZOATE, RED 7 LAKE (CI 15850), WATER / AQUA / EAU, RED 6 (CI 15850), TOCOPHEROL, SQUALANE, CERAMIDE NP, GLYCINE MAX (SOYBEAN) POLYPEPTIDE, 1,2-HEXANEDIOL, PROPYLENE GLYCOL, BUTYLENE GLYCOL, POLYGLUTAMIC ACID, SODIUM HYALURONATE, ETHYLHEXYLGLYCERIN Blueberry Jelly: DIISOSTEARYL MALATE, BIS-BEHENYL/ISOSTEARYL/PHYTOSTERYL DIMER DILINOLEYL DIMER DILINOLEATE, BIS-DIGLYCERYL POLYACYLADIPATE-2, HYDROGENATED POLYISOBUTENE, OCTYLDODECANOL, MICROCRYSTALLINE WAX / CERA MICROCRISTALLINA / CIRE MICROCRISTALLINE, SYNTHETIC WAX, FRAGRANCE / PARFUM, POLYGLYCERYL-2 TRIISOSTEARATE, PUNICA GRANATUM SEED OIL, SILICA DIMETHYL SILYLATE, IRON OXIDES (CI 77491), IRON OXIDES (CI 77499), TITANIUM DIOXIDE (CI 77891), RED 7 LAKE (CI 15850), WATER / AQUA / EAU, RED 6 (CI 15850), TOCOPHEROL, SQUALANE, LINALOOL, CERAMIDE NP, GLYCINE MAX (SOYBEAN) POLYPEPTIDE, 1,2-HEXANEDIOL, PROPYLENE GLYCOL, BUTYLENE GLYCOL, POLYGLUTAMIC ACID, SODIUM HYALURONATE, ETHYLHEXYLGLYCERIN Rose Jam: DIISOSTEARYL MALATE, BIS-BEHENYL/ISOSTEARYL/PHYTOSTERYL DIMER DILINOLEYL DIMER DILINOLEATE, BIS-DIGLYCERYL POLYACYLADIPATE-2, HYDROGENATED POLYISOBUTENE, OCTYLDODECANOL, SYNTHETIC WAX, MICROCRYSTALLINE WAX / CERA MICROCRISTALLINA / CIRE MICROCRISTALLINE, POLYGLYCERYL-2 TRIISOSTEARATE, FRAGRANCE / PARFUM, SILICA DIMETHYL SILYLATE, PUNICA GRANATUM SEED OIL, TITANIUM DIOXIDE (CI 77891), IRON OXIDES (CI 77491), RED 7 LAKE (CI 15850), IRON OXIDES (CI 77492), WATER / AQUA / EAU, BLUE 1 LAKE (CI 42090), IRON OXIDES (CI 77499), TOCOPHEROL, SQUALANE, TRIETHOXYCAPRYLYLSILANE, CERAMIDE NP, GLYCINE MAX (SOYBEAN) POLYPEPTIDE, 1,2-HEXANEDIOL, PROPYLENE GLYCOL, BUTYLENE GLYCOL, POLYGLUTAMIC ACID, SODIUM HYALURONATE, ETHYLHEXYLGLYCERIN, CITRONELLOL, GERANIOL, GERANYL ACETATE, BENZYL BENZOATE, CITRUS AURANTIUM PEEL OIL, LIMONENE Lavender Frosting: DIISOSTEARYL MALATE, BIS-BEHENYL/ISOSTEARYL/PHYTOSTERYL DIMER DILINOLEYL DIMER DILINOLEATE, BIS-DIGLYCERYL POLYACYLADIPATE-2, HYDROGENATED POLYISOBUTENE, OCTYLDODECANOL, SYNTHETIC WAX, MICROCRYSTALLINE WAX / CERA MICROCRISTALLINA / CIRE MICROCRISTALLINE, SILICA DIMETHYL SILYLATE, FRAGRANCE / PARFUM, PUNICA GRANATUM SEED OIL, CALCIUM SODIUM BOROSILICATE, TITANIUM DIOXIDE (CI 77891), POLYGLYCERYL-2 TRIISOSTEARATE, BLUE 1 LAKE (CI 42090), RED 30 (CI 73360), WATER / AQUA / EAU, TOCOPHEROL, SQUALANE, TIN OXIDE, IRON OXIDES (CI 77491), CERAMIDE NP, GLYCINE MAX (SOYBEAN) POLYPEPTIDE, 1,2-HEXANEDIOL, PROPYLENE GLYCOL, BUTYLENE GLYCOL, POLYGLUTAMIC ACID, SODIUM HYALURONATE, ETHYLHEXYLGLYCERIN, BENZYL BENZOATE, LINALOOL, VANILLIN, CITRUS LIMON (LEMON) PEEL OIL, LIMONENE, LINALYL ACETATE, LAVANDULA OIL/EXTRACT, GERANIOL, CITRONELLOL, PINENE, CAMPHOR, EUCALYPTUS GLOBULUS OIL, TERPINEOL Black Plum Glaze: DIISOSTEARYL MALATE, BIS-BEHENYL/ISOSTEARYL/PHYTOSTERYL DIMER DILINOLEYL DIMER DILINOLEATE, BIS-DIGLYCERYL POLYACYLADIPATE-2, HYDROGENATED POLYISOBUTENE, OCTYLDODECANOL, SYNTHETIC WAX, MICROCRYSTALLINE WAX / CERA MICROCRISTALLINA / CIRE MICROCRISTALLINE, CALCIUM SODIUM BOROSILICATE, FRAGRANCE / PARFUM, SILICA DIMETHYL SILYLATE, PUNICA GRANATUM SEED OIL, POLYGLYCERYL-2 TRIISOSTEARATE, IRON OXIDES (CI 77499), TITANIUM DIOXIDE (CI 77891), SILICA, RED 7 LAKE (CI 15850), IRON OXIDES (CI 77492), WATER / AQUA / EAU, TOCOPHEROL, TIN OXIDE, SQUALANE, CERAMIDE NP, GLYCINE MAX (SOYBEAN) POLYPEPTIDE, TRIETHOXYCAPRYLYLSILANE, 1,2-HEXANEDIOL, PROPYLENE GLYCOL, BUTYLENE GLYCOL, POLYGLUTAMIC ACID, SODIUM HYALURONATE, ETHYLHEXYLGLYCERIN, GERANYL ACETATE","Polypeptide: Volumizes. Argan Ceramides: Nourish and support the lip moisture barrier. Polyglutamic Acid (PGA): Retains and attracts moisture Cinnamon Sugar: DIISOSTEARYL MALATE, BIS-BEHENYL/ISOSTEARYL/PHYTOSTERYL DIMER DILINOLEYL DIMER DILINOLEATE, BIS-DIGLYCERYL POLYACYLADIPATE-2, HYDROGENATED POLYISOBUTENE, OCTYLDODECANOL, MICROCRYSTALLINE WAX / CERA MICROCRISTALLINA / CIRE MICROCRISTALLINE, SYNTHETIC WAX, FRAGRANCE / PARFUM, POLYGLYCERYL-2 TRIISOSTEARATE, PUNICA GRANATUM SEED OIL, TITANIUM DIOXIDE (CI 77891), SILICA DIMETHYL SILYLATE, IRON OXIDES (CI 77491), YELLOW 5 LAKE (CI 19140), IRON OXIDES (CI 77499), WATER / AQUA / EAU, TOCOPHEROL, SQUALANE, RED 7 LAKE (CI 15850), CERAMIDE NP, GLYCINE MAX (SOYBEAN) POLYPEPTIDE, 1,2-HEXANEDIOL, PROPYLENE GLYCOL, BUTYLENE GLYCOL, POLYGLUTAMIC ACID, SODIUM HYALURONATE, ETHYLHEXYLGLYCERIN Chocolate Frosting: DIISOSTEARYL MALATE, BIS-BEHENYL/ISOSTEARYL/PHYTOSTERYL DIMER DILINOLEYL DIMER DILINOLEATE, BIS-DIGLYCERYL POLYACYLADIPATE-2, HYDROGENATED POLYISOBUTENE, OCTYLDODECANOL, MICROCRYSTALLINE WAX / CERA MICROCRISTALLINA / CIRE MICROCRISTALLINE, SYNTHETIC WAX, FRAGRANCE / PARFUM, POLYGLYCERYL-2 TRIISOSTEARATE, PUNICA GRANATUM SEED OIL, TITANIUM DIOXIDE (CI 77891), SILICA DIMETHYL SILYLATE, IRON OXIDES (CI 77491), YELLOW 5 LAKE (CI 19140), IRON OXIDES (CI 77499), WATER / AQUA / EAU, TOCOPHEROL, SQUALANE, RED 7 LAKE (CI 15850), CERAMIDE NP, GLYCINE MAX (SOYBEAN) POLYPEPTIDE, 1,2-HEXANEDIOL, PROPYLENE GLYCOL, BUTYLENE GLYCOL, POLYGLUTAMIC ACID, SODIUM HYALURONATE, ETHYLHEXYLGLYCERIN Peach Glaze: DIISOSTEARYL MALATE, BIS-BEHENYL/ISOSTEARYL/PHYTOSTERYL DIMER DILINOLEYL DIMER DILINOLEATE, BIS-DIGLYCERYL POLYACYLADIPATE-2, HYDROGENATED POLYISOBUTENE, OCTYLDODECANOL, MICROCRYSTALLINE WAX / CERA MICROCRISTALLINA / CIRE MICROCRISTALLINE, SYNTHETIC WAX, FRAGRANCE / PARFUM, POLYGLYCERYL-2 TRIISOSTEARATE, PUNICA GRANATUM SEED OIL, TITANIUM DIOXIDE (CI 77891), SILICA DIMETHYL SILYLATE, IRON OXIDES (CI 77491), YELLOW 5 LAKE (CI 19140), IRON OXIDES (CI 77499), WATER / AQUA / EAU, TOCOPHEROL, SQUALANE, RED 7 LAKE (CI 15850), CERAMIDE NP, GLYCINE MAX (SOYBEAN) POLYPEPTIDE, 1,2-HEXANEDIOL, PROPYLENE GLYCOL, BUTYLENE GLYCOL, POLYGLUTAMIC ACID, SODIUM HYALURONATE, ETHYLHEXYLGLYCERIN Sugar Glaze: DIISOSTEARYL MALATE, BIS-BEHENYL/ISOSTEARYL/PHYTOSTERYL DIMER DILINOLEYL DIMER DILINOLEATE, BIS-DIGLYCERYL POLYACYLADIPATE-2, HYDROGENATED POLYISOBUTENE, OCTYLDODECANOL, MICROCRYSTALLINE WAX / CERA MICROCRISTALLINA / CIRE MICROCRISTALLINE, SYNTHETIC WAX, FRAGRANCE / PARFUM, POLYGLYCERYL-2 TRIISOSTEARATE, PUNICA GRANATUM SEED OIL, TITANIUM DIOXIDE (CI 77891), SILICA DIMETHYL SILYLATE, IRON OXIDES (CI 77491), YELLOW 5 LAKE (CI 19140), IRON OXIDES (CI 77499), WATER / AQUA / EAU, TOCOPHEROL, SQUALANE, RED 7 LAKE (CI 15850), CERAMIDE NP, GLYCINE MAX (SOYBEAN) POLYPEPTIDE, 1,2-HEXANEDIOL, PROPYLENE GLYCOL, BUTYLENE GLYCOL, POLYGLUTAMIC ACID, SODIUM HYALURONATE, ETHYLHEXYLGLYCERIN Raspberry Jam: DIISOSTEARYL MALATE, BIS-BEHENYL/ ISOSTEARYL/PHYTOSTERYL DIMER DILINOLEYL DIMER DILINOLEATE, BIS-DIGLYCERYL POLYACYLADIPATE-2, HYDROGENATED POLYISOBUTENE, OCTYLDODECANOL, MICROCRYSTALLINE WAX / CERA MICROCRISTALLINA / CIRE MICROCRISTALLINE, SYNTHETIC WAX, FRAGRANCE / PARFUM, PUNICA GRANATUM SEED OIL, POLYGLYCERYL-2 TRIISOSTEARATE, TITANIUM DIOXIDE (CI 77891), IRON OXIDES (CI 77491), SILICA DIMETHYL SILYLATE, YELLOW 5 LAKE (CI 19140), WATER / AQUA / EAU, IRON OXIDES (CI 77499), TOCOPHEROL, RED 7 (CI 15850), SQUALANE, CERAMIDE NP, GLYCINE MAX (SOYBEAN) POLYPEPTIDE, 1,2-HEXANEDIOL, PROPYLENE GLYCOL, BUTYLENE GLYCOL, POLYGLUTAMIC ACID, SODIUM HYALURONATE, ETHYLHEXYLGLYCERIN Maple Glaze: DIISOSTEARYL MALATE, BIS-BEHENYL/ISOSTEARYL/PHYTOSTERYL DIMER DILINOLEYL DIMER DILINOLEATE, BIS-DIGLYCERYL POLYACYLADIPATE-2, HYDROGENATED POLYISOBUTENE, OCTYLDODECANOL, MICROCRYSTALLINE WAX / CERA MICROCRISTALLINA / CIRE MICROCRISTALLINE, SYNTHETIC WAX, FRAGRANCE / PARFUM, POLYGLYCERYL-2 TRIISOSTEARATE, PUNICA GRANATUM SEED OIL, RED 30 (CI 73360), SILICA DIMETHYL SILYLATE, RED 28 LAKE (CI 45410), YELLOW 6 LAKE (CI 15985), IRON OXIDES (CI 77499), RED 7 LAKE (CI 15850), WATER / AQUA / EAU, TOCOPHEROL, SQUALANE, CERAMIDE NP, GLYCINE MAX (SOYBEAN) POLYPEPTIDE, 1,2-HEXANEDIOL, PROPYLENE GLYCOL, BUTYLENE GLYCOL, POLYGLUTAMIC ACID, SODIUM HYALURONATE, ETHYLHEXYLGLYCERIN Strawberry Sprinkles: DIISOSTEARYL MALATE, BIS-BEHENYL/ISOSTEARYL/PHYTOSTERYL DIMER DILINOLEYL DIMER DILINOLEATE, BIS-DIGLYCERYL POLYACYLADIPATE-2, HYDROGENATED POLYISOBUTENE, OCTYLDODECANOL, MICROCRYSTALLINE WAX / CERA MICROCRISTALLINA / CIRE MICROCRISTALLINE, SYNTHETIC WAX, FRAGRANCE / PARFUM, PUNICA GRANATUM SEED OIL, TITANIUM DIOXIDE (CI 77891), SILICA DIMETHYL SILYLATE, POLYGLYCERYL-2 TRIISOSTEARATE, BENZYL BENZOATE, RED 7 LAKE (CI 15850), WATER / AQUA / EAU, RED 6 (CI 15850), TOCOPHEROL, SQUALANE, CERAMIDE NP, GLYCINE MAX (SOYBEAN) POLYPEPTIDE, 1,2-HEXANEDIOL, PROPYLENE GLYCOL, BUTYLENE GLYCOL, POLYGLUTAMIC ACID, SODIUM HYALURONATE, ETHYLHEXYLGLYCERIN Blueberry Jelly: DIISOSTEARYL MALATE, BIS-BEHENYL/ISOSTEARYL/PHYTOSTERYL DIMER DILINOLEYL DIMER DILINOLEATE, BIS-DIGLYCERYL POLYACYLADIPATE-2, HYDROGENATED POLYISOBUTENE, OCTYLDODECANOL, MICROCRYSTALLINE WAX / CERA MICROCRISTALLINA / CIRE MICROCRISTALLINE, SYNTHETIC WAX, FRAGRANCE / PARFUM, POLYGLYCERYL-2 TRIISOSTEARATE, PUNICA GRANATUM SEED OIL, SILICA DIMETHYL SILYLATE, IRON OXIDES (CI 77491), IRON OXIDES (CI 77499), TITANIUM DIOXIDE (CI 77891), RED 7 LAKE (CI 15850), WATER / AQUA / EAU, RED 6 (CI 15850), TOCOPHEROL, SQUALANE, LINALOOL, CERAMIDE NP, GLYCINE MAX (SOYBEAN) POLYPEPTIDE, 1,2-HEXANEDIOL, PROPYLENE GLYCOL, BUTYLENE GLYCOL, POLYGLUTAMIC ACID, SODIUM HYALURONATE, ETHYLHEXYLGLYCERIN Rose Jam: DIISOSTEARYL MALATE, BIS-BEHENYL/ISOSTEARYL/PHYTOSTERYL DIMER DILINOLEYL DIMER DILINOLEATE, BIS-DIGLYCERYL POLYACYLADIPATE-2, HYDROGENATED POLYISOBUTENE, OCTYLDODECANOL, SYNTHETIC WAX, MICROCRYSTALLINE WAX / CERA MICROCRISTALLINA / CIRE MICROCRISTALLINE, POLYGLYCERYL-2 TRIISOSTEARATE, FRAGRANCE / PARFUM, SILICA DIMETHYL SILYLATE, PUNICA GRANATUM SEED OIL, TITANIUM DIOXIDE (CI 77891), IRON OXIDES (CI 77491), RED 7 LAKE (CI 15850), IRON OXIDES (CI 77492), WATER / AQUA / EAU, BLUE 1 LAKE (CI 42090), IRON OXIDES (CI 77499), TOCOPHEROL, SQUALANE, TRIETHOXYCAPRYLYLSILANE, CERAMIDE NP, GLYCINE MAX (SOYBEAN) POLYPEPTIDE, 1,2-HEXANEDIOL, PROPYLENE GLYCOL, BUTYLENE GLYCOL, POLYGLUTAMIC ACID, SODIUM HYALURONATE, ETHYLHEXYLGLYCERIN, CITRONELLOL, GERANIOL, GERANYL ACETATE, BENZYL BENZOATE, CITRUS AURANTIUM PEEL OIL, LIMONENE Lavender Frosting: DIISOSTEARYL MALATE, BIS-BEHENYL/ISOSTEARYL/PHYTOSTERYL DIMER DILINOLEYL DIMER DILINOLEATE, BIS-DIGLYCERYL POLYACYLADIPATE-2, HYDROGENATED POLYISOBUTENE, OCTYLDODECANOL, SYNTHETIC WAX, MICROCRYSTALLINE WAX / CERA MICROCRISTALLINA / CIRE MICROCRISTALLINE, SILICA DIMETHYL SILYLATE, FRAGRANCE / PARFUM, PUNICA GRANATUM SEED OIL, CALCIUM SODIUM BOROSILICATE, TITANIUM DIOXIDE (CI 77891), POLYGLYCERYL-2 TRIISOSTEARATE, BLUE 1 LAKE (CI 42090), RED 30 (CI 73360), WATER / AQUA / EAU, TOCOPHEROL, SQUALANE, TIN OXIDE, IRON OXIDES (CI 77491), CERAMIDE NP, GLYCINE MAX (SOYBEAN) POLYPEPTIDE, 1,2-HEXANEDIOL, PROPYLENE GLYCOL, BUTYLENE GLYCOL, POLYGLUTAMIC ACID, SODIUM HYALURONATE, ETHYLHEXYLGLYCERIN, BENZYL BENZOATE, LINALOOL, VANILLIN, CITRUS LIMON (LEMON) PEEL OIL, LIMONENE, LINALYL ACETATE, LAVANDULA OIL/EXTRACT, GERANIOL, CITRONELLOL, PINENE, CAMPHOR, EUCALYPTUS GLOBULUS OIL, TERPINEOL Black Plum Glaze: DIISOSTEARYL MALATE, BIS-BEHENYL/ISOSTEARYL/PHYTOSTERYL DIMER DILINOLEYL DIMER DILINOLEATE, BIS-DIGLYCERYL POLYACYLADIPATE-2, HYDROGENATED POLYISOBUTENE, OCTYLDODECANOL, SYNTHETIC WAX, MICROCRYSTALLINE WAX / CERA MICROCRISTALLINA / CIRE MICROCRISTALLINE, CALCIUM SODIUM BOROSILICATE, FRAGRANCE / PARFUM, SILICA DIMETHYL SILYLATE, PUNICA GRANATUM SEED OIL, POLYGLYCERYL-2 TRIISOSTEARATE, IRON OXIDES (CI 77499), TITANIUM DIOXIDE (CI 77891), SILICA, RED 7 LAKE (CI 15850), IRON OXIDES (CI 77492), WATER / AQUA / EAU, TOCOPHEROL, TIN OXIDE, SQUALANE, CERAMIDE NP, GLYCINE MAX (SOYBEAN) POLYPEPTIDE, TRIETHOXYCAPRYLYLSILANE, 1,2-HEXANEDIOL, PROPYLENE GLYCOL, BUTYLENE GLYCOL, POLYGLUTAMIC ACID, SODIUM HYALURONATE, ETHYLHEXYLGLYCERIN, GERANYL ACETATE","[""normal"", ""dry"", ""oily"", ""combination"", ""sensitive""]","[""dullness"", ""large_pores"", ""sensitivity""]","[""hydrate"", ""brighten"", ""anti_aging""]",balm,"Use alone or after lip color for a pigmented, high-shine finish.",,http://us.laneige.com/cdn/shop/files/GC_Cool_Infographic_2000x2000_Product_Rose_2.jpg?v=1774278599,https://us.laneige.com/products/glaze-craze-tinted-lip-serum,,96,true,true,[],[],[],"[""warnings""]","{""care_goals"": [], ""category"": [], ""skin_concerns"": [], ""skin_types"": []}",USD,laneige,,0.3.0,2026-09-15T14:29:28.495985+00:00,
270283471,Protector solar Hydro UV Defense de amplio espectro SPF 50+,LANEIGE,sunscreen,30.0,USD,50ml,"Conoce a tu mejor amigo diario. Ya sea que te consideres un novato en el cuidado de la piel o un nerd en este campo, ¡no hay nada mejor que eso! ¡No hay nada mejor que eso! Este protector solar humectante brinda protección UVA/UVB de amplio espectro e hidratación calmante sin dejar una capa blanca.",AM Dermatológicamente probado Hydration Hipoalergénico AM Dermatológicamente probado Hydration Hipoalergénico,"Active Ingredients: Avobenzone (2.5%), Homosalate (7%), Octisalate (4.5%), Octocrylene (9%) WATER / AQUA / EAU, PROPANEDIOL, BUTYLOCTYL SALICYLATE, GLYCERIN, DIPHENYLSILOXY PHENYL TRIMETHICONE, SILICA, PHENYL TRIMETHICONE, CAPRYLYL METHICONE, BEHENYL ALCOHOL, VP/EICOSENE COPOLYMER, TRIMETHYLSILOXYSILICATE, C14-22 ALCOHOLS, GLYCERYL STEARATE, PEG-100 STEARATE, 1,2-HEXANEDIOL, CETYL ALCOHOL, POTASSIUM CETYL PHOSPHATE, POLYACRYLATE-13, POLYISOBUTENE, C12-20 ALKYL GLUCOSIDE, ETHYLHEXYLGLYCERIN, FRAGRANCE / PARFUM, DISODIUM EDTA, POLYSORBATE 20, SORBITAN ISOSTEARATE, LAVANDULA ANGUSTIFOLIA (LAVENDER) FLOWER WATER, BUTYLENE GLYCOL, ALOE BARBADENSIS LEAF EXTRACT, PENTYLENE GLYCOL, CENTELLA ASIATICA FLOWER/LEAF/STEM EXTRACT, BRASSICA OLERACEA ITALICA (BROCCOLI) EXTRACT, HIBISCUS ABELMOSCHUS EXTRACT, TOCOPHEROL, MAGNESIUM SULFATE, CALCIUM CHLORIDE, XANTHAN GUM, CITRIC ACID, SODIUM BENZOATE, POTASSIUM SORBATE, MANGANESE SULFATE, CHENOPODIUM QUINOA SEED EXTRACT, ZINC SULFATE, ASCORBYL GLUCOSIDE Active Ingredients: Avobenzone (2.5%), Homosalate (7%), Octisalate (4.5%), Octocrylene (9%) WATER / AQUA / EAU, PROPANEDIOL, BUTYLOCTYL SALICYLATE, GLYCERIN, DIPHENYLSILOXY PHENYL TRIMETHICONE, SILICA, PHENYL TRIMETHICONE, CAPRYLYL METHICONE, BEHENYL ALCOHOL, VP/EICOSENE COPOLYMER, TRIMETHYLSILOXYSILICATE, C14-22 ALCOHOLS, GLYCERYL STEARATE, PEG-100 STEARATE, 1,2-HEXANEDIOL, CETYL ALCOHOL, POTASSIUM CETYL PHOSPHATE, POLYACRYLATE-13, POLYISOBUTENE, C12-20 ALKYL GLUCOSIDE, ETHYLHEXYLGLYCERIN, FRAGRANCE / PARFUM, DISODIUM EDTA, POLYSORBATE 20, SORBITAN ISOSTEARATE, LAVANDULA ANGUSTIFOLIA (LAVENDER) FLOWER WATER, BUTYLENE GLYCOL, ALOE BARBADENSIS LEAF EXTRACT, PENTYLENE GLYCOL, CENTELLA ASIATICA FLOWER/LEAF/STEM EXTRACT, BRASSICA OLERACEA ITALICA (BROCCOLI) EXTRACT, HIBISCUS ABELMOSCHUS EXTRACT, TOCOPHEROL, MAGNESIUM SULFATE, CALCIUM CHLORIDE, XANTHAN GUM, CITRIC ACID, SODIUM BENZOATE, POTASSIUM SORBATE, MANGANESE SULFATE, CHENOPODIUM QUINOA SEED EXTRACT, ZINC SULFATE, ASCORBYL GLUCOSIDE",,"[""normal"", ""dry"", ""oily"", ""combination"", ""sensitive""]","[""dullness"", ""large_pores"", ""sensitivity""]","[""hydrate"", ""soothe"", ""sun_protection"", ""anti_aging""]",,Smooth an even layer onto your face in the morning and before sun exposure. Reapply every two hours for appropriate protection.,,https://us.laneige.com/cdn/shop/files/Product_01-HUV-1000x1000.jpg?v=1720721622,https://us.laneige.com/products/hydro-uv-defense-sunscreen-broad-spectrum-spf-50,,84,true,true,[],[],[],"[""key_ingredients"", ""warnings"", ""texture""]","{""care_goals"": [], ""category"": [], ""skin_concerns"": [], ""skin_types"": []}",USD,laneige,,0.3.0,2026-09-15T14:29:39.966779+00:00,
270284268,Lip Glowy Balm - Baya (tono rosa),LANEIGE,lip_care,23.0,USD,4.5g,"Un bálsamo labial ligero y rico en humectación con mantecas de karité y semillas de murumuru para unos labios extra suaves, hidratados y besables durante todo el día. Marca n.° 1 de tratamiento de labios en EE. UU.* *Circana, mercado total medido de productos de belleza de prestigio de EE. UU., ventas de marcas de cuidado de la piel, 12 meses que finalizan en diciembre de 2023 1 tratamiento de labios vendido cada 2 segundos* *Basado en las ventas unitarias globales combinadas de 2023 para Lip Sleeping Mask y Lip Glowy Balm","JUICEPOP BOX LIP TINT: Lasting hydration and color¹ +32% increased hydration immediately after use¹ Immediately After Use 100% Lips looked healthier, hydrated, & feel smoother³ 96% Formula glides smoothly and feels hydrating³ After 1 week 96% Lips feel soothed & protected from dryness² 96% Lips look healthier² Applicator Specific 93% Agree applicator fits curves of lips for more comfortable application3 93% Agree applicator helps apply product precisely³ ¹Instrumental results, 32 women, after a single use ³Self-assessment from clinical, 32 women, after single use ²Self-assessment from clinical, 32 women, after one week","JUICEPOP BOX LIP TINT: Water-Oil Remix Technology™: Hydrating oil wrapped in water-based tint delivers color & moisture. Ceramide: Nourishes and helps seal in moisture Peptide: Helps firm & visually improve elasticity LO-FI MAUVE: DIISOSTEARYL MALATE, HYDROGENATED POLY(C6-14 OLEFIN), HYDROGENATED POLYISOBUTENE, PHYTOSTERYL/ISOSTEARYL/CETYL/STEARYL/BEHENYL DIMER DILINOLEATE, POLYBUTENE, WATER / AQUA / EAU, GLYCERIN, ETHYLENE/PROPYLENE/STYRENE COPOLYMER, FRAGRANCE / PARFUM, SUCROSE LAURATE, TITANIUM DIOXIDE (CI 77891), CAPRYLYL GLYCOL, BUTYLENE GLYCOL, ETHYLHEXYLGLYCERIN, GLYCERYL CAPRYLATE, POLYACRYLATE CROSSPOLYMER-6, BUTYLENE/ETHYLENE/STYRENE COPOLYMER, YELLOW 6 (CI 15985), RED 33 (CI 17200), GREEN 5 (CI 61570), ALUMINUM HYDROXIDE, PHYTIC ACID, PENTAERYTHRITYL TETRA-DI-T-BUTYL HYDROXYHYDROCINNAMATE, GLYCINE MAX (SOYBEAN) POLYPEPTIDE, TOCOPHEROL, SODIUM HYDROXIDE, ASCORBIC ACID, CERAMIDE NP, PROPANEDIOL, PUNICA GRANATUM FRUIT JUICE, RUBUS IDAEUS (RASPBERRY) JUICE, VITIS VINIFERA (GRAPE) JUICE ELECTRO BERRY: DIISOSTEARYL MALATE, HYDROGENATED POLY(C6-14 OLEFIN), HYDROGENATED POLYISOBUTENE, PHYTOSTERYL/ISOSTEARYL/CETYL/STEARYL/BEHENYL DIMER DILINOLEATE, POLYBUTENE, WATER / AQUA / EAU, GLYCERIN, ETHYLENE/PROPYLENE/STYRENE COPOLYMER, FRAGRANCE / PARFUM, SUCROSE LAURATE, CAPRYLYL GLYCOL, ETHYLHEXYLGLYCERIN, GLYCERYL CAPRYLATE, POLYACRYLATE CROSSPOLYMER-6, BUTYLENE/ETHYLENE/STYRENE COPOLYMER, RED 33 (CI 17200), YELLOW 6 (CI 15985), RED 28 (CI 45410), PENTAERYTHRITYL TETRA-DI-T-BUTYL HYDROXYHYDROCINNAMATE, GLYCINE MAX (SOYBEAN) POLYPEPTIDE, TOCOPHEROL, GREEN 5 (CI 61570), ASCORBIC ACID, CERAMIDE NP, PROPANEDIOL, PUNICA GRANATUM FRUIT JUICE, RUBUS IDAEUS (RASPBERRY) JUICE, VITIS VINIFERA (GRAPE) JUICE POP-STAR PEACH: DIISOSTEARYL MALATE, HYDROGENATED POLY(C6-14 OLEFIN), HYDROGENATED POLYISOBUTENE, PHYTOSTERYL/ISOSTEARYL/CETYL/STEARYL/BEHENYL DIMER DILINOLEATE, POLYBUTENE, WATER / AQUA / EAU, GLYCERIN, ETHYLENE/PROPYLENE/STYRENE COPOLYMER, TITANIUM DIOXIDE (CI 77891), FRAGRANCE / PARFUM, SUCROSE LAURATE, BUTYLENE GLYCOL, CAPRYLYL GLYCOL, ETHYLHEXYLGLYCERIN, GLYCERYL CAPRYLATE, POLYACRYLATE CROSSPOLYMER-6, BUTYLENE/ETHYLENE/STYRENE COPOLYMER, YELLOW 6 (CI 15985), RED 33 (CI 17200), ALUMINUM HYDROXIDE, GREEN 5 (CI 61570), PHYTIC ACID, PENTAERYTHRITYL TETRA-DI-T-BUTYL HYDROXYHYDROCINNAMATE, GLYCINE MAX (SOYBEAN) POLYPEPTIDE, SODIUM HYDROXIDE, TOCOPHEROL, ASCORBIC ACID, CERAMIDE NP, PROPANEDIOL, PUNICA GRANATUM FRUIT JUICE, RUBUS IDAEUS (RASPBERRY) JUICE, VITIS VINIFERA (GRAPE) JUICE DISCO CORAL: DIISOSTEARYL MALATE, HYDROGENATED POLY(C6-14 OLEFIN), HYDROGENATED POLYISOBUTENE, PHYTOSTERYL/ISOSTEARYL/CETYL/STEARYL/BEHENYL DIMER DILINOLEATE, POLYBUTENE, WATER / AQUA / EAU, GLYCERIN, ETHYLENE/PROPYLENE/STYRENE COPOLYMER, FRAGRANCE / PARFUM, SUCROSE LAURATE, CAPRYLYL GLYCOL, ETHYLHEXYLGLYCERIN, TITANIUM DIOXIDE (CI 77891), GLYCERYL CAPRYLATE, POLYACRYLATE CROSSPOLYMER-6, BUTYLENE GLYCOL, BUTYLENE/ETHYLENE/STYRENE COPOLYMER, YELLOW 6 (CI 15985), RED 33 (CI 17200), RED 28 (CI 45410), PENTAERYTHRITYL TETRA-DI-T-BUTYL HYDROXYHYDROCINNAMATE, GREEN 5 (CI 61570), GLYCINE MAX (SOYBEAN) POLYPEPTIDE, ALUMINUM HYDROXIDE, TOCOPHEROL, PHYTIC ACID, ASCORBIC ACID, CERAMIDE NP, SODIUM HYDROXIDE, PROPANEDIOL, PUNICA GRANATUM FRUIT JUICE, RUBUS IDAEUS (RASPBERRY) JUICE, VITIS VINIFERA (GRAPE) JUICE JAZZY JAM: DIISOSTEARYL MALATE, HYDROGENATED POLY(C6-14 OLEFIN), HYDROGENATED POLYISOBUTENE, PHYTOSTERYL/ISOSTEARYL/CETYL/STEARYL/BEHENYL DIMER DILINOLEATE, POLYBUTENE, WATER / AQUA / EAU, GLYCERIN, ETHYLENE/PROPYLENE/STYRENE COPOLYMER, FRAGRANCE / PARFUM, SUCROSE LAURATE, TITANIUM DIOXIDE (CI 77891), CAPRYLYL GLYCOL, BUTYLENE GLYCOL, ETHYLHEXYLGLYCERIN, GLYCERYL CAPRYLATE, POLYACRYLATE CROSSPOLYMER-6, YELLOW 6 (CI 15985), BUTYLENE/ETHYLENE/STYRENE COPOLYMER, RED 33 (CI 17200), GREEN 5 (CI 61570), ALUMINUM HYDROXIDE, PENTAERYTHRITYL TETRA-DI-T-BUTYL HYDROXYHYDROCINNAMATE, PHYTIC ACID, GLYCINE MAX (SOYBEAN) POLYPEPTIDE, TOCOPHEROL, SODIUM HYDROXIDE, ASCORBIC ACID, CERAMIDE NP, PROPANEDIOL, PUNICA GRANATUM FRUIT JUICE, RUBUS IDAEUS (RASPBERRY) JUICE, VITIS VINIFERA (GRAPE) JUICE MOCHA REMIX: DIISOSTEARYL MALATE, HYDROGENATED POLY(C6-14 OLEFIN), HYDROGENATED POLYISOBUTENE, PHYTOSTERYL/ISOSTEARYL/CETYL/STEARYL/BEHENYL DIMER DILINOLEATE, POLYBUTENE, WATER / AQUA / EAU, GLYCERIN, ETHYLENE/PROPYLENE/STYRENE COPOLYMER, FRAGRANCE / PARFUM, SUCROSE LAURATE, CAPRYLYL GLYCOL, ETHYLHEXYLGLYCERIN, GLYCERYL CAPRYLATE, POLYACRYLATE CROSSPOLYMER-6, GREEN 5 (CI 61570), YELLOW 5 (CI 19140), BUTYLENE/ETHYLENE/STYRENE COPOLYMER, RED 33 (CI 17200), RED 28 (CI 45410), PENTAERYTHRITYL TETRA-DI-T-BUTYL HYDROXYHYDROCINNAMATE, GLYCINE MAX (SOYBEAN) POLYPEPTIDE, TOCOPHEROL, ASCORBIC ACID, CERAMIDE NP, PROPANEDIOL, PUNICA GRANATUM FRUIT JUICE, RUBUS IDAEUS (RASPBERRY) JUICE, VITIS VINIFERA (GRAPE) JUICE DJ PLUM: DIISOSTEARYL MALATE, HYDROGENATED POLY(C6-14 OLEFIN), HYDROGENATED POLYISOBUTENE, PHYTOSTERYL/ISOSTEARYL/CETYL/STEARYL/BEHENYL DIMER DILINOLEATE, POLYBUTENE, WATER / AQUA / EAU, GLYCERIN, ETHYLENE/PROPYLENE/STYRENE COPOLYMER, FRAGRANCE / PARFUM, SUCROSE LAURATE, CAPRYLYL GLYCOL, POLYACRYLATE CROSSPOLYMER-6, ETHYLHEXYLGLYCERIN, GLYCERYL CAPRYLATE, RED 22 (CI 45380), BUTYLENE/ETHYLENE/STYRENE COPOLYMER, GREEN 5 (CI 61570), YELLOW 5 (CI 19140), RED 33 (CI 17200), TITANIUM DIOXIDE (CI 77891), RED 28 (CI 45410), BUTYLENE GLYCOL, PENTAERYTHRITYL TETRA-DI-T-BUTYL HYDROXYHYDROCINNAMATE, GLYCINE MAX (SOYBEAN) POLYPEPTIDE, TOCOPHEROL, ASCORBIC ACID, CERAMIDE NP, ALUMINUM HYDROXIDE, PHYTIC ACID, PROPANEDIOL, SODIUM HYDROXIDE, PUNICA GRANATUM FRUIT JUICE, RUBUS IDAEUS (RASPBERRY) JUICE, VITIS VINIFERA (GRAPE) JUICE RED CLASSIC: DIISOSTEARYL MALATE, HYDROGENATED POLY(C6-14 OLEFIN), HYDROGENATED POLYISOBUTENE, PHYTOSTERYL/ISOSTEARYL/CETYL/STEARYL/BEHENYL DIMER DILINOLEATE, POLYBUTENE, WATER / AQUA / EAU, GLYCERIN, ETHYLENE/PROPYLENE/STYRENE COPOLYMER, FRAGRANCE / PARFUM, SUCROSE LAURATE, CAPRYLYL GLYCOL, POLYACRYLATE CROSSPOLYMER-6, ETHYLHEXYLGLYCERIN, GLYCERYL CAPRYLATE, RED 33 (CI 17200), YELLOW 6 (CI 15985), BUTYLENE/ETHYLENE/STYRENE COPOLYMER, PENTAERYTHRITYL TETRA-DI-T-BUTYL HYDROXYHYDROCINNAMATE, GLYCINE MAX (SOYBEAN) POLYPEPTIDE, TOCOPHEROL, GREEN 5 (CI 61570), ASCORBIC ACID, CERAMIDE NP, PROPANEDIOL, PUNICA GRANATUM FRUIT JUICE, RUBUS IDAEUS (RASPBERRY) JUICE, VITIS VINIFERA (GRAPE) JUICE K-POP PINK: DIISOSTEARYL MALATE, HYDROGENATED POLY(C6-14 OLEFIN), HYDROGENATED POLYISOBUTENE, PHYTOSTERYL/ISOSTEARYL/CETYL/STEARYL/BEHENYL DIMER DILINOLEATE, POLYBUTENE, WATER / AQUA / EAU, GLYCERIN, ETHYLENE/PROPYLENE/STYRENE COPOLYMER, FRAGRANCE / PARFUM, SUCROSE LAURATE, CAPRYLYL GLYCOL, ETHYLHEXYLGLYCERIN, TITANIUM DIOXIDE (CI 77891), GLYCERYL CAPRYLATE, POLYACRYLATE CROSSPOLYMER-6, BUTYLENE GLYCOL, BUTYLENE/ETHYLENE/STYRENE COPOLYMER, RED 33 (CI 17200), YELLOW 5 (CI 19140), YELLOW 6 (CI 15985), RED 28 (CI 45410), PENTAERYTHRITYL TETRA-DI-T-BUTYL HYDROXYHYDROCINNAMATE, GLYCINE MAX (SOYBEAN) POLYPEPTIDE, ALUMINUM HYDROXIDE, TOCOPHEROL, PHYTIC ACID, GREEN 5 (CI 61570), ASCORBIC ACID, CERAMIDE NP, SODIUM HYDROXIDE, PROPANEDIOL, PUNICA GRANATUM FRUIT JUICE, RUBUS IDAEUS (RASPBERRY) JUICE, VITIS VINIFERA (GRAPE) JUICE JUICEPOP BOX LIP TINT: Water-Oil Remix Technology™: Hydrating oil wrapped in water-based tint delivers color & moisture. Ceramide: Nourishes and helps seal in moisture Peptide: Helps firm & visually improve elasticity LO-FI MAUVE: DIISOSTEARYL MALATE, HYDROGENATED POLY(C6-14 OLEFIN), HYDROGENATED POLYISOBUTENE, PHYTOSTERYL/ISOSTEARYL/CETYL/STEARYL/BEHENYL DIMER DILINOLEATE, POLYBUTENE, WATER / AQUA / EAU, GLYCERIN, ETHYLENE/PROPYLENE/STYRENE COPOLYMER, FRAGRANCE / PARFUM, SUCROSE LAURATE, TITANIUM DIOXIDE (CI 77891), CAPRYLYL GLYCOL, BUTYLENE GLYCOL, ETHYLHEXYLGLYCERIN, GLYCERYL CAPRYLATE, POLYACRYLATE CROSSPOLYMER-6, BUTYLENE/ETHYLENE/STYRENE COPOLYMER, YELLOW 6 (CI 15985), RED 33 (CI 17200), GREEN 5 (CI 61570), ALUMINUM HYDROXIDE, PHYTIC ACID, PENTAERYTHRITYL TETRA-DI-T-BUTYL HYDROXYHYDROCINNAMATE, GLYCINE MAX (SOYBEAN) POLYPEPTIDE, TOCOPHEROL, SODIUM HYDROXIDE, ASCORBIC ACID, CERAMIDE NP, PROPANEDIOL, PUNICA GRANATUM FRUIT JUICE, RUBUS IDAEUS (RASPBERRY) JUICE, VITIS VINIFERA (GRAPE) JUICE ELECTRO BERRY: DIISOSTEARYL MALATE, HYDROGENATED POLY(C6-14 OLEFIN), HYDROGENATED POLYISOBUTENE, PHYTOSTERYL/ISOSTEARYL/CETYL/STEARYL/BEHENYL DIMER DILINOLEATE, POLYBUTENE, WATER / AQUA / EAU, GLYCERIN, ETHYLENE/PROPYLENE/STYRENE COPOLYMER, FRAGRANCE / PARFUM, SUCROSE LAURATE, CAPRYLYL GLYCOL, ETHYLHEXYLGLYCERIN, GLYCERYL CAPRYLATE, POLYACRYLATE CROSSPOLYMER-6, BUTYLENE/ETHYLENE/STYRENE COPOLYMER, RED 33 (CI 17200), YELLOW 6 (CI 15985), RED 28 (CI 45410), PENTAERYTHRITYL TETRA-DI-T-BUTYL HYDROXYHYDROCINNAMATE, GLYCINE MAX (SOYBEAN) POLYPEPTIDE, TOCOPHEROL, GREEN 5 (CI 61570), ASCORBIC ACID, CERAMIDE NP, PROPANEDIOL, PUNICA GRANATUM FRUIT JUICE, RUBUS IDAEUS (RASPBERRY) JUICE, VITIS VINIFERA (GRAPE) JUICE POP-STAR PEACH: DIISOSTEARYL MALATE, HYDROGENATED POLY(C6-14 OLEFIN), HYDROGENATED POLYISOBUTENE, PHYTOSTERYL/ISOSTEARYL/CETYL/STEARYL/BEHENYL DIMER DILINOLEATE, POLYBUTENE, WATER / AQUA / EAU, GLYCERIN, ETHYLENE/PROPYLENE/STYRENE COPOLYMER, TITANIUM DIOXIDE (CI 77891), FRAGRANCE / PARFUM, SUCROSE LAURATE, BUTYLENE GLYCOL, CAPRYLYL GLYCOL, ETHYLHEXYLGLYCERIN, GLYCERYL CAPRYLATE, POLYACRYLATE CROSSPOLYMER-6, BUTYLENE/ETHYLENE/STYRENE COPOLYMER, YELLOW 6 (CI 15985), RED 33 (CI 17200), ALUMINUM HYDROXIDE, GREEN 5 (CI 61570), PHYTIC ACID, PENTAERYTHRITYL TETRA-DI-T-BUTYL HYDROXYHYDROCINNAMATE, GLYCINE MAX (SOYBEAN) POLYPEPTIDE, SODIUM HYDROXIDE, TOCOPHEROL, ASCORBIC ACID, CERAMIDE NP, PROPANEDIOL, PUNICA GRANATUM FRUIT JUICE, RUBUS IDAEUS (RASPBERRY) JUICE, VITIS VINIFERA (GRAPE) JUICE DISCO CORAL: DIISOSTEARYL MALATE, HYDROGENATED POLY(C6-14 OLEFIN), HYDROGENATED POLYISOBUTENE, PHYTOSTERYL/ISOSTEARYL/CETYL/STEARYL/BEHENYL DIMER DILINOLEATE, POLYBUTENE, WATER / AQUA / EAU, GLYCERIN, ETHYLENE/PROPYLENE/STYRENE COPOLYMER, FRAGRANCE / PARFUM, SUCROSE LAURATE, CAPRYLYL GLYCOL, ETHYLHEXYLGLYCERIN, TI",,"[""normal"", ""dry"", ""oily"", ""combination"", ""sensitive""]","[""dullness"", ""large_pores"", ""sensitivity"", ""dryness""]","[""brighten"", ""hydrate"", ""anti_aging"", ""soothe""]",balm,"JuicePop Box Lip Tint (Excluding Matin Kim Mono Tune Set): - Swipe onto lips with the doe-foot applicator. - Wear one layer for a sheer, juicy wash of color, or apply additional layers to build intensity. - Allow each layer to set for a few seconds before adding more for a richer finish.",,http://us.laneige.com/cdn/shop/files/JPBLT_Infographic_2000x2000_Jazzy_Jam_1.jpg?v=1771340235,https://us.laneige.com/products/juicepop-box-lip-tint,,86,true,true,[],[],[],"[""key_ingredients"", ""warnings""]","{""care_goals"": [], ""category"": [], ""skin_concerns"": [], ""skin_types"": []}",USD,laneige,,0.3.0,2026-09-15T14:29:44.779241+00:00,
270284416,Lip Glowy Balm - Acai Mango Smoothie,LANEIGE,lip_care,19.0,USD,10g,"A lightweight, moisture-rich lip balm powered by Korean skincare; enriched with shea butter for nourishing, on-the-go hydration and a glossy finish.The perfect daytime lip treatment alternative to the Korean cult-favorite Lip Sleeping Mask, Lip Glowy Balm is pocket-sized for easy, on-the-go application. These sheer-tinted glossy balms contain shea butter for powerful, moisture-locking hydration. #1 Lip Treatment Brand Four Years in a Row In The US**Source: Circana, LLC, U.S. Prestige Beauty Total Measured Market, Skincare Lip Treatment by Brand, Dollar & Unit Sales, January 2022-December 2025 1 sold every 3 seconds**Based on aggregated global unit sales data in 2025.01.01-2025.12.31",AM Hydration Suavidad AM Hydration Suavidad,"Berry: HYDROGENATED POLYISOBUTENE, PHYTOSTERYL/ISOSTEARYL/CETYL/ STEARYL/BEHENYL DIMER DILINOLEATE, HYDROGENATED POLY(C6-14 OLEFIN), DIISOSTEARYL MALATE, POLYBUTENE, PHYTOSTERYL ISOSTEARYL DIMER DILINOLEATE, MICROCRYSTALLINE WAX /CERA MICROCRISTALLINA / CIRE MICROCRISTALLINE, BUTYROSPERMUM PARKII (SHEA) BUTTER, SUCROSE TETRASTEARATE TRIACETATE, SYNTHETIC WAX, ETHYLENE/ PROPYLENE/STYRENE COPOLYMER, MICA, ASTROCARYUM MURUMURU SEED BUTTER, EUPHORBIA CERIFERA (CANDELILLA) WAX / CANDELILLA CERA HYDROCARBONS / CIRE DECANDELILLA, BUTYLENE/ETHYLENE/ STYRENE COPOLYMER, FRAGRANCE / PARFUM, CANDELILLA WAX ESTERS, DEHYDROACETIC ACID, DIMETHICONE, METHICONE, COPERNICIA CERIFERA (CARNAUBA) WAX / COPERNICIA CERIFERA CERA / CIRE DE CARNAUBA, POLYGLYCERYL-2 TRIISOSTEARATE, RED 7 LAKE (CI 15850), RED 6 (CI 15850), WATER / AQUA / EAU, PROPANEDIOL, BHT, LYCIUMCHINENSE FRUIT EXTRACT, RUBUS IDAEUS (RASPBERRY) FRUIT EXTRACT, VACCINIUM ANGUSTIFOLIUM (BLUEBERRY) FRUIT EXTRACT, COFFEA ARABICA (COFFEE) SEED EXTRACT, SAPINDUS MUKOROSSI FRUIT EXTRACT, VACCINIUM MACROCARPON (CRANBERRY) FRUIT EXTRACT , FRAGARIA CHILOENSIS (STRAWBERRY) FRUIT EXTRACT, RUBUS CHAMAEMORUS SEED EXTRACT, PHENOXYETHANOL Peach: HYDROGENATED POLYISOBUTENE, PHYTOSTERYL/ISOSTEARYL/CETYL/ STEARYL/BEHENYL DIMER DILINOLEATE, HYDROGENATED POLY(C6-14 OLEFIN), DIISOSTEARYL MALATE, POLYBUTENE, PHYTOSTERYL ISOSTEARYL DIMER DILINOLEATE, MICROCRYSTALLINE WAX /CERA MICROCRISTALLINA / CIRE MICROCRISTALLINE, BUTYROSPERMUM PARKII (SHEA) BUTTER, SUCROSE TETRASTEARATE TRIACETATE, SYNTHETIC WAX, ETHYLENE/ PROPYLENE/STYRENE COPOLYMER, MICA, EUPHORBIA CERIFERA (CANDELILLA) WAX / CANDELILLA CERA HYDROCARBONS / CIRE DE CANDELILLA, ASTROCARYUM MURUMURU SEEDBUTTER, BUTYLENE/ ETHYLENE/STYRENE COPOLYMER, CANDELILLA WAX ESTERS, FRAGRANCE / PARFUM, DEHYDROACETIC ACID, DIMETHICONE, POLYGLYCERYL-2 TRIISOSTEARATE, METHICONE, COPERNICIA CERIFERA (CARNAUBA) WAX / COPERNICIA CERIFERA CERA / CIRE DE CARNAUBA, TITANIUM DIOXIDE (CI 77891), YELLOW 6 LAKE (CI 15985), POLYGLYCERYL-2 DIISOSTEARATE, RED 6 (CI 15850), PRUNUS PERSICA (PEACH) KERNEL OIL, BHT Gummy Bear: HYDROGENATED POLYISOBUTENE, PHYTOSTERYL/ISOSTEARYL/CETYL/STEARYL/BEHENYL DIMER DILINOLEATE, HYDROGENATED POLY(C6-14 OLEFIN), DIISOSTEARYL MALATE, POLYBUTENE, PHYTOSTERYL ISOSTEARYL DIMER DILINOLEATE, MICROCRYSTALLINE WAX / CERA MICROCRISTALLINA / CIRE MICROCRISTALLINE, BUTYROSPERMUM PARKII (SHEA) BUTTER, SUCROSE TETRASTEARATE TRIACETATE, ETHYLENE/PROPYLENE/STYRENE COPOLYMER, SYNTHETIC WAX, MICA, EUPHORBIA CERIFERA (CANDELILLA) WAX / CANDELILLA CERA HYDROCARBONS / CIRE DE CANDELILLA, ASTROCARYUM MURUMURU SEED BUTTER, FRAGRANCE / PARFUM, CANDELILLA WAX ESTERS, TITANIUM DIOXIDE (CI 77891), POLYGLYCERYL-2 DIISOSTEARATE, DIMETHICONE, DEHYDROACETIC ACID, BUTYLENE/ETHYLENE/STYRENE COPOLYMER, METHICONE, COPERNICIA CERIFERA (CARNAUBA) WAX / COPERNICIA CERIFERA CERA / CIRE DE CARNAUBA, POLYGLYCERYL-2 TRIISOSTEARATE, RED 7 (CI 15850), PENTAERYTHRITYL TETRA-DI-T-BUTYL HYDROXYHYDROCINNAMATE, BLUE 1 LAKE (CI 42090), POLYHYDROXYSTEARIC ACID, BHT Vanilla : HYDROGENATED POLYISOBUTENE, PHYTOSTERYL/ISOSTEARYL/CETYL/STEARYL/BEHENYL DIMER DILINOLEATE, DIISOSTEARYL MALATE, POLYBUTENE, HYDROGENATED POLY(C6-14 OLEFIN), PHYTOSTERYL ISOSTEARYL DIMER DILINOLEATE, MICROCRYSTALLINE WAX / CERA MICROCRISTALLINA / CIRE MICROCRISTALLINE, BUTYROSPERMUM PARKII (SHEA) BUTTER, SUCROSE TETRASTEARATE TRIACETATE, ETHYLENE/PROPYLENE/STYRENE COPOLYMER, MICA, EUPHORBIA CERIFERA (CANDELILLA) WAX / EUPHORBIA CERIFERA CERA / CIRE DE CANDELILLA, ASTROCARYUM MURUMURU SEED BUTTER, SYNTHETIC WAX, FRAGRANCE / PARFUM, CANDELILLA WAX ESTERS, DEHYDROACETIC ACID, POLYGLYCERYL-2 TRIISOSTEARATE, BUTYLENE/ETHYLENE/STYRENE COPOLYMER, METHICONE, IRON OXIDES (CI 77492), TITANIUM DIOXIDE (CI 77891), COPERNICIA CERIFERA (CARNAUBA) WAX / COPERNICIA CERIFERA CERA / CIRE DE CARNAUBA, YELLOW 5 LAKE (CI 19140), PENTAERYTHRITYL TETRA-DI-T-BUTYL HYDROXYHYDROCINNAMATE, LIMONENE, TOCOPHEROL, TRIETHOXYCAPRYLYLSILANE Sweet Candy: HYDROGENATED POLYISOBUTENE, PHYTOSTERYL/ISOSTEARYL/CETYL/STEARYL/BEHENYL DIMER DILINOLEATE, DIISOSTEARYL MALATE, POLYBUTENE, HYDROGENATED POLY(C6-14 OLEFIN), PHYTOSTERYL ISOSTEARYL DIMER DILINOLEATE, MICROCRYSTALLINE WAX / CERA MICROCRISTALLINA / CIRE MICROCRISTALLINE, BUTYROSPERMUM PARKII (SHEA) BUTTER, SUCROSE TETRASTEARATE TRIACETATE, ETHYLENE/PROPYLENE/STYRENE COPOLYMER, MICA, EUPHORBIA CERIFERA (CANDELILLA) WAX / EUPHORBIA CERIFERA CERA / CIRE DE CANDELILLA, ASTROCARYUM MURUMURU SEED BUTTER, SYNTHETIC WAX, FRAGRANCE / PARFUM, CANDELILLA WAX ESTERS, POLYGLYCERYL-2 TRIISOSTEARATE, DEHYDROACETIC ACID, BUTYLENE/ETHYLENE/STYRENE COPOLYMER, SILICA, METHICONE, TITANIUM DIOXIDE (CI 77891), COPERNICIA CERIFERA (CARNAUBA) WAX / COPERNICIA CERIFERA CERA / CIRE DE CARNAUBA, PENTAERYTHRITYL TETRA-DI-T-BUTYL HYDROXYHYDROCINNAMATE, BLUE 1 (CI 42090), RED 7 LAKE (CI 15850), TOCOPHEROL Mango: HYDROGENATED POLYISOBUTENE, PHYTOSTERYL/ISOSTEARYL/CETYL/STEARYL/BEHENYL DIMER DILINOLEATE, DIISOSTEARYL MALATE, HYDROGENATED POLY(C6-14 OLEFIN), POLYBUTENE, PHYTOSTERYL ISOSTEARYL DIMER DILINOLEATE, MICROCRYSTALLINE WAX / CERA MICROCRISTALLINA / CIRE MICROCRISTALLINE, BUTYROSPERMUM PARKII (SHEA) BUTTER, SUCROSE TETRASTEARATE TRIACETATE, ETHYLENE/PROPYLENE/STYRENE COPOLYMER, MICA, EUPHORBIA CERIFERA (CANDELILLA) WAX / EUPHORBIA CERIFERA CERA / CIRE DE CANDELILLA, ASTROCARYUM MURUMURU SEED BUTTER, SYNTHETIC WAX, FRAGRANCE / PARFUM, CANDELILLA WAX ESTERS, DEHYDROACETIC ACID, BUTYLENE/ETHYLENE/STYRENE COPOLYMER, METHICONE, TITANIUM DIOXIDE (CI 77891), POLYGLYCERYL-2 TRIISOSTEARATE, COPERNICIA CERIFERA (CARNAUBA) WAX / COPERNICIA CERIFERA CERA / CIRE DE CARNAUBA, PENTAERYTHRITYL TETRA-DI-T-BUTYL HYDROXYHYDROCINNAMATE, RED 7 LAKE (CI 15850), TOCOPHEROL Blueberry: HYDROGENATED POLYISOBUTENE, PHYTOSTERYL/ISOSTEARYL/CETYL/STEARYL/BEHENYL DIMER DILINOLEATE, DIISOSTEARYL MALATE, HYDROGENATED POLY(C6-14 OLEFIN), POLYBUTENE, PHYTOSTERYL ISOSTEARYL DIMER DILINOLEATE, MICROCRYSTALLINE WAX / CERA MICROCRISTALLINA / CIRE MICROCRISTALLINE, BUTYROSPERMUM PARKII (SHEA) BUTTER, SUCROSE TETRASTEARATE TRIACETATE, ETHYLENE/PROPYLENE/STYRENE COPOLYMER, MICA, EUPHORBIA CERIFERA (CANDELILLA) WAX / EUPHORBIA CERIFERA CERA / CIRE DE CANDELILLA, ASTROCARYUM MURUMURU SEED BUTTER, SYNTHETIC WAX, FRAGRANCE / PARFUM, CANDELILLA WAX ESTERS, DEHYDROACETIC ACID, TITANIUM DIOXIDE (CI 77891), BUTYLENE/ETHYLENE/STYRENE COPOLYMER, POLYGLYCERYL-2 TRIISOSTEARATE, METHICONE, COPERNICIA CERIFERA (CARNAUBA) WAX / COPERNICIA CERIFERA CERA / CIRE DE CARNAUBA, PENTAERYTHRITYL TETRA-DI-T-BUTYL HYDROXYHYDROCINNAMATE, YELLOW 5 LAKE (CI 19140), TOCOPHEROL Peach Iced Tea: HYDROGENATED POLYISOBUTENE, PHYTOSTERYL/ISOSTEARYL/CETYL/STEARYL/BEHENYL DIMER DILINOLEATE, DIISOSTEARYL MALATE, HYDROGENATED POLY (C6-14 OLEFIN), POLYBUTENE, PHYTOSTERYL ISOSTEARYL DIMER DILINOLEATE, MICROCRYSTALLINE WAX / CERA MICROCRISTALLINA / CIRE MICROCRISTALLINE, BUTYROSPERMUM PARKII (SHEA) BUTTER, SUCROSE TETRASTEARATE TRIACETATE, ETHYLENE/PROPYLENE/STYRENE COPOLYMER, MAGNESIUM POTASSIUM FLUOROSILICATE, EUPHORBIA CERIFERA (CANDELILLA) WAX / EUPHORBIA CERIFERA CERA / CIRE DE CANDELILLA, ASTROCARYUM MURUMURU SEED BUTTER, SYNTHETIC WAX, FRAGRANCE / PARFUM, CANDELILLA WAX ESTERS, DEHYDROACETIC ACID, POLYGLYCERYL-2 TRIISOSTEARATE, BUTYLENE/ETHYLENE/STYRENE COPOLYMER, TITANIUM DIOXIDE (CI 77891), YELLOW 6 LAKE (CI 15985), DIMETHICONE, COPERNICIA CERIFERA (CARNAUBA) WAX / COPERNICIA CERIFERA CERA / CIRE DE CARNAUBA, RED 6 (CI 15850), PENTAERYTHRITYL TETRA-DI-T-BUTYL HYDROXYHYDROCINNAMATE, IRON OXIDES (CI 77499), TOCOPHEROL Matcha Bubble Tea: HYDROGENATED POLYISOBUTENE, PHYTOSTERYL/ISOSTEARYL/CETYL/STEARYL/BEHENYL DIMER DILINOLEATE, DIISOSTEARYL MALATE, POLYBUTENE, HYDROGENATED POLY(C6-14 OLEFIN), PHYTOSTERYL ISOSTEARYL DIMER DILINOLEATE, MICROCRYSTALLINE WAX / CERA MICROCRISTALLINA / CIRE MICROCRISTALLINE, BUTYROSPERMUM PARKII (SHEA) BUTTER, SUCROSE TETRASTEARATE TRIACETATE, ETHYLENE/PROPYLENE/ STYRENE COPOLYMER, MAGNESIUM POTASSIUM FLUOROSILICATE, EUPHORBIA CERIFERA (CANDELILLA) WAX / EUPHORBIA CERIFERA CERA / CIRE DE CANDELILLA, ASTROCARYUM MURUMURU SEED BUTTER, FRAGRANCE / PARFUM, SYNTHETIC WAX, CANDELILLA WAX ESTERS, POLYGLYCERYL-2 TRIISOSTEARATE, TITANIUM DIOXIDE (CI 77891), DEHYDROACETIC ACID, BUTYLENE/ETHYLENE/STYRENE COPOLYMER, LINALOOL, IRON OXIDES (CI 77492), DIMETHICONE, COPERNICIA CERIFERA (CARNAUBA) WAX / COPERNICIA CERIFERA CERA / CIRE DE CARNAUBA, BLUE 1 LAKE (CI 42090), GERANIOL, PENTAERYTHRITYL TETRA-DI-TBUTYL HYDROXYHYDROCINNAMATE, TOCOPHEROL, TRIETHOXYCAPRYLYLSILANE Taro Bubble Tea: HYDROGENATED POLYISOBUTENE, PHYTOSTERYL/ISOSTEARYL/CETYL/STEARYL/BEHENYL DIMER DILINOLEATE, DIISOSTEARYL MALATE, POLYBUTENE, HYDROGENATED POLY(C6-14 OLEFIN), PHYTOSTERYL ISOSTEARYL DIMER DILINOLEATE, MICROCRYSTALLINE WAX / CERA MICROCRISTALLINA / CIRE MICROCRISTALLINE, BUTYROSPERMUM PARKII (SHEA) BUTTER, SUCROSE TETRASTEARATE TRIACETATE, ETHYLENE/PROPYLENE/STYRENE COPOLYMER, MAGNESIUM POTASSIUM FLUOROSILICATE, EUPHORBIA CERIFERA (CANDELILLA) WAX / EUPHORBIA CERIFERA CERA / CIRE DE CANDELILLA, ASTROCARYUM MURUMURU SEED BUTTER, SYNTHETIC WAX, FRAGRANCE / PARFUM, TITANIUM DIOXIDE (CI 77891), POLYGLYCERYL- 2 TRIISOSTEARATE, CANDELILLA WAX ESTERS, DEHYDROACETIC ACID, BUTYLENE/ETHYLENE/STYRENE COPOLYMER, DIMETHICONE, COPERNICIA CERIFERA (CARNAUBA) WAX / COPERNICIA CERIFERA CERA / CIRE DE CARNAUBA, LINALOOL, RED 7 (CI 15850), BLUE 1 LAKE (CI 42090), PENTAERYTHRITYL TETRA-DI-T-BUTYL HYDROXYHYDROCINNAMATE, GERANIOL, TOCOPHEROL Grapefruit: HYDROGENATED POLYISOBUTENE, PHYTOSTERYL/ISOSTEARYL/CETYL/STEARYL/BEHENYL DIMER DILINOLEATE, DIISOSTEARYL MALATE, POLYBUTENE, HYDROGENATED POLY(C6-14 OLEFIN), PHYTOSTERYL ISOSTEARYL DIMER DILINOLEATE, MICROCRYSTALLINE WAX / CERA MICROCRISTALLINA / CIRE MICROCRISTALLINE, BUTYROSPERMUM PARKII (SHEA) BUTTER, SUCROSE TETRASTEARATE TRIACETATE, ETHYLENE/PROPYLENE/STYRENE COPOLYMER, MAGNESIUM POTASSIUM FLUOROSILICATE, SYNTHETIC WAX, EUPHORBIA CERIFERA (CANDELILLA) WAX / EUPHORBIA CERI",Murumuru Butter Shea Butter,"[""normal"", ""dry"", ""oily"", ""combination"", ""sensitive""]","[""dullness"", ""large_pores"", ""sensitivity""]","[""hydrate"", ""brighten"", ""anti_aging""]",balm,"- ANYTIME: Apply throughout the day for soft, hydrated lips. - BEFORE LIP COLOR: Prime lips for smoother application. - AFTER LIP COLOR: Add shine and moisture.",,http://us.laneige.com/cdn/shop/files/LGB_AMS_Infographic_2000x2000_Product_2_1.jpg?v=1782826928,https://us.laneige.com/products/lip-glowy-balm,,96,true,true,[],[],[],"[""warnings""]","{""care_goals"": [], ""category"": [], ""skin_concerns"": [], ""skin_types"": []}",USD,laneige,,0.3.0,2026-09-15T14:30:12.719405+00:00,
270284439,Lip Sleeping Mask - Lemon Sorbet,LANEIGE,mask,24.0,USD,20g,"An overnight leave-on lip mask powered by Korean skincare to soften lips while delivering intense moisture and antioxidants while you sleep. With nourishing Berry Fruit Complex, Murumuru Seed, and Shea butter, it delivers intense, lasting moisture and antioxidants for visibly smoother, baby-soft lips in the AM. #1 Lip Treatment Brand Four Years in a Row in the US**Source: Circana, LLC, U.S. Prestige Beauty Total Measured Market, Skincare Lip Treatment by Brand, Dollar & Unit Sales, January 2022-December 2025 1 sold every 2 seconds**Based on aggregated global unit sales data in 2025.01.01-2025.12.31 Cosmopolitan Beauty Readers' Choice Awards - 2025 Hall of Fame, 2x Winner Allure Readers' Choice Award Winner - 2026 *Lip Sleeping Mask Topper is only included in the Acai Mango Smoothie Topper & Bundle*",Hydration PM Suavidad Hydration PM Suavidad,"BERRY: DIISOSTEARYL MALATE, HYDROGENATED POLYISOBUTENE, PHYTO- STERYL/ISOSTEARYL/CETYL/STEARYL/BEHENYL DIMER DILINOLEATE, HYDROGENATED POLY(C6-14 OLEFIN), POLYBUTENE, MICROCRYSTALLINE WAX / CERA MICROCRISTALLINA / CIRE MICROCRI STALLINE, BUTYROSPERMUM PARKII (SHEA) BUTTER, SYNTHETIC WAX, ETHYLENE/PROPYLENE/STYRENE COPOLYMER, SUCROSE TETRASTEARATE TRIACETATE, MICA, EUPHORBIA CERIFERA (CANDELILLA) WAX / CANDELILLA CERA HYDROCARBONS / CIRE DE CANDELILLA, CANDELILLA WAX ESTERS, ASTROCARYUM MURUMURU SEED BUTTER, TITANIUM DIOXIDE (CI 77891), FRAGRANCE / PARFUM, GLYCERYL CAPRYLATE, POLYGLYCERYL-2 DIISOSTEARATE, BUTYLENE/ETHYLENE/STYRENE COPOLYMER, COPERNICIA CERIFERA (CARNAUBA) WAX / COPERNICIA CERIFERA CERA / CIRE DE CARNAUBA, METHICONE, POLYGLYCERYL-2 TRIISOSTEARATE, COCOS NUCIFERA (COCONUT) OIL, YELLOW 6 LAKE (CI 15985), PENTAERYTHRITYL TETRA-DI-T-BUTYL HYDROXYHYDROCINNAMATE, RED 6 (CI 15850), ASCORBIC ACID, WATER / AQUA / EAU, GLYCERIN, PROPANEDIOL, BHT, PUNICA GRANATUM FRUIT JUICE, RUBUS IDAEUS (RASPBERRY) JUICE, VITIS VINIFERA (GRAPE) JUICE VANILLA: DIISOSTEARYL MALATE, HYDROGENATED POLYISOBUTENE, PHYTOSTERYL/ISOSTEARYL/CETYL/STEARYL/BEHENYL DIMER DILINOLEATE, POLYBUTENE, HYDROGENATED POLY(C6-14 OLEFIN), MICROCRYSTALLINE WAX / CERA MICROCRISTALLINA / CIRE MICROCRISTALLINE, BUTYROSPERMUM PARKII (SHEA) BUTTER, SYNTHETIC WAX, ETHYLENE/PROPYLENE/STYRENE COPOLYMER, SUCROSE TETRASTEARATE TRIACETATE, MICA, EUPHORBIA CERIFERA (CANDELILLA) WAX / CANDELILLA CERA HYDROCARBONS / CIRE DE CANDELILLA, CANDELILLA WAX ESTERS, FRAGRANCE / PARFUM, ASTROCARYUM MURUMURU SEED BUTTER, GLYCERYL CAPRYLATE, TITANIUM DIOXIDE (CI 77891), BUTYLENE/ETHYLENE/STYRENE COPOLYMER, POLYGLYCERYL-2 DIISOSTEARATE, COPERNICIA CERIFERA (CARNAUBA) WAX / COPERNICIA CE RIFERA CERA / CIRE DE CARNAUBA, METHICONE, COCOS NUCIFERA (COCONUT) OIL, PENTAE RYTHRITYL TETRA-DI-T-BUTYL HYDROXYHYDROCINNAMATE, POLYGLYCERYL-2 TRIISOSTEARATE, YELLOW 5 LAKE (CI 19140), ASCORBIC ACID, WATER / AQUA / EAU, GLYCERIN, PROPANEDIOL, BHT, PUNICA GRANATUM FRUIT JUICE, RUBUS IDAEUS (RASPBERRY) JUICE, VITIS VINIFERA (GRAPE) JUICE SWEET CANDY: DIISOSTEARYL MALATE, HYDROGENATED POLYISOBUTENE, PHYTO- STERYL/ISOSTEARYL/CETYL/STEARYL/BEHENYL DIMER DILINOLEATE, HYDROGENATED POLY(C6-14 OLEFIN), POLYBUTENE, MICROCRYSTALLINE WAX / CERA MICROCRISTALLINA / CIRE MICROCRISTALLINE, BUTYROSPERMUM PARKII (SHEA) BUTTER, SYNTHETIC WAX, ETHYLENE/PROPYLENE/STYRENE CO POLYMER, SUCROSE TETRASTEARATE TRIACETATE, MICA, EUPHORBIA CERIFERA (CANDELILLA) WAX / CANDELILLA CERA HYDROCARBONS / CIRE DE CANDELILLA, CANDELILLA WAX ESTERS, ASTROC ARYUM MURUMURU SEED BUTTER, FRAGRANCE / PARFUM, GLYCERYL CAPRYLATE, BUTYLENE/ETHYL ENE/STYRENE COPOLYMER, COPERNICIA CERIFERA (CARNAUBA) WAX / COPERNICIA CERIFERA CERA / CIRE DE CARNAUBA, TITANIUM DIOXIDE (CI 77891), METHICONE, POLYGLYCERYL-2 DIISOS TEARATE, POLYGLYCERYL-2 TRIISOSTEARATE, COCOS NUCIFERA (COCONUT) OIL, PENTAERYTHRITYL TETRA-DI-T-BUTYL HYDROXYHYDROCINNAMATE, RED 7 LAKE (CI 15850), ASCORBIC ACID, WATER / AQUA / EAU, GLYCERIN, PROPANEDIOL, BHT, PUNICA GRANATUM FRUIT JUICE, RUBUS IDAEUS (RASPBERRY) JUICE, VITIS VINIFERA (GRAPE) JUICE GUMMY BEAR: DIISOSTEARYL MALATE, HYDROGENATED POLYISOBUTENE, PHYTO- STERYL/ISOSTEARYL/CETYL/STEARYL/BEHENYL DIMER DILINOLEATE, POLYBUTENE, HYDROGENATED POLY(C6-14 OLEFIN), MICROCRYSTALLINE WAX / CERA MICROCRISTALLINA / CIRE MICROCRI STALLINE, BUTYROSPERMUM PARKII (SHEA) BUTTER, SYNTHETIC WAX, ETHYLENE/PROPYLENE/STYRENE COPOLYMER, SUCROSE TETRASTEARATE TRIACETATE, MICA, EUPHORBIA CERIFERA (CANDELILLA) WAX / CANDELILLA CERA HYDROCARBONS / CIRE DE CANDELILLA, CANDELILLA WAX ESTERS, FRAGRANCE / PARFUM, ASTROCARYUM MURUMURU SEED BUTTER, TITANIUM DIO XIDE (CI 77891), POLYGLYCERYL-2 DIISOSTEARATE, GLYCERYL CAPRYLATE, POLYGLYCERYL-2 TRI ISOSTEARATE, BUTYLENE/ETHYLENE/STYRENE COPOLYMER, COPERNICIA CERIFERA (CARNAUBA) WAX / COPERNICIA CERIFERA CERA / CIRE DE CARNAUBA, METHICONE, RED 7 (CI 15850), COCOS NUCIFERA (COCONUT) OIL, PENTAERYTHRITYL TETRA-DI-T-BUTYL HYDROXYHYDROCINNAMATE, BLUE 1 LAKE (CI 42090), ASCORBIC ACID, WATER / AQUA / EAU, GLYCERIN, PROPANEDIOL, BHT, PUNICA GRANATUM FRUIT JUICE, RUBUS IDAEUS (RASPBERRY) JUICE, VITIS VINIFERA (GRAPE) JUICE PEACH ICED TEA: DIISOSTEARYL MALATE, HYDROGENATED POLYISOBUTENE, PHYTOSTERYL/ISOSTEARYL/CETYL/STEARYL/BEHENYL DIMER DILINOLEATE, POLYBUTENE, HYDROGENATED POLY(C6-14 OLEFIN), MICROCRYSTALLINE WAX / CERA MICROCRISTALLINA / CIRE MICROCRISTALLINE, BUTYROSPERMUM PARKII (SHEA) BUTTER, SYNTHETIC WAX, ETHYLENE/PROPYLENE/STYRENE COPOLYMER, SUCROSE TETRASTEARATE TRIACETATE, MICA, EUPHORBIA CERIFERA (CANDELILLA) WAX / EUPHORBIA CERIFERA CERA / CIRE DE CANDELILLA, FRAGRANCE / PARFUM, CANDELILLA WAX ESTERS, ASTROCARYUM MURUMURU SEED BUTTER, GLYCERYL CAPRYLATE, POLYGLYCERYL-2 TRIISOSTEARATE, BUTYLENE/ ETHYLENE/STYRENE COPOLYMER, TITANIUM DIOXIDE (CI 77891), COPERNICIA CERIFERA (CARNAUBA) WAX / COPERNICIA CERIFERA CERA / CIRE DE CARNAUBA, METHICONE, COCOS NUCIFERA (COCONUT) OIL, RED 6 (CI 15850), PENTAERYTHRITYL TETRA-DI-T-BUTYL HYDROXYHYDROCINNAMATE, YELLOW 5 LAKE (CI 19140), ASCORBIC ACID, TOCOPHEROL, LINALOOL, WATER / AQUA / EAU, GLYCERIN, PROPANEDIOL, BHT, PUNICA GRANATUM FRUIT JUICE, RUBUS IDAEUS (RASPBERRY) JUICE, VITIS VINIFERA (GRAPE) JUICE GRAPEFRUIT: DIISOSTEARYL MALATE, HYDROGENATED POLYISOBUTENE, PHYTOSTERYL/ISOSTEARYL/CETYL/STEARYL/BEHENYL DIMER DILINOLEATE, POLYBUTENE, HYDROGENATED POLY(C6-14 OLEFIN), MICROCRYSTALLINE WAX / CERA MICROCRISTALLINA / CIRE MICROCRISTALLINE, BUTYROSPERMUM PARKII (SHEA) BUTTER, SYNTHETIC WAX, ETHYLENE/PROPYLENE/STYRENE COPOLYMER, SUCROSE TETRASTEARATE TRIACETATE, MICA, EUPHORBIA CERIFERA (CANDELILLA) WAX / EUPHORBIA CERIFERA CERA / CIRE DE CANDELILLA, CANDELILLA WAX ESTERS, ASTROCARYUM MURUMURU SEED BUTTER, LIMONENE, GLYCERYL CAPRYLATE, TITANIUM DIOXIDE (CI 77891), POLYGLYCERYL-2 DIISOSTEARATE, BUTYLENE/ETHYLENE/STYRENE COPOLYMER, COPERNICIA CERIFERA (CARNAUBA) WAX / COPERNICIA CERIFERA CERA / CIRE DE CARNAUBA, FRAGRANCE / PARFUM, METHICONE, POLYGLYCERYL-2 TRIISOSTEARATE, YELLOW 6 LAKE (CI 15985), COCOS NUCIFERA (COCONUT) OIL, CITRAL, RED 6 (CI 15850), PENTAERYTHRITYL TETRA-DI-T-BUTYL HYDROXYHYDROCINNAMATE, LINALOOL, ASCORBIC ACID, BENZYL BENZOATE, WATER / AQUA / EAU, GLYCERIN, PROPANEDIOL, BHT, PUNICA GRANATUM FRUIT JUICE, RUBUS IDAEUS (RASPBERRY) JUICE, VITIS VINIFERA (GRAPE) JUICE MATCHA BUBBLE TEA: DIISOSTEARYL MALATE, HYDROGENATED POLYISOBUTENE, PHYTOSTERYL/ISOSTEARYL/CETYL/STEARYL/BEHENYL DIMER DILINOLEATE, POLYBUTENE, HYDROGENATED POLY(C6-14 OLEFIN), MICROCRYSTALLINE WAX / CERA MICROCRISTALLINA / CIRE MICROCRISTALLINE, BUTYROSPERMUM PARKII (SHEA) BUTTER, SYNTHETIC WAX, ETHYLENE/PROPYLENE/ STYRENE COPOLYMER, SUCROSE TETRASTEARATE TRIACETATE, MAGNESIUM POTASSIUM FLUOROSILICATE, FRAGRANCE / PARFUM, EUPHORBIA CERIFERA (CANDELILLA) WAX / EUPHORBIA CERIFERA CERA / CIRE DE CANDELILLA, CANDELILLA WAX ESTERS, ASTROCARYUM MURUMURU SEED BUTTER, POLYGLYCERYL-2 TRIISOSTEARATE, TITANIUM DIOXIDE (CI 77891), GLYCERYL CAPRYLATE, BUTYLENE/ETHYLENE/STYRENE COPOLYMER, COPERNICIA CERIFERA (CARNAUBA) WAX / COPERNICIA CERIFERA CERA / CIRE DE CARNAUBA, LINALOOL, IRON OXIDES (CI 77492), DIMETHICONE, BLUE 1 LAKE (CI 42090), GERANIOL, COCOS NUCIFERA (COCONUT) OIL, PENTAERYTHRITYL TETRA-DI-T-BUTYL HYDROXYHYDROCINNAMATE, ASCORBIC ACID, TOCOPHEROL, TRIETHOXYCAPRYLYLSILANE, WATER / AQUA / EAU, GLYCERIN, PROPANEDIOL, BHT, PUNICA GRANATUM FRUIT JUICE, RUBUS IDAEUS (RASPBERRY) JUICE, VITIS VINIFERA (GRAPE) JUICE TARO BUBBLE TEA: DIISOSTEARYL MALATE, HYDROGENATED POLYISOBUTENE, PHYTOSTERYL/ISOSTEARYL/CETYL/STEARYL/BEHENYL DIMER DILINOLEATE, POLYBUTENE, HYDROGENATED POLY(C6-14 OLEFIN), MICROCRYSTALLINE WAX / CERA MICROCRISTALLINA / CIRE MICROCRISTALLINE, BUTYROSPERMUM PARKII (SHEA) BUTTER, SYNTHETIC WAX, ETHYLENE/PROPYLENE/STYRENE COPOLYMER, SUCROSE TETRASTEARATE TRIACETATE, MAGNESIUM POTASSIUM FLUOROSILICATE, EUPHORBIA CERIFERA (CANDELILLA) WAX / EUPHORBIA CERIFERA CERA / CIRE DE CANDELILLA, CANDELILLA WAX ESTERS, ASTROCARYUM MURUMURU SEED BUTTER, FRAGRANCE / PARFUM, TITANIUM DIOXIDE (CI 77891), POLYGLYCERYL-2 TRIISOSTEARATE, GLYCERYL CAPRYLATE, BUTYLENE/ ETHYLENE/STYRENE COPOLYMER, COPERNICIA CERIFERA (CARNAUBA) WAX / COPERNICIA CERIFERA CERA / CIRE DE CARNAUBA, DIMETHICONE, LINALOOL, COCOS NUCIFERA (COCONUT) OIL, RED 7 (CI 15850), BLUE 1 LAKE (CI 42090), PENTAERYTHRITYL TETRA-DI-T-BUTYL HYDROXYHYDROCINNAMATE, GERANIOL, ASCORBIC ACID, TOCOPHEROL, WATER / AQUA / EAU, GLYCERIN, PROPANEDIOL, BHT, PUNICA GRANATUM FRUIT JUICE, RUBUS IDAEUS (RASPBERRY) JUICE, VITIS VINIFERA (GRAPE) JUICE WATERMELON POP: DIISOSTEARYL MALATE, HYDROGENATED POLYISOBUTENE, PHYTOSTERYL/ISOSTEARYL/CETYL/STEARYL/BEHENYL DIMER DILINOLEATE, POLYBUTENE, HYDROGENATED POLY(C6-14 OLEFIN), MICROCRYSTALLINE WAX / CERA MICROCRISTALLINA / CIRE MICROCRISTALLINE, BUTYROSPERMUM PARKII (SHEA) BUTTER, SYNTHETIC WAX, ETHYLENE/PROPYLENE/STYRENE COPOLYMER, SUCROSE TETRASTEARATE TRIACETATE, MICA, EUPHORBIA CERIFERA (CANDELILLA) WAX / EUPHORBIA CERIFERA CERA / CIRE DE CANDELILLA, CANDELILLA WAX ESTERS, FRAGRANCE / PARFUM, ASTROCARYUM MURUMURU SEED BUTTER, POLYGLYCERYL-2 TRIISOSTEARATE, GLYCERYL CAPRYLATE, BUTYLENE/ETHYLENE/ STYRENE COPOLYMER, COPERNICIA CERIFERA (CARNAUBA) WAX / COPERNICIA CERIFERA CERA / CIRE DE CARNAUBA, METHICONE, RED 6 (CI 15850), RED 7 LAKE (CI 15850), YELLOW 6 LAKE (CI 15985), COCOS NUCIFERA (COCONUT) OIL, PENTAERYTHRITYL TETRA-DI-T-BUTYL HYDROXYHYDROCINNAMATE, ASCORBIC ACID, TOCOPHEROL, WATER / AQUA / EAU, GLYCERIN, PROPANEDIOL, BHT, PUNICA GRANATUM FRUIT JUICE, RUBUS IDAEUS (RASPBERRY) JUICE, VITIS VINIFERA (GRAPE) JUICE STRAWBERRY SHORTCAKE: DIISOSTEARYL MALATE, HYDROGENATED POLYISOBUTENE, PHYTOSTERYL/ISOSTEARYL/CETYL/STEARYL/BEHENYL DIMER DILINOLEATE, POLYBUTENE, HYDROGENATED POLY(C6-14 OLEFIN), MICROCRYSTALLINE WAX / CERA MICROCRISTALLINA / CIRE MICROCRISTALLINE, BUTYROSPERMUM PARKII (SHEA) BUTTER, SYNTHETIC WAX, ETHYLENE/PROPYLENE/STYRENE COPOLYMER, SUCROSE TETRASTEARATE TRIACETATE, MAGNESIUM POTASSIUM FLUOROSILI",Coconut Oil Murumuru Butter Shea Butter Vitamin C,"[""normal"", ""dry"", ""oily"", ""combination"", ""sensitive""]","[""dullness"", ""large_pores"", ""sensitivity""]","[""hydrate"", ""anti_aging""]",,"Lip Sleeping Mask is an intensive lip mask to apply before bedtime. Wipe off any excess in the morning as needed. Optionally, use during the day for long-lasting hydration.",,http://us.laneige.com/cdn/shop/files/Inline_Content_Block.jpg?v=1785509248,https://us.laneige.com/products/lip-sleeping-mask,,94,true,true,[],[],[],"[""warnings"", ""texture""]","{""care_goals"": [], ""category"": [], ""skin_concerns"": [], ""skin_types"": []}",USD,laneige,,0.3.0,2026-09-15T14:30:21.605578+00:00,
270284499,Midnight Minis Hydrating Lip Sleeping Mask Treatment 5 pc. Gift Set,LANEIGE,mask,23.0,USD,,"A limited-edition gift set with five bestselling mini overnight Lip Sleeping Masks that hydrate, soften, and smooth lips. The award-winning Lip Sleeping Mask nourishes and softens for smoother, healthier-looking lips. This set features five minis in iconic scents Berry and Vanilla, and limited-edition faves Lemon Sorbet, Mango, and Watermelon Pop. Plus, skincare samples inside!",Hydration Non-Comedogenic PM Suavidad Hydration Non-Comedogenic PM Suavidad,"Lip Sleeping Mask [Berry]: DIISOSTEARYL MALATE, HYDROGENATED POLYISOBUTENE, PHYTOSTERYL/ISOSTEARYL/CETYL/STEARYL/BEHENYL DIMERDILINOLEATE, HYDROGENATED POLY(C6-14 OLEFIN), POLYBUTENE, MICROCRYSTALLINE WAX / CERA MICROCRISTALLINA / CIRE MICROCRISTALLINE, BUTYROSPERMUM PARKII (SHEA) BUTTER, SYNTHETIC WAX, ETHYLENE/PROPYLENE/STYRENE COPOLYMER, SUCROSE TETRASTEARATE TRIACETATE, MICA, EUPHORBIA CERIFERA (CANDELILLA) WAX / CANDELILLA CERA / CIRE DE CANDELILLA, CANDELILLA WAX ESTERS, ASTROCARYUM MURUMURU SEED BUTTER, TITANIUM DIOXIDE (CI 77891), FRAGRANCE / PARFUM, GLYCERYL CAPRYLATE, POLYGLYCERYL-2 DIISOSTEARATE, BUTYLENE/ETHYLENE/STYRENE COPOLYMER, COPERNICIA CERIFERA (CARNAUBA) WAX / COPERNICIA CERIFERA CERA / CIRE DE CARNAUBA, METHICONE, POLYGLYCERYL-2 TRIISOSTEARATE, COCOS NUCIFERA (COCONUT) OIL, YELLOW 6 LAKE (CI 15985), PENTAERYTHRITYL TETRA-DI-T-BUTYL HYDROXYHYDROCINNAMATE, RED 6 (CI 15850), ASCORBIC ACID, WATER / AQUA / EAU, GLYCERIN, PROPANEDIOL, BHT, PUNICA GRANATUM FRUIT JUICE, RUBUS IDAEUS (RASPBERRY) JUICE, VITIS VINIFERA (GRAPE) JUICE Lip Sleeping Mask [Vanilla]: DIISOSTEARYL MALATE, HYDROGENATED POLYISOBUTENE, PHYTOSTERYL/ISOSTEARYL/CETYL/STEARYL/BEHENYL DIMERDILINOLEATE, POLYBUTENE, HYDROGENATED POLY(C6-14 OLEFIN), MICROCRYSTALLINE WAX / CERA MICROCRISTALLINA / CIRE MICROCRISTALLINE, BUTYROSPERMUM PARKII (SHEA) BUTTER, SYNTHETIC WAX, ETHYLENE/PROPYLENE/STYRENE COPOLYMER, SUCROSE TETRASTEARATE TRIACETATE, MICA, EUPHORBIA CERIFERA (CANDELILLA) WAX / EUPHORBIA CERIFERA CERA / CIRE DE CANDELILLA, CANDELILLA WAX ESTERS, FRAGRANCE / PARFUM, ASTROCARYUM MURUMURU SEED BUTTER, GLYCERYL CAPRYLATE, TITANIUM DIOXIDE (CI 77891), BUTYLENE/ETHYLENE/STYRENE COPOLYMER, POLYGLYCERYL-2 DIISOSTEARATE, COPERNICIA CERIFERA (CARNAUBA) WAX / COPERNICIA CERIFERA CERA / CIRE DE CARNAUBA, METHICONE, COCOS NUCIFERA (COCONUT) OIL, PENTAERYTHRITYL TETRA-DI-T-BUTYL HYDROXYHYDROCINNAMATE, POLYGLYCERYL-2 TRIISOSTEARATE, YELLOW 5 LAKE (CI 19140), ASCORBIC ACID, WATER / AQUA / EAU, GLYCERIN, PROPANEDIOL, BHT, PUNICA GRANATUM FRUIT JUICE, RUBUS IDAEUS (RASPBERRY) JUICE, VITIS VINIFERA (GRAPE) JUICE, VANILLIN Lip Sleeping Mask [Lemon Sorbet]: DIISOSTEARYL MALATE, HYDROGENATED POLYISOBUTENE, PHYTOSTERYL/ISOSTEARYL/CETYL/STEARYL/BEHENYL DIMERDILINOLEATE, POLYBUTENE, HYDROGENATED POLY(C6-14 OLEFIN), MICROCRYSTALLINE WAX / CERA MICROCRISTALLINA / CIRE MICROCRISTALLINE, BUTYROSPERMUM PARKII (SHEA) BUTTER, SYNTHETIC WAX, ETHYLENE/PROPYLENE/STYRENE COPOLYMER, SUCROSE TETRASTEARATE TRIACETATE, MAGNESIUM POTASSIUM FLUOROSILICATE, EUPHORBIA CERIFERA (CANDELILLA) WAX / CANDELILLA CERA / CIRE DE CANDELILLA, FRAGRANCE / PARFUM, CANDELILLA WAX ESTERS, ASTROCARYUM MURUMURU SEED BUTTER, GLYCERYL CAPRYLATE, BUTYLENE/ETHYLENE/STYRENE COPOLYMER, COPERNICIA CERIFERA (CARNAUBA) WAX / COPERNICIA CERIFERA CERA / CIRE DE CARNAUBA, POLYGLYCERYL-2 TRIISOSTEARATE, YELLOW 5 LAKE (CI 19140), DIMETHICONE, COCOS NUCIFERA (COCONUT) OIL, PENTAERYTHRITYL TETRA-DI-T-BUTYL HYDROXYHYDROCINNAMATE, TITANIUM DIOXIDE (CI 77891), ASCORBIC ACID, TOCOPHEROL, WATER / AQUA / EAU, GLYCERIN, ALUMINA, PROPANEDIOL, BHT, PUNICA GRANATUM FRUIT JUICE, RUBUS IDAEUS (RASPBERRY) JUICE, VITIS VINIFERA (GRAPE) JUICE, CITRUS LIMON (LEMON) PEEL OIL, LIMONENE, PINENE, CITRAL, LINALOOL, GERANYL ACETATE, TERPINOLENE, TERPINEOL, ALPHA-TERPINENE, BETA-CARYOPHYLLENE Lip Sleeping Mask [Mango]: DIISOSTEARYL MALATE, HYDROGENATED POLYISOBUTENE, PHYTOSTERYL/ISOSTEARYL/CETYL/STEARYL/BEHENYL DIMERDILINOLEATE, POLYBUTENE, HYDROGENATED POLY(C6-14 OLEFIN), MICROCRYSTALLINE WAX / CERA MICROCRISTALLINA / CIRE MICROCRISTALLINE, BUTYROSPERMUM PARKII (SHEA) BUTTER, SYNTHETIC WAX, ETHYLENE/PROPYLENE/STYRENE COPOLYMER, SUCROSE TETRASTEARATE TRIACETATE, MICA, EUPHORBIA CERIFERA (CANDELILLA) WAX / EUPHORBIA CERIFERA CERA / CIRE DE CANDELILLA, FRAGRANCE / PARFUM, CANDELILLA WAX ESTERS, ASTROCARYUM MURUMURU SEED BUTTER, GLYCERYL CAPRYLATE, POLYGLYCERYL-2 TRIISOSTEARATE, IRON OXIDES (CI 77492), TITANIUM DIOXIDE (CI 77891), BUTYLENE/ETHYLENE/STYRENE COPOLYMER, COPERNICIA CERIFERA (CARNAUBA) WAX / COPERNICIA CERIFERA CERA / CIRE DE CARNAUBA, POLYGLYCERYL-2 DIISOSTEARATE, METHICONE, YELLOW 5 LAKE (CI 19140), COCOS NUCIFERA (COCONUT) OIL, PENTAERYTHRITYL TETRA-DI-T-BUTYL HYDROXYHYDROCINNAMATE, ASCORBIC ACID, TRIETHOXYCAPRYLYLSILANE, WATER / AQUA / EAU, GLYCERIN, PROPANEDIOL, BHT, PUNICA GRANATUM FRUIT JUICE, RUBUS IDAEUS (RASPBERRY) JUICE, VITIS VINIFERA (GRAPE) JUICE, LIMONENE Lip Sleeping Mask [Watermelon Pop]: DIISOSTEARYL MALATE, HYDROGENATED POLYISOBUTENE, PHYTOSTERYL/ISOSTEARYL/CETYL/STEARYL/BEHENYL DIMERDILINOLEATE, POLYBUTENE, HYDROGENATED POLY(C6-14 OLEFIN), MICROCRYSTALLINE WAX / CERA MICROCRISTALLINA / CIRE MICROCRISTALLINE, BUTYROSPERMUM PARKII (SHEA) BUTTER, SYNTHETIC WAX, ETHYLENE/PROPYLENE/STYRENE COPOLYMER, SUCROSE TETRASTEARATE TRIACETATE, MICA, EUPHORBIA CERIFERA (CANDELILLA) WAX / EUPHORBIA CERIFERA CERA / CIRE DE CANDELILLA, CANDELILLA WAX ESTERS, FRAGRANCE / PARFUM, ASTROCARYUM MURUMURU SEED BUTTER, POLYGLYCERYL-2 TRIISOSTEARATE, GLYCERYL CAPRYLATE, BUTYLENE/ETHYLENE/STYRENE COPOLYMER, COPERNICIA CERIFERA (CARNAUBA) WAX / COPERNICIA CERIFERA CERA / CIRE DE CARNAUBA, METHICONE, RED 6 (CI 15850), RED 7 LAKE (CI 15850), YELLOW 6 LAKE (CI 15985), COCOS NUCIFERA (COCONUT) OIL, PENTAERYTHRITYL TETRA-DI-T-BUTYL HYDROXYHYDROCINNAMATE, ASCORBIC ACID, TOCOPHEROL, WATER / AQUA / EAU, GLYCERIN, PROPANEDIOL, BHT, PUNICA GRANATUM FRUIT JUICE, RUBUS IDAEUS (RASPBERRY) JUICE, VITIS VINIFERA (GRAPE) JUICE --- SAMPLES NOT FOR SALE --- Bouncy & Firm Serum WATER / AQUA / EAU, PROPANEDIOL, GLYCERIN, METHYLPROPANEDIOL, ISONONYL ISONONANOATE, NIACINAMIDE, 1,2-HEXANEDIOL, POLYGLYCERIN-3, CAPRYLIC/CAPRIC TRIGLYCERIDE, TRIETHYLHEXANOIN, BUTYLENE GLYCOL, TRIOLEIN, ACRYLATES/C10-30 ALKYL ACRYLATE CROSSPOLYMER, TROMETHAMINE, HYDROGENATED POLY(C6-20 OLEFIN), CARBOMER, ETHYLHEXYLGLYCERIN, PENTYLENE GLYCOL, TOCOPHEROL, ADENOSINE, HDI/TRIMETHYLOL HEXYLLACTONE CROSSPOLYMER, ASCORBYL TETRAISOPALMITATE, SODIUM METAPHOSPHATE, FRAGRANCE / PARFUM, BETA-GLUCAN, PRUNUS ARMENIACA (APRICOT) KERNEL OIL, XANTHAN GUM, LINALOOL, ACHILLEA MILLEFOLIUM EXTRACT, CAMELLIA JAPONICA SEED EXTRACT, GERANIOL, FERULIC ACID, CAPRYLYL GLYCOL, PAEONIA ALBIFLORA ROOT EXTRACT, YELLOW 6 (CI 15985), RED 33 (CI 17200), SOLUBLE COLLAGEN, VEGETABLE OIL / OLUS OIL / HUILE VÉGÉTALE, ACETYL HEPTAPEPTIDE-4, PAEONIA ALBIFLORA FLOWER EXTRACT, ACETYL HEXAPEPTIDE-8, SODIUM HYDROXIDE, ACETYL TETRAPEPTIDE-2, ACETYL OCTAPEPTIDE-3 Bouncy & Firm Sleeping Mask WATER / AQUA / EAU, BUTYLENE GLYCOL, GLYCERIN, DIMETHICONE, 1,2-HEXANEDIOL, SQUALANE, DIISOSTEARYL MALATE, C12-16 ALCOHOLS, AMMONIUM ACRYLOYLDIMETHYLTAURATE/BEHENETH-25 METHACRYLATE CROSSPOLYMER, CETEARYL ALCOHOL, PALMITIC ACID, HYDROGENATED LECITHIN, DIMETHICONE/VINYL DIMETHICONE CROSSPOLYMER, SODIUM POLYACRYLATE STARCH, STEARIC ACID, HYDROXYPROPYL BISPALMITAMIDE MEA, MANNITOL, LACTOBACILLUS FERMENT LYSATE, PROPANEDIOL, AMMONIUM ACRYLOYLDIMETHYLTAURATE/VP COPOLYMER, CETEARYL GLUCOSIDE, XANTHAN GUM, GLYCERYL CAPRYLATE, DISODIUM EDTA, ETHYLHEXYLGLYCERIN, ALLANTOIN, ADENOSINE, FRAGRANCE / PARFUM, ACRYLATES/AMMONIUM METHACRYLATE COPOLYMER, CAPRYLYL GLYCOL, CARBOMER, CHOLESTEROL, LINALOOL, SILICA, MALACHITE EXTRACT, CITRONELLOL, GERANIOL, HYDROXYCITRONELLAL, CARTHAMUS TINCTORIUS (SAFFLOWER) FLOWER EXTRACT, DEXTRIN, BENZYL SALICYLATE, CYANOCOBALAMIN, HYDROLYZED COLLAGEN, SODIUM HYALURONATE, PAEONIA ALBIFLORA ROOT EXTRACT, TOCOPHEROL, HYDROLYZED HYALURONIC ACID, ACETYL TETRAPEPTIDE-2, SODIUM HYALURONATE CROSSPOLYMER, HYALURONIC ACID, PAEONIA ALBIFLORA FLOWER EXTRACT, SODIUM ACETYLATED HYALURONATE Lip Sleeping Mask [Berry]: DIISOSTEARYL MALATE, HYDROGENATED POLYISOBUTENE, PHYTOSTERYL/ISOSTEARYL/CETYL/STEARYL/BEHENYL DIMERDILINOLEATE, HYDROGENATED POLY(C6-14 OLEFIN), POLYBUTENE, MICROCRYSTALLINE WAX / CERA MICROCRISTALLINA / CIRE MICROCRISTALLINE, BUTYROSPERMUM PARKII (SHEA) BUTTER, SYNTHETIC WAX, ETHYLENE/PROPYLENE/STYRENE COPOLYMER, SUCROSE TETRASTEARATE TRIACETATE, MICA, EUPHORBIA CERIFERA (CANDELILLA) WAX / CANDELILLA CERA / CIRE DE CANDELILLA, CANDELILLA WAX ESTERS, ASTROCARYUM MURUMURU SEED BUTTER, TITANIUM DIOXIDE (CI 77891), FRAGRANCE / PARFUM, GLYCERYL CAPRYLATE, POLYGLYCERYL-2 DIISOSTEARATE, BUTYLENE/ETHYLENE/STYRENE COPOLYMER, COPERNICIA CERIFERA (CARNAUBA) WAX / COPERNICIA CERIFERA CERA / CIRE DE CARNAUBA, METHICONE, POLYGLYCERYL-2 TRIISOSTEARATE, COCOS NUCIFERA (COCONUT) OIL, YELLOW 6 LAKE (CI 15985), PENTAERYTHRITYL TETRA-DI-T-BUTYL HYDROXYHYDROCINNAMATE, RED 6 (CI 15850), ASCORBIC ACID, WATER / AQUA / EAU, GLYCERIN, PROPANEDIOL, BHT, PUNICA GRANATUM FRUIT JUICE, RUBUS IDAEUS (RASPBERRY) JUICE, VITIS VINIFERA (GRAPE) JUICE Lip Sleeping Mask [Vanilla]: DIISOSTEARYL MALATE, HYDROGENATED POLYISOBUTENE, PHYTOSTERYL/ISOSTEARYL/CETYL/STEARYL/BEHENYL DIMERDILINOLEATE, POLYBUTENE, HYDROGENATED POLY(C6-14 OLEFIN), MICROCRYSTALLINE WAX / CERA MICROCRISTALLINA / CIRE MICROCRISTALLINE, BUTYROSPERMUM PARKII (SHEA) BUTTER, SYNTHETIC WAX, ETHYLENE/PROPYLENE/STYRENE COPOLYMER, SUCROSE TETRASTEARATE TRIACETATE, MICA, EUPHORBIA CERIFERA (CANDELILLA) WAX / EUPHORBIA CERIFERA CERA / CIRE DE CANDELILLA, CANDELILLA WAX ESTERS, FRAGRANCE / PARFUM, ASTROCARYUM MURUMURU SEED BUTTER, GLYCERYL CAPRYLATE, TITANIUM DIOXIDE (CI 77891), BUTYLENE/ETHYLENE/STYRENE COPOLYMER, POLYGLYCERYL-2 DIISOSTEARATE, COPERNICIA CERIFERA (CARNAUBA) WAX / COPERNICIA CERIFERA CERA / CIRE DE CARNAUBA, METHICONE, COCOS NUCIFERA (COCONUT) OIL, PENTAERYTHRITYL TETRA-DI-T-BUTYL HYDROXYHYDROCINNAMATE, POLYGLYCERYL-2 TRIISOSTEARATE, YELLOW 5 LAKE (CI 19140), ASCORBIC ACID, WATER / AQUA / EAU, GLYCERIN, PROPANEDIOL, BHT, PUNICA GRANATUM FRUIT JUICE, RUBUS IDAEUS (RASPBERRY) JUICE, VITIS VINIFERA (GRAPE) JUICE, VANILLIN Lip Sleeping Mask [Lemon Sorbet]: DIISOSTEARYL MALATE, HYDROGENATED POLYISOBUTENE, PHYTOSTERYL/ISOSTEARYL/CETYL/STEARYL/BEHENYL DIMERDILINOLEATE, POLYBUTENE, HYDROGENATED POLY(C6-14 OLEFIN), MICROCRYSTALLINE WAX / CERA MICROCRISTALLINA / CIRE MICROCRISTALLINE, BUTY",Coconut Oil Murumuru Butter Shea Butter Vitamin C,"[""combination"", ""oily"", ""normal"", ""dry"", ""sensitive""]","[""dullness"", ""large_pores"", ""sensitivity""]","[""hydrate"", ""anti_aging""]",,PM: Apply generously before bed for intensive overnight moisture. AM: Apply a thin layer to prep lips before the rest of your lip routine.,,https://us.laneige.com/cdn/shop/files/MidnightMinis_PDPCrops_2000x2000_1_1.jpg?v=1786651676,https://us.laneige.com/products/midnight-minis,,92,true,true,[],[],[],"[""warnings"", ""texture"", ""volume""]","{""care_goals"": [], ""category"": [], ""skin_concerns"": [], ""skin_types"": []}",USD,laneige,,0.3.0,2026-09-15T14:30:24.679647+00:00,
270284251,Perfect Renew 3x Cream Advanced,LANEIGE,moisturizer,56.0,USD,1.69floz,"The ultimate anti-aging cream that visibly firms & improves wrinkles. The rich, buttery formula melts into skin to deliver deep, lasting hydration, provide long-lasting glow, & strengthen the skin barrier.",AM & PM Dermatológicamente probado Hydration Visibly Smooth AM & PM Dermatológicamente probado Hydration Visibly Smooth,"WATER / AQUA / EAU, BUTYLENE GLYCOL, GLYCERIN, LIMNANTHES ALBA (MEADOWFOAM) SEED OIL, SQUALANE, PHYTOSTERYL/BEHENYL/OCTYLDODECYL LAUROYL GLUTAMATE, DIMETHICONE, GLYCERYL STEARATE CITRATE, 1,2-HEXANEDIOL, GLYCERYL STEARATE, CETEARYL ALCOHOL, PENTAERYTHRITYL TETRAETHYLHEXANOATE, PHYTOSTERYL/OCTYLDODECYL LAUROYL GLUTAMATE, POLYGLYCERYL-10 STEARATE, COPERNICIA CERIFERA (CARNAUBA) WAX / COPERNICIA CERIFERA CERA / CIRE DE CARNAUBA, PANTHENOL, HYDROXYETHYL ACRYLATE/SODIUM ACRYLOYLDIMETHYL TAURATE COPOLYMER, PROPANEDIOL, VINYL DIMETHICONE/METHICONE SILSESQUIOXANE CROSSPOLYMER, FRAGRANCE / PARFUM, ACRYLATES/C10-30 ALKYL ACRYLATE CROSSPOLYMER, TROMETHAMINE, GLYCERYL CAPRYLATE, ETHYLHEXYLGLYCERIN, SODIUM METAPHOSPHATE, ADENOSINE, SORBITAN ISOSTEARATE, HYDROLYZED VEGETABLE PROTEIN, CAMELLIA JAPONICA SEED EXTRACT, BETA-GLUCAN, DEXTRIN, PHYTOSTEROLS, CERAMIDE NP, GLYCINE SOJA (SOYBEAN) OIL, XANTHAN GUM, CARTHAMUS TINCTORIUS (SAFFLOWER) FLOWER EXTRACT, THEOBROMA CACAO (COCOA) EXTRACT, PENTYLENE GLYCOL, TOCOPHEROL, GLYCINE MAX (SOYBEAN) POLYPEPTIDE, RETINOL, CARBOMER, 3-O-ETHYL ASCORBIC ACID, ACACIA SENEGAL GUM, PROPYLENE GLYCOL ALGINATE",,"[""normal"", ""dry"", ""oily"", ""combination"", ""sensitive""]","[""aging"", ""dullness"", ""large_pores"", ""sensitivity""]","[""hydrate"", ""brighten"", ""anti_aging"", ""repair""]",cream,Apply all over face after serum. Use AM and PM.,,https://us.laneige.com/cdn/shop/files/1x1_Module4_PR3x.jpg?v=1749138869,https://us.laneige.com/products/perfect-renew-3x-cream-advanced,,86,true,true,[],"[""unmapped:skin_concerns""]",[],"[""key_ingredients"", ""warnings""]","{""care_goals"": [], ""category"": [], ""skin_concerns"": [""Infused with potent Peptides & Encapsulated Retinol to visibly firm & smooth skin’s texture""], ""skin_types"": []}",USD,laneige,,0.3.0,2026-09-15T14:30:37.087570+00:00,
270284216,Glowy Makeup Serum - 40mL,LANEIGE,serum,39.0,USD,40ml,A triple threat treatment targeting 3 visible signs of aging. The 3 advanced serums are sealed in a unique triple-chamber packaging that blocks light when not in use so that actives stay potent for longer. Key Ingredients:Retinol Capsules + CeramideCollagen Peptide Complex ™Re.d Flavonoid + Ferulic Acid Packaging may vary.,AM & PM Brighten Dermatológicamente probado Visibly Smooth AM & PM Brighten Dermatológicamente probado Visibly Smooth,"#1. Radiance Serum (Brown) WATER / AQUA / EAU, glycerin, butylene glycol, glyceryl polymethacrylate, dipropylene glycol, 1,2-hexanediol, xylitol, polyacrylate crosspolymer-6, lactobacillus ferment, ammonium acryloyldimethyl taurate/VP copolymer, sodium polyacryloyldimethyl taurate, Habelaria rhodopensis leaf extract, propanediol, tranexamic acid, dextrin, cocoa bean extract, disodium EDTA, ethylhexylglycerin, adenosine, dipotassium glycyrrhizate, bioflavonoids, t-butyl alcohol, ferulic acid, chaga mushroom extract, tocopherol #2. Elasticity Serum (White) WATER / AQUA / EAU, dimethicone, butylene glycol, glycerin, 1,2-hexanediol, polysilicone-11, PEG-10 dimethicone, pentaerythrityl tetraethylhexanoate, dimethicone/vinyl dimethicone crosspolymer, vinyl dimethicone/methicone silsesquioxane crosspolymer, dimethiconol, polysorbate 20, boron nitride, sclerotium gum, ammonium acryloyldimethyl taurate/beheneth-25 methacrylate crosspolymer, ammonium acryloyldimethyl taurate/VP copolymer, sodium polyacryloyldimethyl taurate, glyceryl caprylate, caprylyl glycol, ethylhexylglycerin, disodium EDTA, adenosine, Hydrolyzed collagen, acetyl tetrapeptide-2, tocopherol #3. Wrinkle Serum (Yellow) WATER / AQUA / EAU, butylene glycol, glycerin, diphenyl dimethicone, 1,2-hexanediol, diphenyl siloxy phenyl trimethicone, soybean oil, gellan gum, sunflower seed oil, xanthan gum, fragrance, sodium chloride, carrot extract, silica dimethyl silylate, dipotassium glycyrrhizate, magnesium sulfate, ethylhexylglycerin, retinol, adenosine, disodium EDTA, gold, tocopherol, ascorbyl tetraisopalmitate, BHT, beta-carotene, ceramide NP #1. Radiance Serum (Brown) WATER / AQUA / EAU, glycerin, butylene glycol, glyceryl polymethacrylate, dipropylene glycol, 1,2-hexanediol, xylitol, polyacrylate crosspolymer-6, lactobacillus ferment, ammonium acryloyldimethyl taurate/VP copolymer, sodium polyacryloyldimethyl taurate, Habelaria rhodopensis leaf extract, propanediol, tranexamic acid, dextrin, cocoa bean extract, disodium EDTA, ethylhexylglycerin, adenosine, dipotassium glycyrrhizate, bioflavonoids, t-butyl alcohol, ferulic acid, chaga mushroom extract, tocopherol #2. Elasticity Serum (White) WATER / AQUA / EAU, dimethicone, butylene glycol, glycerin, 1,2-hexanediol, polysilicone-11, PEG-10 dimethicone, pentaerythrityl tetraethylhexanoate, dimethicone/vinyl dimethicone crosspolymer, vinyl dimethicone/methicone silsesquioxane crosspolymer, dimethiconol, polysorbate 20, boron nitride, sclerotium gum, ammonium acryloyldimethyl taurate/beheneth-25 methacrylate crosspolymer, ammonium acryloyldimethyl taurate/VP copolymer, sodium polyacryloyldimethyl taurate, glyceryl caprylate, caprylyl glycol, ethylhexylglycerin, disodium EDTA, adenosine, Hydrolyzed collagen, acetyl tetrapeptide-2, tocopherol #3. Wrinkle Serum (Yellow) WATER / AQUA / EAU, butylene glycol, glycerin, diphenyl dimethicone, 1,2-hexanediol, diphenyl siloxy phenyl trimethicone, soybean oil, gellan gum, sunflower seed oil, xanthan gum, fragrance, sodium chloride, carrot extract, silica dimethyl silylate, dipotassium glycyrrhizate, magnesium sulfate, ethylhexylglycerin, retinol, adenosine, disodium EDTA, gold, tocopherol, ascorbyl tetraisopalmitate, BHT, beta-carotene, ceramide NP",Retinol Capsules + CeramideCollagen Peptide Complex ™Re.d Flavonoid + Ferulic Acid Packaging may vary.,"[""normal"", ""dry"", ""oily"", ""combination"", ""sensitive""]","[""dullness"", ""large_pores"", ""sensitivity"", ""aging""]","[""brighten"", ""hydrate"", ""anti_aging""]",serum,"- Twist up to open the bottle. Pump 1-2 times to dispense three formulas, simultaneously. Apply onto face AM and PM *The remaining amount of the three serums may vary depending on the pressing force. Finish any remaining serum.*",,http://us.laneige.com/cdn/shop/files/Packshot_AMZ_PRS_40ml.jpg?v=1749212184,https://us.laneige.com/products/perfect-renew-3x-signature-serum,,96,true,true,[],[],[],"[""warnings""]","{""care_goals"": [], ""category"": [], ""skin_concerns"": [], ""skin_types"": []}",USD,laneige,,0.3.0,2026-09-15T14:30:39.162064+00:00,
270282508,Radian-C Cream,LANEIGE,moisturizer,35.0,USD,1.0floz,¡C-ya luego manchas oscuras! Hidrata la piel con un humectante diario suave enriquecido con vitamina C y vitamina E para una piel visiblemente más brillante en solo 3 días.*,AM & PM Brighten Dermatológicamente probado Suavidad AM & PM Brighten Dermatológicamente probado Suavidad,"Water/Aqua/Eau, 3-O-Ethyl Ascorbic Acid, Glycerin, Cetearyl Alcohol, Caprylic/Capric Triglyceride, Propanediol, Methyl Trimethicone, Hydrogenated Poly(C6-14 Olefin), Pentaerythrityl Tetraethylhexanoate, Cetearyl Olivate, Potassium Cetyl Phosphate, 1,2 Hexanediol, Sorbitan Olivate, Hydroxyethyl Acrylate/Sodium Acryloyldimethyl Taurate Copolymer, Limonene, Polymethyl Methacrylate, Ammonium Acryloyldimethyltaurate/Beheneth-25 Methacrylate Crosspolymer, Citric Acid, Fragrance/Parfum, Thymol Trimethoxycinnamate, Disodium EDTA, Ethylhexylglycerin, Sorbitan Isostearate, Sodium Citrate, Linalool, Tocopherol, Madecassoside, Citral, Geraniol.",Vitamin C,"[""normal"", ""dry"", ""oily"", ""combination"", ""sensitive""]","[""dullness"", ""large_pores"", ""sensitivity""]","[""brighten"", ""hydrate"", ""anti_aging""]",cream,Apply evenly across your face day and night. Follow with an SPF in the AM.,,https://us.laneige.com/cdn/shop/files/Product01_5.jpg?v=1722901167,https://us.laneige.com/products/radian-c-cream,,96,true,true,[],"[""unmapped:category""]",[],"[""warnings""]","{""care_goals"": [], ""category"": [""Radian-C Cream""], ""skin_concerns"": [], ""skin_types"": []}",USD,laneige,,0.3.0,2026-09-15T14:30:56.175436+00:00,
270284504,Sparkling Shimmer Lip Glowy Balm Duo Gift Set,LANEIGE,lip_care,32.0,USD,,"A limited-edition sparkling lip set with two full-size Lip Glowy Balms that deliver glossy, moisture-locking shine with a hint of luminous sparkle. Wear them solo for a subtle shimmer or layer for extra shine.","A limited-edition sparkling lip set with two full-size Lip Glowy Balms that deliver glossy, moisture-locking shine with a hint of luminous sparkle.","Lip Glowy Balm [Opening Toast] HYDROGENATED POLY(C6-14 OLEFIN), HYDROGENATED POLYISOBUTENE, BIS-BEHENYL/ISOSTEARYL/PHYTOSTERYL DIMER DILINOLEYL DIMER DILINOLEATE, SQUALANE, ETHYLENE/PROPYLENE/STYRENE COPOLYMER, CALCIUM SODIUM BOROSILICATE, TOCOPHERYL ACETATE, POLYISOBUTENE, FRAGRANCE / PARFUM, BUTYROSPERMUM PARKII (SHEA) BUTTER, BUTYLENE/ETHYLENE/STYRENE COPOLYMER, TITANIUM DIOXIDE (CI 77891), POLYGLYCERYL-2 TRIISOSTEARATE, PENTAERYTHRITYL TETRA-DI-T-BUTYL HYDROXYHYDROCINNAMATE, IRON OXIDES (CI 77491), SIMMONDSIA CHINENSIS (JOJOBA) SEED OIL, CAMELLIA SINENSIS SEED OIL, TIN OXIDE, TOCOPHEROL, IRON OXIDES (CI 77499), CITRIC ACID, LIMONENE, CITRUS AURANTIUM PEEL OIL, CITRUS LIMON (LEMON) PEEL OIL, VANILLIN, MENTHOL, PINENE Lip Glowy Balm [After Party] HYDROGENATED POLY(C6-14 OLEFIN), HYDROGENATED POLYISOBUTENE, BIS-BEHENYL/ISOSTEARYL/PHYTOSTERYL DIMER DILINOLEYL DIMER DILINOLEATE, SQUALANE, ETHYLENE/PROPYLENE/STYRENE COPOLYMER, TOCOPHERYL ACETATE, POLYISOBUTENE, CALCIUM SODIUM BOROSILICATE, POLYGLYCERYL-2 TRIISOSTEARATE, FRAGRANCE / PARFUM, BUTYROSPERMUM PARKII (SHEA) BUTTER, BUTYLENE/ETHYLENE/STYRENE COPOLYMER, TITANIUM DIOXIDE (CI 77891), YELLOW 5 LAKE (CI 19140), IRON OXIDES (CI 77499), RED 7 (CI 15850), PENTAERYTHRITYL TETRA-DI-T-BUTYL HYDROXYHYDROCINNAMATE, SILICA, SIMMONDSIA CHINENSIS (JOJOBA) SEED OIL, CAMELLIA SINENSIS SEED OIL, TOCOPHEROL, TIN OXIDE, IRON OXIDES (CI 77491), CITRIC ACID, LIMONENE, CITRUS LIMON (LEMON) PEEL OIL, CITRUS AURANTIUM PEEL OIL, EUGENOL, EUGENIA CARYOPHYLLUS OIL, PINENE, ANETHOLE --- SAMPLES NOT FOR SALE --- Bouncy & Firm Serum WATER / AQUA / EAU, PROPANEDIOL, GLYCERIN, METHYLPROPANEDIOL, ISONONYL ISONONANOATE, NIACINAMIDE, 1,2-HEXANEDIOL, POLYGLYCERIN-3, CAPRYLIC/CAPRIC TRIGLYCERIDE, TRIETHYLHEXANOIN, BUTYLENE GLYCOL, TRIOLEIN, ACRYLATES/C10-30 ALKYL ACRYLATE CROSSPOLYMER, TROMETHAMINE, HYDROGENATED POLY(C6-20 OLEFIN), CARBOMER, ETHYLHEXYLGLYCERIN, PENTYLENE GLYCOL, TOCOPHEROL, ADENOSINE, HDI/TRIMETHYLOL HEXYLLACTONE CROSSPOLYMER, ASCORBYL TETRAISOPALMITATE, SODIUM METAPHOSPHATE, FRAGRANCE / PARFUM, BETA-GLUCAN, PRUNUS ARMENIACA (APRICOT) KERNEL OIL, XANTHAN GUM, LINALOOL, ACHILLEA MILLEFOLIUM EXTRACT, CAMELLIA JAPONICA SEED EXTRACT, GERANIOL, FERULIC ACID, CAPRYLYL GLYCOL, PAEONIA ALBIFLORA ROOT EXTRACT, YELLOW 6 (CI 15985), RED 33 (CI 17200), SOLUBLE COLLAGEN, VEGETABLE OIL / OLUS OIL / HUILE VÉGÉTALE, ACETYL HEPTAPEPTIDE-4, PAEONIA ALBIFLORA FLOWER EXTRACT, ACETYL HEXAPEPTIDE-8, SODIUM HYDROXIDE, ACETYL TETRAPEPTIDE-2, ACETYL OCTAPEPTIDE-3 Bouncy & Firm Sleeping Mask WATER / AQUA / EAU, BUTYLENE GLYCOL, GLYCERIN, DIMETHICONE, 1,2-HEXANEDIOL, SQUALANE, DIISOSTEARYL MALATE, C12-16 ALCOHOLS, AMMONIUM ACRYLOYLDIMETHYLTAURATE/BEHENETH-25 METHACRYLATE CROSSPOLYMER, CETEARYL ALCOHOL, PALMITIC ACID, HYDROGENATED LECITHIN, DIMETHICONE/VINYL DIMETHICONE CROSSPOLYMER, SODIUM POLYACRYLATE STARCH, STEARIC ACID, HYDROXYPROPYL BISPALMITAMIDE MEA, MANNITOL, LACTOBACILLUS FERMENT LYSATE, PROPANEDIOL, AMMONIUM ACRYLOYLDIMETHYLTAURATE/VP COPOLYMER, CETEARYL GLUCOSIDE, XANTHAN GUM, GLYCERYL CAPRYLATE, DISODIUM EDTA, ETHYLHEXYLGLYCERIN, ALLANTOIN, ADENOSINE, FRAGRANCE / PARFUM, ACRYLATES/AMMONIUM METHACRYLATE COPOLYMER, CAPRYLYL GLYCOL, CARBOMER, CHOLESTEROL, LINALOOL, SILICA, MALACHITE EXTRACT, CITRONELLOL, GERANIOL, HYDROXYCITRONELLAL, CARTHAMUS TINCTORIUS (SAFFLOWER) FLOWER EXTRACT, DEXTRIN, BENZYL SALICYLATE, CYANOCOBALAMIN, HYDROLYZED COLLAGEN, SODIUM HYALURONATE, PAEONIA ALBIFLORA ROOT EXTRACT, TOCOPHEROL, HYDROLYZED HYALURONIC ACID, ACETYL TETRAPEPTIDE-2, SODIUM HYALURONATE CROSSPOLYMER, HYALURONIC ACID, PAEONIA ALBIFLORA FLOWER EXTRACT, SODIUM ACETYLATED HYALURONATE",Murumuru Butter Shea Butter,"[""combination"", ""oily"", ""normal"", ""dry"", ""sensitive""]","[""dullness"", ""large_pores"", ""sensitivity""]","[""brighten"", ""hydrate"", ""anti_aging""]",balm,"Suggested Usage: - ANYTIME: Apply throughout the day for soft, hydrated lips. - BEFORE LIP COLOR: Prime lips for smoother application. - AFTER LIP COLOR: Add shine and moisture.",,https://us.laneige.com/cdn/shop/files/SparklingLipDuo_PDPCrops_2000x2000_01_1.jpg?v=1788213915,https://us.laneige.com/products/sparkling-lip-duo,,94,true,true,[],[],[],"[""warnings"", ""volume""]","{""care_goals"": [], ""category"": [], ""skin_concerns"": [], ""skin_types"": []}",USD,laneige,,0.3.0,2026-09-15T14:31:27.651488+00:00,
270284368,Tint & Glow Mini Korean Skincare + JuicePop Box Lip Tint Gift Set,LANEIGE,toner,39.0,USD,,"Packed with iconic Korean skincare and lip favorites, this limited-edition travel-ready set keeps skin glowing and lips looking juicy wherever the season takes you. Includes Cream Skin Milky Toner Mist, mini Water Bank Cream Moisturizer and bestselling JuicePop Box Lip Tint in Lo-Fi Mauve. Plus, an exclusive pouch!",,"Water Bank Blue Hyaluronic Cream Moisturizer: WATER / AQUA / EAU, GLYCERIN, BUTYLENE GLYCOL, SQUALANE, DICAPRYLYL ETHER, POLYGLYCERYL-3 METHYLGLUCOSE DISTEARATE, METHYL TRIMETHICONE, GLYCERYL STEARATE, PENTAERYTHRITYL TETRAETHYLHEXANOATE, 1,2-HEXANEDIOL, STEARYL DIMETHICONE, BIS-HYDROXYETHOXYPROPYL DIMETHICONE, CETYL ALCOHOL, LACTOBACILLUS FERMENT LYSATE, CAPRYLIC/CAPRIC/MYRISTIC/STEARIC TRIGLYCERIDE, PALMITIC ACID, STEARIC ACID, PANTHENOL, HYDROXYETHYL ACRYLATE/SODIUM ACRYLOYLDIMETHYL TAURATE COPOLYMER, PROPANEDIOL, ACRYLATES/C10-30 ALKYL ACRYLATE CROSSPOLYMER, XANTHAN GUM, GLYCERYL CAPRYLATE, DEXTRIN, TROMETHAMINE, ETHYLHEXYLGLYCERIN, DISODIUM EDTA, SORBITAN ISOSTEARATE, ALLANTOIN, HYDROLYZED HYALURONIC ACID, CERAMIDE NP, FRAGRANCE / PARFUM, BETA-GLUCAN, CHOLESTEROL, MANNITOL, TOCOPHEROL, ACETYL TETRAPEPTIDE-11, UNDARIA PINNATIFIDA EXTRACT Cream Skin Milky Toner: WATER / AQUA / EAU, BUTYLENE GLYCOL, GLYCERIN, LIMNANTHES ALBA (MEADOWFOAM) SEED OIL, ISOPENTYLDIOL, 1,2-HEXANEDIOL, SQUALANE, POLYGLYCERYL-10 STEARATE, GLYCERYL STEARATE CITRATE, SODIUM STEAROYL GLUTAMATE, INULIN LAURYL CARBAMATE, GLYCERYL CAPRYLATE, ETHYLHEXYLGLYCERIN, PROPANEDIOL, DISODIUM EDTA, CARBOMER, MANNITOL, ACRYLATES/STEARYL METHACRYLATE COPOLYMER, TREMELLA FUCIFORMIS SPOROCARP EXTRACT, HYALURONIC ACID, CAMELLIA SINENSIS LEAF EXTRACT, XANTHAN GUM, CERAMIDE NP, CAMELLIA JAPONICA FLOWER EXTRACT, TOCOPHEROL, ACETYL TETRAPEPTIDE-11 JuicePop Box Lip Tint [Lo-Fi Mauve]: DIISOSTEARYL MALATE, HYDROGENATED POLY(C6-14 OLEFIN), HYDROGENATED POLYISOBUTENE, PHYTOSTERYL/ISOSTEARYL/CETYL/STEARYL/BEHENYL DIMER DILINOLEATE, POLYBUTENE, WATER / AQUA / EAU, GLYCERIN, ETHYLENE/PROPYLENE/STYRENE COPOLYMER, FRAGRANCE / PARFUM, SUCROSE LAURATE, TITANIUM DIOXIDE (CI 77891), CAPRYLYL GLYCOL, BUTYLENE GLYCOL, ETHYLHEXYLGLYCERIN, GLYCERYL CAPRYLATE, POLYACRYLATE CROSSPOLYMER-6, BUTYLENE/ETHYLENE/STYRENE COPOLYMER, YELLOW 6 (CI 15985), RED 33 (CI 17200), GREEN 5 (CI 61570), ALUMINUM HYDROXIDE, PHYTIC ACID, PENTAERYTHRITYL TETRA-DI-T-BUTYL HYDROXYHYDROCINNAMATE, GLYCINE MAX (SOYBEAN) POLYPEPTIDE, TOCOPHEROL, SODIUM HYDROXIDE, ASCORBIC ACID, CERAMIDE NP, PROPANEDIOL, PUNICA GRANATUM FRUIT JUICE, RUBUS IDAEUS (RASPBERRY) JUICE, VITIS VINIFERA (GRAPE) JUICE",Blue Hyaluronic Acid Ceramide and Peptide Complex Water-Oil Remix Technology,"[""combination"", ""oily"", ""dry"", ""normal"", ""sensitive""]","[""dullness"", ""large_pores"", ""sensitivity""]","[""hydrate"", ""brighten"", ""cleanse"", ""anti_aging""]",cream,"Suggested Usage: - After cleansing, spritz the Cream Skin Milky Toner Mist onto skin - After using the Cream Skin Mist, massage the Water Bank Cream Moisturizer onto skin - Finish off with the JuicePop Box Lip Tint for a pigmented, lasting finish and juicy lip hydration - Carry all of the products in the cosmetic bag",,https://us.laneige.com/cdn/shop/files/Tint_GlowTrio_PDPCrops_2000x2000_01_1.jpg?v=1788210293,https://us.laneige.com/products/tint-glow-trio,,80,true,true,[],[],[],"[""benefits"", ""warnings"", ""volume""]","{""care_goals"": [], ""category"": [], ""skin_concerns"": [], ""skin_types"": []}",USD,laneige,,0.3.0,2026-09-15T14:31:53.835958+00:00,
270284210,Water Bank Blue Hyaluronic Eye Cream,LANEIGE,eye_care,43.0,USD,0.8floz,¡Una crema para ojos suave como la seda con ácido hialurónico azul que ilumina visiblemente y mejora la apariencia de la hinchazón debajo de los ojos! Probado por dermatólogos y oftalmólogos.,AM & PM Brighten Hydration AM & PM Brighten Hydration,"Water/Aqua/Eau, Glycerin, Dimethicone, Butylene Glycol, Pentaerythrityl Tetraethylhexanoate, Dipropylene Glycol, Methyl Trimethicone, Glyceryl Polymethacrylate, Phenyl Trimethicone, Pca Dimethicone, Caprylyl Methicone, Hydrogenated Polyisobutene, Niacinamide, Polysilicone-11, 1,2-Hexanediol, Polysorbate 20, Cetearyl Alcohol, Propanediol, Caffeine, Glyceryl Stearate Citrate, Polyacrylate-13, Glyceryl Stearate, C14-22 Alcohols, Dimethiconol, Ammonium Acryloyldimethyltaurate/Vp Copolymer, Stearic Acid, Malpighia Emarginata (Acerola) Fruit Extract, Ammonium Acryloyldimethyltaurate/Beheneth-25 Methacrylate Crosspolymer, Polyisobutene, Palmitic Acid, Euterpe Oleracea Fruit Extract, Hydrogenated Lecithin, Cocos Nucifera (Coconut) Oil, Glyceryl Caprylate, Arachidyl Alcohol, C12-20 Alkyl Glucoside, Polyglyceryl-3 Methylglucose Distearate, Ethylhexylglycerin, Fragrance / Parfum, Sodium Hyaluronate, Behenyl Alcohol, Arachidyl Glucoside, Sorbitan Isostearate, Disodium Edta, Hydrolyzed Hyaluronic Acid, Beta-Glucan, Sodium Magnesium Silicate, Glucose, Myristic Acid, Lauric Acid, Glutathione, Tocopherol, Undaria Pinnatifida Extract.",Blue Hyaluronic Acid Coconut Oil Niacinamide,"[""normal"", ""dry"", ""oily"", ""combination"", ""sensitive""]","[""dullness"", ""large_pores"", ""sensitivity""]","[""hydrate"", ""brighten"", ""anti_aging""]",cream,Gently dab around the eye area with your ring finger in the morning and evening as needed.,,https://us.laneige.com/cdn/shop/files/WBeyecream_1x1_8f38138d-9ab5-4d11-836d-0ddd669467fa.jpg?v=1772749187,https://us.laneige.com/products/water-bank-blue-hyaluronic-acid-eye-cream,,96,true,true,[],[],[],"[""warnings""]","{""care_goals"": [], ""category"": [], ""skin_concerns"": [], ""skin_types"": []}",USD,laneige,,0.3.0,2026-09-15T14:32:02.542720+00:00,
270284235,Water Bank Blue Hyaluronic Cleansing Foam,LANEIGE,cleanser,25.0,USD,150g,"Un limpiador en espuma elástica que limpia la piel de manera suave y eficaz, creando el lienzo en blanco perfecto antes del resto del cuidado de la piel.",AM & PM Hydration Suavidad AM & PM Hydration Suavidad,"WATER / AQUA / EAU, GLYCERIN, MYRISTIC ACID, STEARIC ACIDPEG-32, POTASSIUM HYDROXIDE, PALMITIC ACID, LAURIC ACID, COCAMIDOPROPYL BETAINE, GLYCERYL STEARATE, PEG-100 STEARATE, MICROCRYSTALLINE CELLULOSE, FRAGRANCE / PARFUM, SODIUM CHLORIDE, DISODIUM EDTA, BUTYLENE GLYCOL, SODIUM BENZOATE, MENTHA ARVENSIS LEAF EXTRACT, HYDROLYZED HYALURONIC ACID, POLYCAPROLACTONE, TITANIUM DIOXIDE (CI 77891), PROPANEDIOL, 1, 2-HEXANEDIOL, LACTIC ACID, PEG-75, POLYQUATERNIUM-10, LACTIC ACID/GLYCOLIC ACID COPOLYMER, ETHYLHEXYLGLYCERIN, ALUMINUM HYDROXIDE, TRIETHOXYCAPRYLYLSILANE, LYCIUM CHINENSE FRUIT EXTRACT, PANTHENOL, PAPAIN, RUBUS IDAEUS (RASPBERRY) FRUIT EXTRACT, VACCINIUM ANGUSTIFOLIUM (BLUEBERRY) FRUIT EXTRACT, COFFEA ARABICA (COFFEE) SEED EXTRACT, SAPINDUS MUKOROSSI FRUIT EXTRACT, VACCINIUM MACROCARPON (CRANBERRY) FRUIT EXTRACT, FRAGARIA CHILOENSIS (STRAWBERRY) FRUIT EXTRACT, RUBUS CHAMAEMORUS SEED EXTRACT, PHENOXYETHANOL, UNDARIA PINNATIFIDA EXTRACT.",Blue Hyaluronic Acid,"[""normal"", ""dry"", ""oily"", ""combination"", ""sensitive""]","[""dullness"", ""large_pores"", ""sensitivity""]","[""cleanse"", ""hydrate"", ""anti_aging""]",foam,,,https://us.laneige.com/cdn/shop/files/WB_cleansingfoam_1x1_796f605a-be20-402c-be38-f9a1069c4ae7.jpg?v=1772748438,https://us.laneige.com/products/water-bank-blue-hyaluronic-cleansing-foam,,90,true,true,[],[],[],"[""usage_instruction"", ""warnings""]","{""care_goals"": [], ""category"": [], ""skin_concerns"": [], ""skin_types"": []}",USD,laneige,,0.3.0,2026-09-15T14:32:04.290240+00:00,
270284501,Water Bank Blue Hyaluronic Cream Moisturizer - Matin Kim 50mL,LANEIGE,moisturizer,22.0,USD,50ml,Una crema que refuerza la barrera clínicamente probada y que brinda una hidratación profunda y duradera por hasta 100 horas*.*Basado en un estudio clínico de 4 semanas en 32 mujeres de 20 a 45 años.,AM & PM Dermatológicamente probado Hydration Suavidad AM & PM Dermatológicamente probado Hydration Suavidad,"Water/Aqua/Eau, Glycerin, Butylene Glycol, Squalane, Dicaprylyl Ether, Polyglyceryl-3 Methylglucose Distearate, Methyl Trimethicone, Glyceryl Stearate, Pentaerythrityl Tetraethylhexanoate, 1,2-Hexanediol, Stearyl Dimethicone, Bis-Hydroxyethoxypropyl Dimethicone, Cetyl Alcohol, Lactobacillus Ferment Lysate, Caprylic/Capric/Myristic/Stearic Triglyceride, Palmitic Acid, Stearic Acid, Panthenol, Hydroxyethyl Acrylate/Sodium Acryloyldimethyl Taurate Copolymer, Propanediol, Acrylates/C10-30 Alkyl Acrylate Crosspolymer, Xanthan Gum, Glyceryl Caprylate, Dextrin, Tromethamine, Ethylhexylglycerin, Disodium EDTA, Sorbitan Isostearate, Allantoin, Hydrolyzed Hyaluronic Acid, Ceramide NP, Fragrance/Parfum, Beta-Glucan, Cholesterol, Mannitol, Tocopherol, Acetyl Tetrapeptide-11, Undaria Pinnatifida Extract.",Blue Hyaluronic Acid Ceramide Squalane,"[""normal"", ""dry"", ""sensitive""]","[""dullness"", ""large_pores"", ""sensitivity""]","[""hydrate"", ""cleanse"", ""anti_aging""]",cream,"Smooth an even layer onto your face in the morning and evening, after cleansing, toning, and applying serum.",,http://us.laneige.com/cdn/shop/files/Matin_Kim_Infographic_2000x2000_Product_WBC-2.jpg?v=1788255649,https://us.laneige.com/products/water-bank-blue-hyaluronic-cream-moisturizer,,96,true,true,[],[],[],"[""warnings""]","{""care_goals"": [], ""category"": [], ""skin_concerns"": [], ""skin_types"": []}",USD,laneige,,0.3.0,2026-09-15T14:32:09.418582+00:00,
270284236,Water Bank Blue Hyaluronic Exfoliating Toner,LANEIGE,toner,31.0,USD,5.4floz,"¡Qué suave! Un tónico exfoliante de primer paso que exfolia suavemente, ayuda a reequilibrar la piel y brinda una hidratación ligera.",AM & PM Hydration Suavidad AM & PM Hydration Suavidad,"WATER / AQUA / EAU, BUTYLENE GLYCOL, DIPROPYLENE GLYCOL, 12-HEXANEDIOL, BETAINE, TREHALOSE, DIETHOXYETHYL SUCCINATE, PPG-13-DECYLTETRADECETH-24, XANTHAN GUM, ETHYLHEXYLGLYCERIN, FRAGRANCE / PARFUM, MENTHA ARVENSIS LEAF EXTRACT, DISODIUM EDTA, HYDROLYZED HYALURONIC ACID, PROPANEDIOL, GLUCONOLACTONE, AUREOBASIDIUM PULLULANS FERMENT, LACTOBACILLUS/SOYBEAN FERMENT EXTRACT, YEAST FERMENT EXTRACT, TOCOPHEROL, UNDARIA PINNATIFIDA EXTRACT. ﻿For informational purposes only. While we endeavor to keep this ingredient list accurate, please be advised that our ingredient list may change. We recommend you refer to the ingredient list on the individual product package for the most up to date ingredient list.",Blue Hyaluronic Acid,"[""combination"", ""oily"", ""sensitive""]","[""dullness"", ""large_pores"", ""sensitivity""]","[""hydrate"", ""exfoliate"", ""cleanse"", ""anti_aging""]",,"Using a cotton pad, gently pat Exfoliating Toner onto skin AM & PM after cleansing.",,https://us.laneige.com/cdn/shop/files/WBExfoliatingToner_2000x2000_01.jpg?v=1742834758,https://us.laneige.com/products/water-bank-blue-hyaluronic-exfoliating-toner,,94,true,true,[],[],[],"[""warnings"", ""texture""]","{""care_goals"": [], ""category"": [], ""skin_concerns"": [], ""skin_types"": []}",USD,laneige,,0.3.0,2026-09-15T14:32:13.111634+00:00,
270283464,Hidratante en gel hialurónico azul Water Bank - 50 ml,LANEIGE,moisturizer,22.0,USD,1.6floz,"Un gel clínicamente probado y refrescante, lleno de pequeñas perlas de crema que se funden al contacto con piel para proporcionar una hidratación calmante durante 48 horas* manteniendo su ligereza. *Basado en un estudio clínico de 48 horas en 32 mujeres de 21 a 35 años.",AM & PM Dermatológicamente probado Hydration Soothe AM & PM Dermatológicamente probado Hydration Soothe,"Water/Aqua/Eau, Propanediol, Glycerin, Limnanthes Alba (Meadowfoam) Seed Oil, Betaine, Behenyl Alcohol, 1,2-Hexanediol, Carbomer, Tromethamine, Jojoba Esters, Arachidyl Alcohol, Glyceryl Caprylate, Butylene Glycol, Ethylhexylglycerin, Disodium EDTA, Arachidyl Glucoside, Mentha Arvensis Leaf Extract, Fragrance/Parfum, Hydrolyzed Hyaluronic Acid, Malachite Extract, Aureobasidium Pullulans Ferment, Tocopherol, Undaria Pinnatifida Extract. While we endeavor to keep this ingredient list accurate, please be advised that our ingredient list may change. We recommend you refer to the ingredient list on the individual product package for the most up to date ingredient list.",Blue Hyaluronic Acid Mint Leaf Extract,"[""combination"", ""oily"", ""sensitive""]","[""dullness"", ""large_pores"", ""sensitivity""]","[""hydrate"", ""soothe"", ""cleanse"", ""anti_aging""]",gel,"Apply evenly to your face in the morning and evening after cleansing, toning, and applying serum.",,http://us.laneige.com/cdn/shop/files/N_WBGM_24AD_Product_02.jpg?v=1703778546,https://us.laneige.com/products/water-bank-blue-hyaluronic-gel-moisturizer,,96,true,true,[],[],[],"[""warnings""]","{""care_goals"": [], ""category"": [], ""skin_concerns"": [], ""skin_types"": []}",USD,laneige,,0.3.0,2026-09-15T14:32:14.834071+00:00,
270283633,Water Bank Blue Hyaluronic Intensive Moisturizer - 50 ml,LANEIGE,moisturizer,22.0,USD,1.6floz,Una crema hidratante clínicamente probada que ayuda a aliviar los efectos de la sequedad y refuerza la barrera de hidratación de la piel con 120-HR de hidratación*. *Basado en un estudio clínico de 4 semanas en 32 mujeres de 20 a 49 años.,AM & PM Dermatológicamente probado Hydration Suavidad AM & PM Dermatológicamente probado Hydration Suavidad,"Water/Aqua/Eau, Butylene Glycol, Cetearyl Alcohol, Glycerin, Hydrogenated Poly(C6-14 Olefin), Diethylhexyl Succinate, 1,2-Hexanediol, Glyceryl Stearate Se, Phytosteryl/Behenyl/Octyldodecyl Lauroyl Glutamate, Triolein, Glyceryl Stearate, Squalane, Methyl Trimethicone, Isononyl Isononanoate, Myristyl Myristate, C10-18 Triglycerides, Lactobacillus Ferment Lysate, Cetearyl Glucoside, Carbomer, Hydroxyethyl Acrylate/Sodium Acryloyldimethyl Taurate Copolymer, Sodium Stearoyl Glutamate, Tromethamine, Niacinamide, Sodium Metaphosphate, Glyceryl Caprylate, Propanediol, Ethylhexylglycerin, Ceramide Np, Fragrance / Parfum, Caprylyl Glycol, Hydrolyzed Hyaluronic Acid, Sorbitan Isostearate, Sodium Hyaluronate, Dextrin, Asiaticoside, Carthamus Tinctorius (Safflower) Flower Extract, Madecassic Acid, Asiatic Acid, Theobroma Cacao (Cocoa) Extract, Tocopherol, Sodium Hyaluronate Crosspolymer, Hyaluronic Acid, Vegetable Oil / Olus Oil / Huile Végétale, Adenium Obesum Leaf Cell Extract, Sodium Acetylated Hyaluronate, Acetyl Tetrapeptide-2, Undaria Pinnatifida Extract. For informational purposes only. While we endeavor to keep this ingredient list accurate, please be advised that our ingredient list may change. We recommend you refer to the ingredient list on the individual product package for the most up to date ingredient list.",Blue Hyaluronic Acid O-mega Peptide Complex Squalane,"[""dry"", ""sensitive""]","[""dullness"", ""large_pores"", ""sensitivity""]","[""hydrate"", ""cleanse"", ""anti_aging"", ""soothe""]",,"Apply evenly to face AM and PM after cleansing, toning, and serum.",,http://us.laneige.com/cdn/shop/files/LN_WBIM_24AD_Product_02.jpg?v=1703778606,https://us.laneige.com/products/water-bank-blue-hyaluronic-intensive-moisturizer,,94,true,true,[],[],[],"[""warnings"", ""texture""]","{""care_goals"": [], ""category"": [], ""skin_concerns"": [], ""skin_types"": []}",USD,laneige,,0.3.0,2026-09-15T14:32:18.603014+00:00,
270284105,Water Bank Blue Hyaluronic Serum,LANEIGE,serum,45.0,USD,1.6floz,"Un suero jugoso con ácido hialurónico azul que hidrata intensamente para lograr una tez suave y flexible. Hipoalergénico, probado por dermatólogos y apto para pieles sensibles.",AM & PM Dermatológicamente probado Hydration AM & PM Dermatológicamente probado Hydration,"Water/Aqua/Eau, Butylene Glycol, Dipropylene Glycol, Glycerin, Squalane, 1,2-Hexanediol, Ammonium Acryloyldimethyltaurate/Vp Copolymer, Propanediol, Carbomer, Cetearyl Alcohol, Tromethamine, Polyglyceryl-3 Methylglucose Distearate, Dextrin, Hydrogenated Lecithin, Ethylhexylglycerin, Fragrance / Parfum, Glyceryl Stearate Citrate, Disodium Edta, Betaine, Hydrolyzed Hyaluronic Acid, Beta-Glucan, Xylitylglucoside, Anhydroxylitol, Xylitol, Lactobacillus Ferment Lysate, Glucose, Tocopherol, Magnesium Chloride, Tetradecyl Aminobutyroylvalylaminobutyric Urea Trifluoroacetate, Undaria Pinnatifida Extract.﻿For informational purposes only. While we endeavor to keep this ingredient list accurate, please be advised that our ingredient list may change. We recommend you refer to the ingredient list on the individual product package for the most up to date ingredient list.",Blue Hyaluronic Acid Peptide,"[""normal"", ""dry"", ""oily"", ""combination"", ""sensitive""]","[""dullness"", ""large_pores"", ""sensitivity""]","[""hydrate"", ""cleanse"", ""anti_aging""]",serum,"Apply evenly to the face in the morning and evening, after cleansing and toning.",,https://us.laneige.com/cdn/shop/files/2569796-av-01.jpg?v=1726840803,https://us.laneige.com/products/water-bank-blue-hyaluronic-serum,,96,true,true,[],[],[],"[""warnings""]","{""care_goals"": [], ""category"": [], ""skin_concerns"": [], ""skin_types"": []}",USD,laneige,,0.3.0,2026-09-15T14:32:21.955385+00:00,
270284106,Water Bank Blue Hyaluronic Cleansing Foam - 250mL,LANEIGE,cleanser,14.0,USD,250ml,"A gentle cleanser that matches skin's pH level to remove impurities, face makeup, and sunscreen without stripping the skin's natural oils. Key Ingredients: Blue Hyaluronic Acid (Blue HA): Delivers effective, long-lasting hydration Allantoin: Soothes skin. Amino-acid Complex: Supports skin's barrier.",AM & PM Dermatológicamente probado Hydration AM & PM Dermatológicamente probado Hydration,"WATER / AQUA / EAU, GLYCERIN, LAURYL HYDROXYSULTAINE, SODIUM COCOYL ISETHIONATE, SODIUM METHYL COCOYL TAURATE, GLYCERYL STEARATE SE, CAPRYLYL/CAPRYL GLUCOSIDE, LAURYL BETAINE, SODIUM CHLORIDE, HYDROXYPROPYL STARCH PHOSPHATE, POLYGLYCERYL-6 CAPRYLATE, POLYGLYCERYL-4 CAPRATE, TRIHYDROXYSTEARIN, GLYCOL DISTEARATE, 1,2-HEXANEDIOL, POLYQUATERNIUM-7, CITRIC ACID, XANTHAN GUM, CETEARYL OLIVATE, SORBITAN OLIVATE, ALLANTOIN, HYDROLYZED HYALURONIC ACID, ARGININE, ASPARTIC ACID, GLUTAMIC ACID, SODIUM BENZOATE, PANTHENOL","Blue Hyaluronic Acid (Blue HA): Delivers effective, long-lasting hydration Allantoin: Soothes skin. Amino-acid Complex: Supports skin's barrier.","[""normal"", ""dry"", ""oily"", ""combination"", ""sensitive""]","[""dullness"", ""large_pores"", ""sensitivity""]","[""cleanse"", ""hydrate"", ""anti_aging"", ""soothe""]",foam,"As a daily cleanser: - Massage 1-2 pumps of product onto wet skin and rinse thoroughly with water. To remove complexion makeup: - Massage 2-3 pumps of product onto dry skin first, then emulsify with water and rinse thoroughly. As a daily cleanser: - Massage 1-2 pumps of product onto wet skin and rinse thoroughly with water. To remove complexion makeup: - Massage 2-3 pumps of product onto dry skin first, then emulsify with water and rinse thoroughly.",,http://us.laneige.com/cdn/shop/files/waterbankgentlegelcleanser_1x1_8f7e6209-b26d-43f9-8595-c6460d55dd15.jpg?v=1734632683,https://us.laneige.com/products/water-bank-gentle-gel-cleanser,,96,true,true,[],[],[],"[""warnings""]","{""care_goals"": [], ""category"": [], ""skin_concerns"": [], ""skin_types"": []}",USD,laneige,,0.3.0,2026-09-15T14:32:25.660663+00:00,
131175008,Aloe Revitalizing Soothing Gel,innisfree,moisturizer,17.0,USD,300ml,A cooling gel formulated with organic Jeju Aloe Extract that soothes sun-exposed & dry skin.,AM & PM Hydration Soothing AM & PM Hydration Soothing,"Key Ingredients: Organic Jeju Aloe Extract: Derived from aloe flesh to help soothe + relieve sun-exposed skin. Madecassoside: Hydrates + helps protect against environmental aggressors. Full Ingredient List: Water / Aqua / Eau, Butylene Glycol, Acrylates/C10¬30 Alkyl Acrylate Crosspolymer, Phenoxyethanol, Tromethamine, Aloe Barbadensis Leaf Extract, Sodium Polyacrylate, Ethylhexylglycerin, Disodium EDTA, Menthoxypropanediol, Madecassoside For informational purposes only. While we endeavor to keep this ingredient list accurate, please be advised that our ingredient list may change. We recommend you refer to the ingredient list on the individual product package for the most up to date ingredient list. Key Ingredients: Organic Jeju Aloe Extract: Derived from aloe flesh to help soothe + relieve sun-exposed skin. Madecassoside: Hydrates + helps protect against environmental aggressors. Full Ingredient List: Water / Aqua / Eau, Butylene Glycol, Acrylates/C10¬30 Alkyl Acrylate Crosspolymer, Phenoxyethanol, Tromethamine, Aloe Barbadensis Leaf Extract, Sodium Polyacrylate, Ethylhexylglycerin, Disodium EDTA, Menthoxypropanediol, Madecassoside For informational purposes only. While we endeavor to keep this ingredient list accurate, please be advised that our ingredient list may change. We recommend you refer to the ingredient list on the individual product package for the most up to date ingredient list.",Organic Jeju Aloe Extract: Derived from aloe flesh to help soothe + relieve sun-exposed skin.,"[""normal"", ""dry"", ""oily"", ""combination"", ""sensitive""]",[],"[""hydrate"", ""soothe""]",gel,,,https://us.innisfree.com/cdn/shop/files/101_IF_PDP_AloeGel_Packshot_1.jpg?v=1760460466,https://us.innisfree.com/products/aloe-revitalizing-soothing-gel,,80,true,true,[],[],[],"[""skin_concerns"", ""usage_instruction"", ""warnings""]","{""care_goals"": [], ""category"": [], ""skin_concerns"": [], ""skin_types"": []}",USD,innisfree,,0.3.0,2026-09-15T14:38:07.304534+00:00,
231171419,Black Tea Youth Enhancing Cream,innisfree,moisturizer,35.0,USD,1.69floz,"Experience the benefits of Korean anti-aging skincare with this firming face cream. Infused with Black Tea Reset Concentrate™, niacinamide, and hyaluronic acid, it helps visibly firm, hydrate, and brighten aging skin. This lightweight cream absorbs quickly, leaving your skin smooth, refreshed, and radiant.",AM & PM Hydration Revitalizing Visibly Firms AM & PM Hydration Revitalizing Visibly Firms,"Key Ingredients: Black Tea Reset Concentrate™: Rich in antioxidants and amino acids to help skin look healthier and more youthful Hyaluronic Acid: Deeply hydrates Niacinamide: Boosts radiance Full Ingredient List: Water / Aqua / Eau, Glycerin, Butylene Glycol, Hydrogenated Poly(C6-14 Olefin), Pentaerythrityl Tetraethylhexanoate, Methyl Trimethicone, Niacinamide, Dimethicone, Pca Dimethicone, Cetearyl Alcohol, Glyceryl Stearate, Glyceryl Stearate Citrate, 1,2-Hexanediol, Hydrogenated Coco-Glycerides, Acrylates/C10-30 Alkyl Acrylate Crosspolymer, Tromethamine, Hydroxyethyl Acrylate/Sodium Acryloyldimethyl Taurate Copolymer, Glyceryl Caprylate, Fragrance / Parfum, Xanthan Gum, Pentylene Glycol, Ethylhexylglycerin, Adenosine, Disodium EDTA, Limonene, Sodium Hyaluronate, Dextrin, Theobroma Cacao (Cocoa) Extract, Camellia Sinensis Leaf Extract (Black Tea), Sorbitan Isostearate, Linalool, Citronellol, Achillea Millefolium Extract, Citral, Tocopherol For informational purposes only. While we endeavor to keep this ingredient list accurate, please be advised that our ingredient list may change. We recommend you refer to the ingredient list on the individual product package for the most up to date ingredient list. Key Ingredients: Black Tea Reset Concentrate™: Rich in antioxidants and amino acids to help skin look healthier and more youthful Hyaluronic Acid: Deeply hydrates Niacinamide: Boosts radiance Full Ingredient List: Water / Aqua / Eau, Glycerin, Butylene Glycol, Hydrogenated Poly(C6-14 Olefin), Pentaerythrityl Tetraethylhexanoate, Methyl Trimethicone, Niacinamide, Dimethicone, Pca Dimethicone, Cetearyl Alcohol, Glyceryl Stearate, Glyceryl Stearate Citrate, 1,2-Hexanediol, Hydrogenated Coco-Glycerides, Acrylates/C10-30 Alkyl Acrylate Crosspolymer, Tromethamine, Hydroxyethyl Acrylate/Sodium Acryloyldimethyl Taurate Copolymer, Glyceryl Caprylate, Fragrance / Parfum, Xanthan Gum, Pentylene Glycol, Ethylhexylglycerin, Adenosine, Disodium EDTA, Limonene, Sodium Hyaluronate, Dextrin, Theobroma Cacao (Cocoa) Extract, Camellia Sinensis Leaf Extract (Black Tea), Sorbitan Isostearate, Linalool, Citronellol, Achillea Millefolium Extract, Citral, Tocopherol For informational purposes only. While we endeavor to keep this ingredient list accurate, please be advised that our ingredient list may change. We recommend you refer to the ingredient list on the individual product package for the most up to date ingredient list.",Black Tea Hyaluronic Acid Niacinamide,"[""normal"", ""dry"", ""oily"", ""combination"", ""sensitive""]","[""aging""]","[""hydrate"", ""brighten"", ""anti_aging""]",cream,,,https://us.innisfree.com/cdn/shop/files/1IF_BT-C_Packshot_2024_1080x1080_a0829be9-31f2-4030-8ba7-28745e94034b_1.jpg?v=1759948816,https://us.innisfree.com/products/black-tea-youth-enhancing-cream,,90,true,true,[],[],[],"[""usage_instruction"", ""warnings""]","{""care_goals"": [], ""category"": [], ""skin_concerns"": [], ""skin_types"": []}",USD,innisfree,,0.3.0,2026-09-15T14:38:08.629322+00:00,
231171418,Black Tea Youth Enhancing Serum,innisfree,serum,39.0,USD,1.01floz,"A potent anti-aging serum with antioxidant-rich Black Tea Reset Concentrate™ to help deliver a firmer, hydrated complexion that looks glowing and well-rested.",Hydration Nourishing Hydration Nourishing,"Key Ingredients: Black Tea Reset Concentrate™: Rich in antioxidants and amino acids to help skin look healthier and more youthful Moisture-releasing capsules: Hyaluronic acid + ceramide encapsulated in squalane to deeply hydrate Niacinamide: Boosts radiance Allantoin: Soothes Full Ingredient List: Water / Aqua / Eau, Butylene Glycol, Glycerin, Dipropylene Glycol, Niacinamide, 1,2-Hexanediol, Squalane, Glyceryl Polymethacrylate, Cetearyl Alcohol, Ammonium Acryloyldimethyltaurate/VP Copolymer, Glyceryl Stearate, Xanthan Gum, Allantoin, Hydrogenated Lecithin, Ethylhexylglycerin, Stearic Acid, Polyglyceryl-3 Methylglucose Distearate, Adenosine, Palmitic Acid, Fragrance / Parfum, Disodium EDTA, Sodium Hyaluronate, Limonene, Camellia Sinensis Leaf Extract (Black Tea), Dextrin, Theobroma Cacao (Cocoa) Extract, Linalool, Citronellol, Myristic Acid, Pentylene Glycol, Lauric Acid, Tocopherol, Acrylates/Stearyl Methacrylate Copolymer, Tremella Fuciformis Sporocarp Extract, Hyaluronic Acid, Achillea Millefolium Extract, Ceramide NP For informational purposes only. While we endeavor to keep this ingredient list accurate, please be advised that our ingredient list may change. We recommend you refer to the ingredient list on the individual product package for the most up to date ingredient list. Key Ingredients: Black Tea Reset Concentrate™: Rich in antioxidants and amino acids to help skin look healthier and more youthful Moisture-releasing capsules: Hyaluronic acid + ceramide encapsulated in squalane to deeply hydrate Niacinamide: Boosts radiance Allantoin: Soothes Full Ingredient List: Water / Aqua / Eau, Butylene Glycol, Glycerin, Dipropylene Glycol, Niacinamide, 1,2-Hexanediol, Squalane, Glyceryl Polymethacrylate, Cetearyl Alcohol, Ammonium Acryloyldimethyltaurate/VP Copolymer, Glyceryl Stearate, Xanthan Gum, Allantoin, Hydrogenated Lecithin, Ethylhexylglycerin, Stearic Acid, Polyglyceryl-3 Methylglucose Distearate, Adenosine, Palmitic Acid, Fragrance / Parfum, Disodium EDTA, Sodium Hyaluronate, Limonene, Camellia Sinensis Leaf Extract (Black Tea), Dextrin, Theobroma Cacao (Cocoa) Extract, Linalool, Citronellol, Myristic Acid, Pentylene Glycol, Lauric Acid, Tocopherol, Acrylates/Stearyl Methacrylate Copolymer, Tremella Fuciformis Sporocarp Extract, Hyaluronic Acid, Achillea Millefolium Extract, Ceramide NP For informational purposes only. While we endeavor to keep this ingredient list accurate, please be advised that our ingredient list may change. We recommend you refer to the ingredient list on the individual product package for the most up to date ingredient list.",Antioxidants Black Tea Niacinamide,"[""normal"", ""dry"", ""oily"", ""combination"", ""sensitive""]","[""dryness"", ""aging""]","[""hydrate"", ""brighten"", ""anti_aging""]",serum,,,https://us.innisfree.com/cdn/shop/files/1IF_BT-S_Packshot_2024_01_1080x1080_ee77b294-1d7f-40a7-a57a-58b364a2cd6f_1.jpg?v=1760451393,https://us.innisfree.com/products/black-tea-youth-enhancing-serum,,90,true,true,[],[],[],"[""usage_instruction"", ""warnings""]","{""care_goals"": [], ""category"": [], ""skin_concerns"": [], ""skin_types"": []}",USD,innisfree,,0.3.0,2026-09-15T14:38:10.174420+00:00,
231171420,Black Tea Youth Enhancing Treatment Essence,innisfree,serum,46.0,USD,4.9floz,A watery essence with antioxidant-rich Black Tea and 8 different peptides that helps hydrate and promote healthy skin cell turnover to reveal a radiant complexion.,Hydration Nourishing Hydration Nourishing,"Key Ingredients: Black Tea Peptide Activator™: Rich in antioxidants and 8 types of peptides, this fermented form of Green Tea delivers visible anti-aging effects Glutathione + Niacinamide: Triple antioxidant ingredients that help deliver a clearer, brighter and refreshed complexion Hyaluronic Acid+ Cica + Ectoin: Triple protective ingredients that help deeply hydrate, soothe stressed skin and protect skin from environmental stressors Full Ingredient List: Water / Aqua / Eau, Propanediol, Glycerin, Niacinamide, 1,2-Hexanediol, Camellia Sinensis Leaf Extract (Black Tea), Ethylhexylglycerin, Adenosine, Dextrin, Ectoin, Hyaluronic Acid, 3-O-Ethyl Ascorbic Acid, Glutathione, Mannitol, Saccharomyces Cerevisiae Extract, Butylene Glycol, Centella Asiatica Flower/Leaf/Stem Extract, Glycine Max (Soybean) Polypeptide, Arginine/Lysine Polypeptide, Copper Tripeptide-1, Disodium Edta, Acetyl Tetrapeptide-11, Caprylyl Glycol, Acetyl Heptapeptide-4, Sorbic Acid, Hexapeptide-9, Acetyl Hexapeptide-8, Sodium Hydroxide, Acetyl Octapeptide-3 For informational purposes only. While we endeavor to keep this ingredient list accurate, please be advised that our ingredient list may change. We recommend you refer to the ingredient list on the individual product package for the most up to date ingredient list. Key Ingredients: Black Tea Peptide Activator™: Rich in antioxidants and 8 types of peptides, this fermented form of Green Tea delivers visible anti-aging effects Glutathione + Niacinamide: Triple antioxidant ingredients that help deliver a clearer, brighter and refreshed complexion Hyaluronic Acid+ Cica + Ectoin: Triple protective ingredients that help deeply hydrate, soothe stressed skin and protect skin from environmental stressors Full Ingredient List: Water / Aqua / Eau, Propanediol, Glycerin, Niacinamide, 1,2-Hexanediol, Camellia Sinensis Leaf Extract (Black Tea), Ethylhexylglycerin, Adenosine, Dextrin, Ectoin, Hyaluronic Acid, 3-O-Ethyl Ascorbic Acid, Glutathione, Mannitol, Saccharomyces Cerevisiae Extract, Butylene Glycol, Centella Asiatica Flower/Leaf/Stem Extract, Glycine Max (Soybean) Polypeptide, Arginine/Lysine Polypeptide, Copper Tripeptide-1, Disodium Edta, Acetyl Tetrapeptide-11, Caprylyl Glycol, Acetyl Heptapeptide-4, Sorbic Acid, Hexapeptide-9, Acetyl Hexapeptide-8, Sodium Hydroxide, Acetyl Octapeptide-3 For informational purposes only. While we endeavor to keep this ingredient list accurate, please be advised that our ingredient list may change. We recommend you refer to the ingredient list on the individual product package for the most up to date ingredient list.",Antioxidants,"[""normal"", ""dry"", ""oily"", ""combination"", ""sensitive""]","[""dryness""]","[""hydrate""]",essence,,,https://us.innisfree.com/cdn/shop/files/1IF_BT-E_Packshot_2024_1080x1080_6d1eac52-3d0b-48ce-8074-9af1c2865566_1.jpg?v=1760451020,https://us.innisfree.com/products/black-tea-youth-enhancing-treatment-essence,,90,true,true,[],[],[],"[""usage_instruction"", ""warnings""]","{""care_goals"": [], ""category"": [], ""skin_concerns"": [], ""skin_types"": []}",USD,innisfree,,0.3.0,2026-09-15T14:38:11.328717+00:00,
231171392,Cherry Blossom Glow Jam Cleanser,innisfree,cleanser,14.0,USD,5.07floz,"This gentle daily cleanser features a bouncy jelly texture and is infused with Cherry Blossom Extract and betaine to leave skin feeling fresh, hydrated, and visibly luminous. This K-beauty gel cleanser is vegan & cruelty-free, sulfate free, and suitable for all skin types and helps promote a radiant, healthy-looking glow.",AM & PM Cleansing Soothing AM & PM Cleansing Soothing,"Key Ingredients: Cherry Blossom Extract + Betaine: Boost radiance and hydrate Micellar Cleansing Complex: Thoroughly cleanses skin and helps gently remove residual impurities Soapbark Extract: A plant-derived extract that naturally suds Full Ingredient List: Water / Aqua / Eau, Glycerin, Sodium Cocoyl Alaninate, Disodium Cocoamphodiacetate, Lauryl Hydroxysultaine, Betaine, 1,2-Hexanediol, Acrylates/C10-30 Alkyl Acrylate Crosspolymer, Xanthan Gum, Caprylyl Glycol, Sodium Chloride, Coco-Glucoside, Fragrance / Parfum, Sodium Cocoyl Isethionate, Sodium Phytate, Propanediol, Hexylene Glycol, Quillaja Saponaria Bark Extract, Prunus Yedoensis Leaf Extract, Cyanocobalamin For informational purposes only. While we endeavor to keep this ingredient list accurate, please be advised that our ingredient list may change. We recommend you refer to the ingredient list on the individual product package for the most up to date ingredient list. Key Ingredients: Cherry Blossom Extract + Betaine: Boost radiance and hydrate Micellar Cleansing Complex: Thoroughly cleanses skin and helps gently remove residual impurities Soapbark Extract: A plant-derived extract that naturally suds Full Ingredient List: Water / Aqua / Eau, Glycerin, Sodium Cocoyl Alaninate, Disodium Cocoamphodiacetate, Lauryl Hydroxysultaine, Betaine, 1,2-Hexanediol, Acrylates/C10-30 Alkyl Acrylate Crosspolymer, Xanthan Gum, Caprylyl Glycol, Sodium Chloride, Coco-Glucoside, Fragrance / Parfum, Sodium Cocoyl Isethionate, Sodium Phytate, Propanediol, Hexylene Glycol, Quillaja Saponaria Bark Extract, Prunus Yedoensis Leaf Extract, Cyanocobalamin For informational purposes only. While we endeavor to keep this ingredient list accurate, please be advised that our ingredient list may change. We recommend you refer to the ingredient list on the individual product package for the most up to date ingredient list.",Cherry Blossom,"[""normal"", ""dry"", ""oily"", ""combination"", ""sensitive""]",[],"[""cleanse"", ""hydrate"", ""brighten"", ""soothe""]",gel,,,https://us.innisfree.com/cdn/shop/files/01_IF_CB-CF_Packshot_2024_01_1080x1080_572e4108-0b74-4971-99c8-2d6445d8de37_1.jpg?v=1760456836,https://us.innisfree.com/products/cherry-blossom-glow-jam-cleanser,,80,true,true,[],[],[],"[""skin_concerns"", ""usage_instruction"", ""warnings""]","{""care_goals"": [], ""category"": [], ""skin_concerns"": [], ""skin_types"": []}",USD,innisfree,,0.3.0,2026-09-15T14:38:19.052479+00:00,
231171391,Jeju’s Cherry Blossom Glow Jelly Cream: Ultimate Moisturizer for Radiant Skin,innisfree,moisturizer,30.0,USD,1.69floz,"A bouncy, lightweight gel cream with niacinamide and Cherry Blossom Flavonoids that visibly brightens and soothes to deliver a dewy, glowing complexion.",Hydration,"Key Ingredients: Cherry Blossom Flavonoids : Soothe Niacinamide: Brightens Betaine: Derived from sugar beets to hydrate Full Ingredient List: Water / Aqua / Eau, Glycerin, Propanediol, Dipropylene Glycol, Niacinamide, Betaine, 1,2-Hexanediol, Carbomer, Tromethamine, Sodium Metaphosphate, Ammonium Acryloyldimethyltaurate/Beheneth-25 Methacrylate Crosspolymer, Ethylhexylglycerin, Fragrance / Parfum, Prunus Yedoensis Leaf Extract, Tocopherol For informational purposes only. While we endeavor to keep this ingredient list accurate, please be advised that our ingredient list may change. We recommend you refer to the ingredient list on the individual product package for the most up to date ingredient list. Key Ingredients: Cherry Blossom Flavonoids : Soothe Niacinamide: Brightens Betaine: Derived from sugar beets to hydrate Full Ingredient List: Water / Aqua / Eau, Glycerin, Propanediol, Dipropylene Glycol, Niacinamide, Betaine, 1,2-Hexanediol, Carbomer, Tromethamine, Sodium Metaphosphate, Ammonium Acryloyldimethyltaurate/Beheneth-25 Methacrylate Crosspolymer, Ethylhexylglycerin, Fragrance / Parfum, Prunus Yedoensis Leaf Extract, Tocopherol For informational purposes only. While we endeavor to keep this ingredient list accurate, please be advised that our ingredient list may change. We recommend you refer to the ingredient list on the individual product package for the most up to date ingredient list.",Cherry Blossom,"[""combination"", ""dry"", ""normal"", ""oily""]",[],"[""hydrate"", ""brighten"", ""soothe""]",gel-cream,,,https://us.innisfree.com/cdn/shop/files/01_IF_CB-JC_Packshot_2024_01_1080x1080_c8ec9552-baa1-4450-8500-021b480c6e92_1.jpg?v=1759872279,https://us.innisfree.com/products/cherry-blossom-glow-jelly-cream,,80,true,true,[],[],[],"[""skin_concerns"", ""usage_instruction"", ""warnings""]","{""care_goals"": [], ""category"": [], ""skin_concerns"": [], ""skin_types"": []}",USD,innisfree,,0.3.0,2026-09-15T14:38:20.576802+00:00,
231171521,Daily Gentle Retinol Salicylic Toner Pads,innisfree,toner,28.0,USD,170ml,"Biodegradable, daily toner pads with Gentle Retinol + salicylic acid to calm redness, hydrate, and gently exfoliate.",Acne Prone Care AM & PM Soothing Acne Prone Care AM & PM Soothing,"Key Ingredients: Gentle Retinol Technology + Salicylic Acid: Balanced dose of retinol + salicylic acid to gently purify pores & enhance skin turnover Green Tea Soothing Complex: Calms redness & helps maintain skin's barrier health Cica & Allatoin: Soothe skin Full Ingredient List: Water / Aqua / Eau, Glycereth-26, Glycerin, Niacinamide, Dipropylene Glycol, 1,2-Hexanediol, Centella Asiatica Extract, Butylene Glycol, Hydroxyethyl Urea, Polyglyceryl-10 Laurate, Lactobacillus Ferment Lysate, Allantoin, Erythritol, Hydroxyethyl Acrylate/Sodium Acryloyldimethyl Taurate Copolymer, Dipotassium Glycyrrhizate, Ethylhexylglycerin, Butyrospermum Parkii (Shea) Butter, Adenosine, Olea Europaea (Olive) Fruit Oil, Caprylic/Capric Triglyceride, Hydrogenated Lecithin, Squalane, Acrylates/C10-30 Alkyl Acrylate Crosspolymer, Arginine, Sodium Phytate, Ammonium Acryloyldimethyltaurate/Vp Copolymer, Hydroxyethylcellulose, Polyglutamic Acid, Glycine Soja (Soybean) Oil, Sorbitan Isostearate, Methyl Diisopropyl Propionamide, Camellia Sinensis Seed Extract, Retinol, Ceramide NP, Cholesterol, Phytosphingosine, Salicylic Acid For informational purposes only. While we endeavor to keep this ingredient list accurate, please be advised that our ingredient list may change. We recommend you refer to the ingredient list on the individual product package for the most up to date ingredient list. Key Ingredients: Gentle Retinol Technology + Salicylic Acid: Balanced dose of retinol + salicylic acid to gently purify pores & enhance skin turnover Green Tea Soothing Complex: Calms redness & helps maintain skin's barrier health Cica & Allatoin: Soothe skin Full Ingredient List: Water / Aqua / Eau, Glycereth-26, Glycerin, Niacinamide, Dipropylene Glycol, 1,2-Hexanediol, Centella Asiatica Extract, Butylene Glycol, Hydroxyethyl Urea, Polyglyceryl-10 Laurate, Lactobacillus Ferment Lysate, Allantoin, Erythritol, Hydroxyethyl Acrylate/Sodium Acryloyldimethyl Taurate Copolymer, Dipotassium Glycyrrhizate, Ethylhexylglycerin, Butyrospermum Parkii (Shea) Butter, Adenosine, Olea Europaea (Olive) Fruit Oil, Caprylic/Capric Triglyceride, Hydrogenated Lecithin, Squalane, Acrylates/C10-30 Alkyl Acrylate Crosspolymer, Arginine, Sodium Phytate, Ammonium Acryloyldimethyltaurate/Vp Copolymer, Hydroxyethylcellulose, Polyglutamic Acid, Glycine Soja (Soybean) Oil, Sorbitan Isostearate, Methyl Diisopropyl Propionamide, Camellia Sinensis Seed Extract, Retinol, Ceramide NP, Cholesterol, Phytosphingosine, Salicylic Acid For informational purposes only. While we endeavor to keep this ingredient list accurate, please be advised that our ingredient list may change. We recommend you refer to the ingredient list on the individual product package for the most up to date ingredient list.",BHA Hyaluronic Acid Niacinamide Retinol,"[""normal"", ""dry"", ""oily"", ""combination"", ""sensitive""]","[""acne"", ""redness""]","[""cleanse"", ""hydrate"", ""anti_acne"", ""soothe"", ""exfoliate""]",pads,"Gentle Daily Exfoliation After cleansing, swipe the pad green-side down across your face to exfoliate, balance pH, and prep skin Targeted Instant, Soothing Relief Apply a pad directly to a redness-prone area like a mini sheet mask. Leave on for 10 minutes to calm + hydrate skin Variety of Ways Stretch or cut in half with clean scissors for a customized fit on your face + under eyes. Store in fridge for extra cooling benefits Gentle Daily Exfoliation After cleansing, swipe the pad green-side down across your face to exfoliate, balance pH, and prep skin Gentle Daily Exfoliation After cleansing, swipe the pad green-side down across your face to exfoliate, balance pH, and prep skin Targeted Instant, Soothing Relief Apply a pad directly to a redness-prone area like a mini sheet mask. Leave on for 10 minutes to calm + hydrate skin Targeted Instant, Soothing Relief Apply a pad directly to a redness-prone area like a mini sheet mask. Leave on for 10 minutes to calm + hydrate skin Variety of Ways Stretch or cut in half with clean scissors for a customized fit on your face + under eyes. Store in fridge for extra cooling benefits Variety of Ways Stretch or cut in half with clean scissors for a customized fit on your face + under eyes. Store in fridge for extra cooling benefits",,https://us.innisfree.com/cdn/shop/files/01_IF_RC-AP_Packshot_2024_01_1080x1080_91e5479d-c450-4e6c-be3d-182183e60c36_1.jpg?v=1760384171,https://us.innisfree.com/products/daily-gentle-retinol-salicylic-toner-pads,,96,true,true,[],[],[],"[""warnings""]","{""care_goals"": [], ""category"": [], ""skin_concerns"": [], ""skin_types"": []}",USD,innisfree,,0.3.0,2026-09-15T14:38:22.621148+00:00,
231171342,Daily UV Defense Mineral Sunscreen Broad Spectrum SPF 45 with Color Correcting - 50ML,innisfree,sunscreen,12.0,USD,50ml,Allure 2025 Best of Beauty Award Winner* A green-tinted mineral sunscreen with 8 types of hyaluronic acid and soothing Cica that protects while neutralizing visible redness.,Hydration UV Protection Hydration UV Protection,"Key Ingredients: 8 Types of Hyaluronic Acid + Olive-Derived Squalane: Deeply hydrate and nourish Cica: Soothes skin Neutralizing Green Tint: Color corrects redness Full Ingredient List: Active Ingredient: Zinc Oxide (17%) Inactive Ingredients: Water / Aqua / Eau, Propylheptyl Caprylate, Butyloctyl Salicylate, Propanediol, Caprylyl Methicone, Disiloxane, Polyglyceryl-3 Polydimethylsiloxyethyl Dimethicone, Polymethylsilsesquioxane,Polyglyceryl-2 Dipolyhydroxystearate, Disteardimonium Hectorite, Magnesium Sulfate, Triethoxycaprylylsilane, 1,2-Hexanediol, Silica, Lauryl Polyglyceryl-3 Polydimethylsiloxyethyl Dimethicone,Synthetic Fluorphlogopite, Dicaprylyl Carbonate,Caprylyl Glycol, Glyceryl Caprylate, Chromium Oxide Greens (CI77288), Mica, Ethylhexylglycerin, Sodium Hyaluronate, Tocopherol, Squalane, Ceramide NP, Niacinamide, Hydrolyzed Sodium Hyaluronate, Panthenol, Butylene Glycol, Centella Asiatica Extract, Centella Asiatica Leaf Extract, Saccharomyces Ferment, Centella Asiatica Root Extract, Hydroxypropyltrimonium Hyaluronate, Asiaticoside, Madecassoside, Hydrolyzed Hyaluronic Acid, Sodium Acetylated Hyaluronate, Hyaluronic Acid,Sodium Hyaluronate Crosspolymer, Potassium Hyaluronate, Asiatic Acid, Madecassic Acid For informational purposes only. While we endeavor to keep this ingredient list accurate, please be advised that our ingredient list may change. We recommend you refer to the ingredient list on the individual product package for the most up to date ingredient list. Key Ingredients: 8 Types of Hyaluronic Acid + Olive-Derived Squalane: Deeply hydrate and nourish Cica: Soothes skin Neutralizing Green Tint: Color corrects redness Full Ingredient List: Active Ingredient: Zinc Oxide (17%) Inactive Ingredients: Water / Aqua / Eau, Propylheptyl Caprylate, Butyloctyl Salicylate, Propanediol, Caprylyl Methicone, Disiloxane, Polyglyceryl-3 Polydimethylsiloxyethyl Dimethicone, Polymethylsilsesquioxane,Polyglyceryl-2 Dipolyhydroxystearate, Disteardimonium Hectorite, Magnesium Sulfate, Triethoxycaprylylsilane, 1,2-Hexanediol, Silica, Lauryl Polyglyceryl-3 Polydimethylsiloxyethyl Dimethicone,Synthetic Fluorphlogopite, Dicaprylyl Carbonate,Caprylyl Glycol, Glyceryl Caprylate, Chromium Oxide Greens (CI77288), Mica, Ethylhexylglycerin, Sodium Hyaluronate, Tocopherol, Squalane, Ceramide NP, Niacinamide, Hydrolyzed Sodium Hyaluronate, Panthenol, Butylene Glycol, Centella Asiatica Extract, Centella Asiatica Leaf Extract, Saccharomyces Ferment, Centella Asiatica Root Extract, Hydroxypropyltrimonium Hyaluronate, Asiaticoside, Madecassoside, Hydrolyzed Hyaluronic Acid, Sodium Acetylated Hyaluronate, Hyaluronic Acid,Sodium Hyaluronate Crosspolymer, Potassium Hyaluronate, Asiatic Acid, Madecassic Acid For informational purposes only. While we endeavor to keep this ingredient list accurate, please be advised that our ingredient list may change. We recommend you refer to the ingredient list on the individual product package for the most up to date ingredient list.",8 Types of Hyaluronic Acid + Olive-Derived Squalane: Deeply hydrate and nourish Cica: Soothes skin Neutralizing Green Tint: Color corrects redness,"[""normal"", ""dry"", ""oily"", ""combination"", ""sensitive""]","[""dryness"", ""redness""]","[""hydrate"", ""soothe"", ""sun_protection""]",,,,http://us.innisfree.com/cdn/shop/files/1IF_SUN-M_Packshot_2024_01_1080x1080_c6988a82-43b8-4e13-a8b8-4c6407c0239c_1.jpg?v=1759867600,https://us.innisfree.com/products/daily-uv-defense-mineral-sunscreen,,88,true,true,[],[],[],"[""usage_instruction"", ""warnings"", ""texture""]","{""care_goals"": [], ""category"": [], ""skin_concerns"": [], ""skin_types"": []}",USD,innisfree,,0.3.0,2026-09-15T14:38:54.433962+00:00,
231171502,Daily UV Defense Sunscreen Broad Spectrum SPF 50+ - 50ML,innisfree,sunscreen,10.0,USD,50ml,"Our Korean SPF 50+ PA++++ sunscreen offers advanced UVA protection in a weightless, invisible formula. No white cast, no pilling, and won't trigger breakouts —just advanced UVA protection, with a glowy finish. Fit for daily wear under makeup or on bare skin for face + body.",AM No White Cast UV Protection AM No White Cast UV Protection,"Key Ingredients: Green Tea: Hydrates Sunflower Seed Oil: Nourishes Cica: Soothes Active Ingredients: Avobenzone (2.5%), Homosalate (7.0%), Octisalate (4.3%) Inactive Ingredients: Water / Aqua / Eau, Butyloctyl Salicylate, Dipropylene Glycol, Ethylhexyl Methoxycrylene, Glycerin, Silica, 1,2-Hexanediol, Arachidyl Alcohol, Behenyl Alcohol, Cetyl Alcohol, Pentylene Glycol, Arachidyl Glucoside, Ammonium Polyacryloyldimethyl Taurate, Glyceryl Stearate, PEG-100 Stearate, Fragrance / Parfum, Ethylhexylglycerin, Limonene, T-Butyl Alcohol, Linalool, Tocopherol, Simmondsia Chinensis (Jojoba) Seed Oil, Helianthus Annuus (Sunflower) Seed Oil, Hamamelis Virginiana (Witch Hazel) Flower Water, Butylene Glycol, Camellia Sinensis Leaf Extract, Centella Asiatica Extract, Caprylyl Glycol *This sunscreen is formulated without Oxybenzone and Octinoxate For informational purposes only. While we endeavor to keep this ingredient list accurate, please be advised that our ingredient list may change. We recommend you refer to the ingredient list on the individual product package for the most up to date ingredient list. Key Ingredients: Green Tea: Hydrates Sunflower Seed Oil: Nourishes Cica: Soothes Active Ingredients: Avobenzone (2.5%), Homosalate (7.0%), Octisalate (4.3%) Inactive Ingredients: Water / Aqua / Eau, Butyloctyl Salicylate, Dipropylene Glycol, Ethylhexyl Methoxycrylene, Glycerin, Silica, 1,2-Hexanediol, Arachidyl Alcohol, Behenyl Alcohol, Cetyl Alcohol, Pentylene Glycol, Arachidyl Glucoside, Ammonium Polyacryloyldimethyl Taurate, Glyceryl Stearate, PEG-100 Stearate, Fragrance / Parfum, Ethylhexylglycerin, Limonene, T-Butyl Alcohol, Linalool, Tocopherol, Simmondsia Chinensis (Jojoba) Seed Oil, Helianthus Annuus (Sunflower) Seed Oil, Hamamelis Virginiana (Witch Hazel) Flower Water, Butylene Glycol, Camellia Sinensis Leaf Extract, Centella Asiatica Extract, Caprylyl Glycol *This sunscreen is formulated without Oxybenzone and Octinoxate For informational purposes only. While we endeavor to keep this ingredient list accurate, please be advised that our ingredient list may change. We recommend you refer to the ingredient list on the individual product package for the most up to date ingredient list.",Cica Green Tea,"[""normal"", ""dry"", ""oily"", ""combination"", ""sensitive""]","[""acne""]","[""brighten"", ""anti_acne"", ""sun_protection""]",,,,http://us.innisfree.com/cdn/shop/files/01_FullSize_IF_SUN-DUV50-50ml_Packshot_2025_02.jpg?v=1770841908,https://us.innisfree.com/products/daily-uv-defense-sunscreen-spf-50,,88,true,true,[],[],[],"[""usage_instruction"", ""warnings"", ""texture""]","{""care_goals"": [], ""category"": [], ""skin_concerns"": [], ""skin_types"": []}",USD,innisfree,,0.3.0,2026-09-15T14:39:08.205227+00:00,
231171517,Daily UV Defense Sunscreen Stick Broad Spectrum SPF 50+,innisfree,sunscreen,22.0,USD,,"Korean SPF 50+ sunscreen stick delivers water-resistant UVA/UVB defense in a weightless, non-greasy formula. No white cast, breakout friendly, and pore-blurring for a smooth satin finish—perfect for everyday wear under makeup or on bare skin, anytime, anywhere.",AM No White Cast UV Protection AM No White Cast UV Protection,"Key Ingredients: Green Tea: Hydrates Sunflower Seed Oil: Nourishes Cica: Soothes Active Ingredients: Avobenzone 2.7%, Homosalate 6.8%, Octisalate 4.5% Inactive Ingredients: Synthetic Wax, Propylheptyl Caprylate, Silica, Butylene Glycol Dicaprylate/Dicaprate, Dimethicone, Dicaprylyl Carbonate, Synthetic Fluorphlogopite, Butyloctyl Salicylate, Ethylhexyl Methoxycrylene, Silica Silylate, Acrylates Copolymer, Microcrystalline Wax/Cera Microcristallina/Cire Microcristalline, Triethoxycaprylylsilane, Caprylyl Glycol, Lauryl Polyglyceryl-3 Polydimethylsiloxyethyl Dimethicone, Fragrance/Parfum, Ethylhexylglycerin, Limonene, Tocopherol, Linalool, Water/Aqua/Eau, Simmondsia Chinensis (Jojoba) Seed Oil, Helianthus Annuus (Sunflower) Seed Oil, Butylene Glycol, 1,2-Hexanediol, Camellia Sinensis Leaf Extract, Centella Asiatica Extract *This sunscreen is formulated without Oxybenzone and Octinoxate For informational purposes only. While we endeavor to keep this ingredient list accurate, please be advised that our ingredient list may change. We recommend you refer to the ingredient list on the individual product package for the most up to date ingredient list. Key Ingredients: Green Tea: Hydrates Sunflower Seed Oil: Nourishes Cica: Soothes Active Ingredients: Avobenzone 2.7%, Homosalate 6.8%, Octisalate 4.5% Inactive Ingredients: Synthetic Wax, Propylheptyl Caprylate, Silica, Butylene Glycol Dicaprylate/Dicaprate, Dimethicone, Dicaprylyl Carbonate, Synthetic Fluorphlogopite, Butyloctyl Salicylate, Ethylhexyl Methoxycrylene, Silica Silylate, Acrylates Copolymer, Microcrystalline Wax/Cera Microcristallina/Cire Microcristalline, Triethoxycaprylylsilane, Caprylyl Glycol, Lauryl Polyglyceryl-3 Polydimethylsiloxyethyl Dimethicone, Fragrance/Parfum, Ethylhexylglycerin, Limonene, Tocopherol, Linalool, Water/Aqua/Eau, Simmondsia Chinensis (Jojoba) Seed Oil, Helianthus Annuus (Sunflower) Seed Oil, Butylene Glycol, 1,2-Hexanediol, Camellia Sinensis Leaf Extract, Centella Asiatica Extract *This sunscreen is formulated without Oxybenzone and Octinoxate For informational purposes only. While we endeavor to keep this ingredient list accurate, please be advised that our ingredient list may change. We recommend you refer to the ingredient list on the individual product package for the most up to date ingredient list.",Cica Green Tea,"[""normal"", ""dry"", ""oily"", ""combination"", ""sensitive""]","[""acne"", ""large_pores""]","[""anti_acne"", ""sun_protection""]",stick,,,https://us.innisfree.com/cdn/shop/files/01_IF_SUN-DUV-S_Packshot_2025_02.jpg?v=1770840278,https://us.innisfree.com/products/daily-uv-defense-sunscreen-stick-spf-50,,88,true,true,[],[],[],"[""usage_instruction"", ""warnings"", ""volume""]","{""care_goals"": [], ""category"": [], ""skin_concerns"": [], ""skin_types"": []}",USD,innisfree,,0.3.0,2026-09-15T14:39:13.050732+00:00,
231171536,Daily UV Invisible Barrier Sunscreen Serum Broad Spectrum SPF 47 with Green Tea,innisfree,serum,20.0,USD,1.69floz,"Sensitive skin friendly, Korean sunscreen that's also your favorite hydrating serum. Its weightless, non-greasy texture won't pill under makeup + melts effortlessly into skin delivering invisible SPF 47 sun protection. The instantly cooling, skincare-forward formula includes Jeju-grown Green Tea for antioxidant care + barrier-boosting Hyaluronic Acid capsules for lasting hydration.",AM No White Cast UV Protection AM No White Cast UV Protection,"Key Ingredients: 2% Green Tea: Antioxidant rich, extracted using innisfree's unique 'double squeeze' technology for hydration​ Hyaluronic Acid Capsules: Absorb better and stay on the skin longer for lasting hydration (vs. non-capsulated hyaluronic acid)​ Panthenol + Madecassoside: Strengthen skin's moisture barrier + soothe skin Vitamin E: Antioxidant-rich​ Active Ingredients: Avobenzone (2.5%), Homosalate (5.0%), Octisalate (4.5%) Inactive Ingredients: Water / Aqua / Eau, Glycerin, Ethylhexyl Methoxycrylene, Phenyl Trimethicone, Caprylyl Methicone, 1,2-Hexanediol, Behenyl Alcohol, Glyceryl Polymethacrylate, Panthenol, Sodium Polyacryloyl-dimethyl Taurate, Arachidyl Alcohol, Propanediol, Butylene Glycol, Ethylhexylglycerin, Caprylyl Glycol, Polyacrylate Crosspolymer-6, Arachidyl Glucoside, Niacinamide, Tocopherol, Sodium Metaphosphate, Madecassoside, Sodium Hyaluronate, Hyaluronic Acid, Cetyl-PG Hydroxyethyl Palmitamide, Glyceryl Oleate, Tromethamine, Lecithin, Lauryl Glucoside, Polyglyceryl‑6 Laurate, Myristyl Glucoside, Camellia Sinensis Leaf Extract, Camellia Sinensis Flower Extract, Xanthan Gum. *This sunscreen is formulated without Oxybenzone and Octinoxate For informational purposes only. While we endeavor to keep this ingredient list accurate, please be advised that our ingredient list may change. We recommend you refer to the ingredient list on the individual product package for the most up to date ingredient list. Key Ingredients: 2% Green Tea: Antioxidant rich, extracted using innisfree's unique 'double squeeze' technology for hydration​ Hyaluronic Acid Capsules: Absorb better and stay on the skin longer for lasting hydration (vs. non-capsulated hyaluronic acid)​ Panthenol + Madecassoside: Strengthen skin's moisture barrier + soothe skin Vitamin E: Antioxidant-rich​ Active Ingredients: Avobenzone (2.5%), Homosalate (5.0%), Octisalate (4.5%) Inactive Ingredients: Water / Aqua / Eau, Glycerin, Ethylhexyl Methoxycrylene, Phenyl Trimethicone, Caprylyl Methicone, 1,2-Hexanediol, Behenyl Alcohol, Glyceryl Polymethacrylate, Panthenol, Sodium Polyacryloyl-dimethyl Taurate, Arachidyl Alcohol, Propanediol, Butylene Glycol, Ethylhexylglycerin, Caprylyl Glycol, Polyacrylate Crosspolymer-6, Arachidyl Glucoside, Niacinamide, Tocopherol, Sodium Metaphosphate, Madecassoside, Sodium Hyaluronate, Hyaluronic Acid, Cetyl-PG Hydroxyethyl Palmitamide, Glyceryl Oleate, Tromethamine, Lecithin, Lauryl Glucoside, Polyglyceryl‑6 Laurate, Myristyl Glucoside, Camellia Sinensis Leaf Extract, Camellia Sinensis Flower Extract, Xanthan Gum. *This sunscreen is formulated without Oxybenzone and Octinoxate For informational purposes only. While we endeavor to keep this ingredient list accurate, please be advised that our ingredient list may change. We recommend you refer to the ingredient list on the individual product package for the most up to date ingredient list.",Green Tea Hyaluronic Acid Madecassoside Panthenol,"[""normal"", ""dry"", ""oily"", ""combination"", ""sensitive""]","[""sensitivity""]","[""hydrate"", ""sun_protection""]",serum,1. Apply a generous amount to face + neck 2. Reapply every 2 hours 3. Wear alone or under makeup 1. Apply a generous amount to face + neck 2. Reapply every 2 hours 3. Wear alone or under makeup,,https://us.innisfree.com/cdn/shop/files/1_IF_GT-SS_50ml_Packshot_2026_01_1080x1080_602573e9-cffd-492c-a3c0-2820b9c99e33.jpg?v=1778707312,https://us.innisfree.com/products/daily-uv-invisible-barrier-sunscreen-serum-broad-spectrum-spf-47-with-green-tea,,96,true,true,[],[],[],"[""warnings""]","{""care_goals"": [], ""category"": [], ""skin_concerns"": [], ""skin_types"": []}",USD,innisfree,,0.3.0,2026-09-15T14:39:16.832390+00:00,
231171444,Energy Sheet Mask - Aloe Energy - Refresh,innisfree,mask,2.5,USD,74floz,"Innisfree Energy Sheet Mask is a hydrating sheet mask that refreshes tired skin and boosts your natural glow. This Korean sheet mask features biodegradable sheets infused with botanical essences for instant moisture and dewy, balanced skin. Choose from nature-inspired variants: Green Tea, Aloe, Pomegranate, and Kombucha to bring a spa-like glow to your daily skincare ritual.",AM & PM Glow Hydration Nourishing Refreshing Revitalizing AM & PM Glow Hydration Nourishing Refreshing Revitalizing,"Water Type (Kombucha): A hydrating sheet mask that helps rebalance and refresh skin, promoting a healthy-looking, radiant complexion Serum Type (Aloe, Green Tea, Pomegranate): A Korean sheet mask for dull skin that deeply quenches dryness and boosts your natural glow with botanical extracts Full Ingredient List: Aloe: Water / Aqua / Eau, Butylene Glycol, Dipropylene Glycol, Glycerin, Aloe Barbadensis Leaf Juice, Glyceryl Polymethacrylate, 1,2-Hexanediol, Polyglyceryl-10 Laurate, Carbomer, Arginine, Glyceryl Caprylate, Xanthan Gum, Ethylhexylglycerin, Paeonia Suffruticosa Root Extract, Centella Asiatica Extract, Disodium EDTA, Chamomilla Recutita (Matricaria) Flower Extract, Fragrance / Parfum, Diethylhexyl Sodium Sulfosuccinate, Sodium Hyaluronate Green Tea: Water / Aqua / Eau, Butylene Glycol, Dipropylene Glycol, Glycerin, Glyceryl Polymethacrylate, 1,2-Hexanediol, Polyglyceryl-10 Laurate, Carbomer, Arginine, Glyceryl Caprylate, Xanthan Gum, Ethylhexylglycerin, Camellia Sinensis Leaf Extract, Paeonia Suffruticosa Root Extract, Centella Asiatica Extract, Disodium EDTA, Chamomilla Recutita (Matricaria) Flower Extract, Rosa Damascena Flower Water, Pyrus Communis (Pear) Fruit Extract, Cucumis Melo (Melon) Seed Extract, Diethylhexyl Sodium Sulfosuccinate, Iris Florentina Root Extract, Sodium Hyaluronate, Vetiveria Zizanoides Root Oil Pomegranate: Water / Aqua / Eau, Butylene Glycol, Dipropylene Glycol, Glycerin, Punica Granatum Fruit Juice, Glyceryl Polymethacrylate, 1,2-Hexanediol, Polyglyceryl-10 Laurate, Carbomer, Arginine, Glyceryl Caprylate, Xanthan Gum, Ethylhexylglycerin, Paeonia Suffruticosa Root Extract, Centella Asiatica Extract, Disodium EDTA, Chamomilla Recutita (Matricaria) Flower Extract, Diethylhexyl Sodium Sulfosuccinate, Vanilla Planifolia Fruit Extract, Pyrus Communis (Pear) Fruit Extract, Prunus Persica (Peach) Fruit Extract, Rubus Suavissimus (Raspberry) Leaf Extract, Prunus Armeniaca (Apricot) Fruit Extract, Sodium Hyaluronate, Pyrus Malus (Apple) Fruit Extract, Hedera Helix (Ivy) Leaf/Stem Extract Kombucha: Water / Aqua / Eau, Dipropylene Glycol, Butylene Glycol, 1,2-Hexanediol, Polyglyceryl-10 Laurate, Glyceryl Caprylate, Carbomer, Arginine, Xanthan Gum, Ethylhexylglycerin, Paeonia Suffruticosa Root Extract, Centella Asiatica Extract, Disodium EDTA, Chamomilla Recutita (Matricaria) Flower Extract, Viola Odorata Leaf Extract, Lactobacillus Ferment, Vanilla Planifolia Fruit Extract, Crataegus Monogyna Fruit Extract, Diethylhexyl Sodium Sulfosuccinate, Prunus Amygdalus Amara (Bitter Almond) Seed Extract, Hedera Helix (Ivy) Leaf/Stem Extract, Sodium Hyaluronate, Amyris Balsamifera Bark Oil For informational purposes only. While we endeavor to keep this ingredient list accurate, please be advised that our ingredient list may change. We recommend you refer to the ingredient list on the individual product package for the most up to date ingredient list. Water Type (Kombucha): A hydrating sheet mask that helps rebalance and refresh skin, promoting a healthy-looking, radiant complexion Serum Type (Aloe, Green Tea, Pomegranate): A Korean sheet mask for dull skin that deeply quenches dryness and boosts your natural glow with botanical extracts Full Ingredient List: Aloe: Water / Aqua / Eau, Butylene Glycol, Dipropylene Glycol, Glycerin, Aloe Barbadensis Leaf Juice, Glyceryl Polymethacrylate, 1,2-Hexanediol, Polyglyceryl-10 Laurate, Carbomer, Arginine, Glyceryl Caprylate, Xanthan Gum, Ethylhexylglycerin, Paeonia Suffruticosa Root Extract, Centella Asiatica Extract, Disodium EDTA, Chamomilla Recutita (Matricaria) Flower Extract, Fragrance / Parfum, Diethylhexyl Sodium Sulfosuccinate, Sodium Hyaluronate Green Tea: Water / Aqua / Eau, Butylene Glycol, Dipropylene Glycol, Glycerin, Glyceryl Polymethacrylate, 1,2-Hexanediol, Polyglyceryl-10 Laurate, Carbomer, Arginine, Glyceryl Caprylate, Xanthan Gum, Ethylhexylglycerin, Camellia Sinensis Leaf Extract, Paeonia Suffruticosa Root Extract, Centella Asiatica Extract, Disodium EDTA, Chamomilla Recutita (Matricaria) Flower Extract, Rosa Damascena Flower Water, Pyrus Communis (Pear) Fruit Extract, Cucumis Melo (Melon) Seed Extract, Diethylhexyl Sodium Sulfosuccinate, Iris Florentina Root Extract, Sodium Hyaluronate, Vetiveria Zizanoides Root Oil Pomegranate: Water / Aqua / Eau, Butylene Glycol, Dipropylene Glycol, Glycerin, Punica Granatum Fruit Juice, Glyceryl Polymethacrylate, 1,2-Hexanediol, Polyglyceryl-10 Laurate, Carbomer, Arginine, Glyceryl Caprylate, Xanthan Gum, Ethylhexylglycerin, Paeonia Suffruticosa Root Extract, Centella Asiatica Extract, Disodium EDTA, Chamomilla Recutita (Matricaria) Flower Extract, Diethylhexyl Sodium Sulfosuccinate, Vanilla Planifolia Fruit Extract, Pyrus Communis (Pear) Fruit Extract, Prunus Persica (Peach) Fruit Extract, Rubus Suavissimus (Raspberry) Leaf Extract, Prunus Armeniaca (Apricot) Fruit Extract, Sodium Hyaluronate, Pyrus Malus (Apple) Fruit Extract, Hedera Helix (Ivy) Leaf/Stem Extract Kombucha: Water / Aqua / Eau, Dipropylene Glycol, Butylene Glycol, 1,2-Hexanediol, Polyglyceryl-10 Laurate, Glyceryl Caprylate, Carbomer, Arginine, Xanthan Gum, Ethylhexylglycerin, Paeonia Suffruticosa Root Extract, Centella Asiatica Extract, Disodium EDTA, Chamomilla Recutita (Matricaria) Flower Extract, Viola Odorata Leaf Extract, Lactobacillus Ferment, Vanilla Planifolia Fruit Extract, Crataegus Monogyna Fruit Extract, Diethylhexyl Sodium Sulfosuccinate, Prunus Amygdalus Amara (Bitter Almond) Seed Extract, Hedera Helix (Ivy) Leaf/Stem Extract, Sodium Hyaluronate, Amyris Balsamifera Bark Oil For informational purposes only. While we endeavor to keep this ingredient list accurate, please be advised that our ingredient list may change. We recommend you refer to the ingredient list on the individual product package for the most up to date ingredient list.",,"[""normal"", ""dry"", ""oily"", ""combination"", ""sensitive""]","[""redness""]","[""hydrate"", ""brighten""]",sheet mask,,,http://us.innisfree.com/cdn/shop/files/1IF_PDP_Sheetmask_packshot_4pk_1080x1080_1_989a7955-dbc8-4ae6-b32b-f82338cb6748.jpg?v=1760636961,https://us.innisfree.com/products/energy-sheet-mask,,80,true,true,[],[],[],"[""key_ingredients"", ""usage_instruction"", ""warnings""]","{""care_goals"": [], ""category"": [], ""skin_concerns"": [], ""skin_types"": []}",USD,innisfree,,0.3.0,2026-09-15T14:39:37.695844+00:00,
231171571,Firm + Smooth Set,innisfree,toner,39.0,USD,1.69floz,"Embrace slow-aging with our Firm + Smooth Set!Inspired by the viral Korean PDRN treatment, this limited-edition duo features our Green Tea PDRN™ Firming Serum and exclusive first look at the Green Tea PDRN™ Toner. Instantly smooths and visibly firms for glowing, glassy skin.",AM & PM Glow Visibly Firms AM & PM Glow Visibly Firms,"Key Ingredients: Green Tea PDRN™ Serum: - 56% Green Tea PDRN™: Prevents loss of skin's natural collagen ​ - 1% Triple Retinol Complex™: Promotes cell turnover for instant smoothing & lasting firming benefits Green Tea PDRN™ Toner: - 7% Green Tea PDRN™ for glass skin​ - Retinol smooths & firms​ Full Ingredient List: Green Tea PDRN™ Firming Serum: Lactobacillus Ferment Ly­sate*, Glycerin, Propanediol, Water / Aq­ua / Eau, Dipropylene Glycol, Butylene Glycol, Niacinamide, 1,2­Hexanediol, Sq­ualane, Glyceryl Polymethacrylate, Dimethyl Isosorbide, Methyl Trimethico­ne, Cetearyl Alcohol, Hydroxyethyl U­rea, Ammonium Acryloyldimethyltaur­ate/VP Copolymer, Helianthus Annuus (Sunflower) Seed Oil, Glycine Soja (Soy ­Bean) Oil, Allantoin, Glyceryl Stearate, Xanthan Gum, Tocopherol, Tocopherylacetate, Pentylene Glycol, Dipotassium Glycyrrhizate, Sodium Stearoyl Gluta­mate, Hydrogenated Lecithin, Daucus Carota Sativa (Carrot) Root Extract, Hydroxypinacolone Retinoate, Stear­ic Acid, Polyglyceryl­3 Methylglucose Distearate, Sodium Polyacrylate, Sodium Metaphosphate, Kojyl Methylened­ioxycinnamate, Palmitic Acid, Ethylhe­xylglycerin, Adenosine, Retinol, Sodiu­m Hyaluronate, Hyaluronic Acid, Hyd­rolyzed Vegetable Protein, Achillea Mi­llefolium Extract, Beta­carotene, My­ristic Acid, Lauric Acid, Pullulan, Zein, Camellia Sinensis Leaf Extract, Pectin, Citric Acid *Green Tea PDRN™ -A proprietary Green Tea probiotic-derived lactobacillus ferment lysate that helps visibly rejuvenate skin Green Tea PDRN™ Skinbooster Toner: Water / Aqua / Eau, Butylene Glycol, Lactobacillus Ferment Lysate, Glycerin, Niacinamide, Polyglycerin-3, 1,2-Hexanediol, Propanediol, PPG-13-Decyltetradeceth-24, Glycine Soja (Soybean) Oil, Ethylhexylglycerin, Panthenol, Adenosine, Sodium Polyacrylate, Sodium Metaphosphate, Retinol, Tocopherol, Sodium Hyaluronate, Camellia Sinensis Leaf Extract, Hydrolyzed Hyaluronic Acid, Sodium Hyaluronate Crosspolymer, Hyaluronic Acid, Sodium Acetylated Hyaluronate For informational purposes only. While we endeavor to keep this ingredient list accurate, please be advised that our ingredient list may change. We recommend you refer to the ingredient list on the individual product package for the most up to date ingredient list. Key Ingredients: Green Tea PDRN™ Serum: - 56% Green Tea PDRN™: Prevents loss of skin's natural collagen ​ - 1% Triple Retinol Complex™: Promotes cell turnover for instant smoothing & lasting firming benefits Green Tea PDRN™ Toner: - 7% Green Tea PDRN™ for glass skin​ - Retinol smooths & firms​ Full Ingredient List: Green Tea PDRN™ Firming Serum: Lactobacillus Ferment Ly­sate*, Glycerin, Propanediol, Water / Aq­ua / Eau, Dipropylene Glycol, Butylene Glycol, Niacinamide, 1,2­Hexanediol, Sq­ualane, Glyceryl Polymethacrylate, Dimethyl Isosorbide, Methyl Trimethico­ne, Cetearyl Alcohol, Hydroxyethyl U­rea, Ammonium Acryloyldimethyltaur­ate/VP Copolymer, Helianthus Annuus (Sunflower) Seed Oil, Glycine Soja (Soy ­Bean) Oil, Allantoin, Glyceryl Stearate, Xanthan Gum, Tocopherol, Tocopherylacetate, Pentylene Glycol, Dipotassium Glycyrrhizate, Sodium Stearoyl Gluta­mate, Hydrogenated Lecithin, Daucus Carota Sativa (Carrot) Root Extract, Hydroxypinacolone Retinoate, Stear­ic Acid, Polyglyceryl­3 Methylglucose Distearate, Sodium Polyacrylate, Sodium Metaphosphate, Kojyl Methylened­ioxycinnamate, Palmitic Acid, Ethylhe­xylglycerin, Adenosine, Retinol, Sodiu­m Hyaluronate, Hyaluronic Acid, Hyd­rolyzed Vegetable Protein, Achillea Mi­llefolium Extract, Beta­carotene, My­ristic Acid, Lauric Acid, Pullulan, Zein, Camellia Sinensis Leaf Extract, Pectin, Citric Acid *Green Tea PDRN™ -A proprietary Green Tea probiotic-derived lactobacillus ferment lysate that helps visibly rejuvenate skin Green Tea PDRN™ Skinbooster Toner: Water / Aqua / Eau, Butylene Glycol, Lactobacillus Ferment Lysate, Glycerin, Niacinamide, Polyglycerin-3, 1,2-Hexanediol, Propanediol, PPG-13-Decyltetradeceth-24, Glycine Soja (Soybean) Oil, Ethylhexylglycerin, Panthenol, Adenosine, Sodium Polyacrylate, Sodium Metaphosphate, Retinol, Tocopherol, Sodium Hyaluronate, Camellia Sinensis Leaf Extract, Hydrolyzed Hyaluronic Acid, Sodium Hyaluronate Crosspolymer, Hyaluronic Acid, Sodium Acetylated Hyaluronate For informational purposes only. While we endeavor to keep this ingredient list accurate, please be advised that our ingredient list may change. We recommend you refer to the ingredient list on the individual product package for the most up to date ingredient list.",Green Tea PDRN™ Hyaluronic Acid Retinol,"[""combination"", ""dry"", ""normal"", ""oily""]","[""aging""]","[""brighten"", ""anti_aging""]",serum,,,https://us.innisfree.com/cdn/shop/files/01_Packshot.jpg?v=1760032960,https://us.innisfree.com/products/firm-smooth-set,,90,true,true,[],[],[],"[""usage_instruction"", ""warnings""]","{""care_goals"": [], ""category"": [], ""skin_concerns"": [], ""skin_types"": []}",USD,innisfree,,0.3.0,2026-09-15T14:39:48.250906+00:00,
231171515,Gentle Retinol Salicylic Acne Serum,innisfree,serum,34.0,USD,30ml,A gentle & effective daily retinol serum for all skin types with 2% salicylic acid that treats + prevents acne & soothes redness without irritating.,Acne Prone Care AM & PM Spot Care Acne Prone Care AM & PM Spot Care,"Key Ingredients: Gentle Retinol Technology: An optimized dose of retinol that gently enhances skin turnover 2% Salicylic Acid: Clears blackheads + blemishes Green Tea Soothing Complex: A blend of Green Tea Ceramide + Biome to hydrate & soothe redness Full Ingredient List: Active Ingredient: Salicylic Acid (2%) Inactive Ingredients: Water / Aqua / Eau, Glycerin, Butylene Glycol, Niacinamide, Dicaprylyl Carbonate, Tromethamine, Betaine, 1,2-Hexanediol, Hydrogenated Lecithin, Ammonium Acryloyldimethyltaurate/VP Copolymer, Caprylic/Capric Triglyceride, Hydroxyethyl Acrylate/Sodium Acryloyldimethyl Taurate Copolymer, Cholesterol, Helianthus Annuus (Sunflower) Seed Oil, Allantoin, Lactobacillus Ferment Lysate, Glycine Soja (Soybean) Oil, Tocopherol, Tocopheryl Acetate, Sodium Methyl Stearoyl Taurate, Propanediol, Daucus Carota Sativa (Carrot) Root Extract, Ethylhexylglycerin, Adenosine, Sorbitan Isostearate, Camellia Sinensis Seed Extract, Asiaticoside, Madecassic Acid, Retinol, Asiatic Acid, Phytosphingosine, Stearyl Glycyrrhetinate, Hyaluronic Acid, Ceramide NP, Beta-Glucan, Beta-Carotene For informational purposes only. While we endeavor to keep this ingredient list accurate, please be advised that our ingredient list may change. We recommend you refer to the ingredient list on the individual product package for the most up to date ingredient list. Key Ingredients: Gentle Retinol Technology: An optimized dose of retinol that gently enhances skin turnover 2% Salicylic Acid: Clears blackheads + blemishes Green Tea Soothing Complex: A blend of Green Tea Ceramide + Biome to hydrate & soothe redness Full Ingredient List: Active Ingredient: Salicylic Acid (2%) Inactive Ingredients: Water / Aqua / Eau, Glycerin, Butylene Glycol, Niacinamide, Dicaprylyl Carbonate, Tromethamine, Betaine, 1,2-Hexanediol, Hydrogenated Lecithin, Ammonium Acryloyldimethyltaurate/VP Copolymer, Caprylic/Capric Triglyceride, Hydroxyethyl Acrylate/Sodium Acryloyldimethyl Taurate Copolymer, Cholesterol, Helianthus Annuus (Sunflower) Seed Oil, Allantoin, Lactobacillus Ferment Lysate, Glycine Soja (Soybean) Oil, Tocopherol, Tocopheryl Acetate, Sodium Methyl Stearoyl Taurate, Propanediol, Daucus Carota Sativa (Carrot) Root Extract, Ethylhexylglycerin, Adenosine, Sorbitan Isostearate, Camellia Sinensis Seed Extract, Asiaticoside, Madecassic Acid, Retinol, Asiatic Acid, Phytosphingosine, Stearyl Glycyrrhetinate, Hyaluronic Acid, Ceramide NP, Beta-Glucan, Beta-Carotene For informational purposes only. While we endeavor to keep this ingredient list accurate, please be advised that our ingredient list may change. We recommend you refer to the ingredient list on the individual product package for the most up to date ingredient list.",BHA Niacinamide Retinol,"[""combination"", ""oily"", ""normal"", ""dry"", ""sensitive""]","[""acne"", ""redness""]","[""anti_acne"", ""soothe""]",serum,,,https://us.innisfree.com/cdn/shop/files/1IF_RC-AS_Packshot_2024_01_1080x1080_32d96c93-4e97-4f4a-bbdc-31ce8cffa318_1.jpg?v=1759951053,https://us.innisfree.com/products/gentle-retinol-salicylic-acne-serum,,90,true,true,[],[],[],"[""usage_instruction"", ""warnings""]","{""care_goals"": [], ""category"": [], ""skin_concerns"": [], ""skin_types"": []}",USD,innisfree,,0.3.0,2026-09-15T14:39:50.807313+00:00,
231171433,Green Tea Amino Acid Cleansing Foam – Gentle Face Cleanser,innisfree,cleanser,14.0,USD,5.07floz,"Refresh and revitalize your skin with our Green Tea Cleansing Foam, a gentle daily face cleanser that cleanses away dirt and impurities without overstripping. Formulated with antioxidant-rich Green Tea extract, this cleanser helps maintain your skin’s natural moisture balance while promoting healthy, glowing skin.",AM & PM Cleansing Hydration AM & PM Cleansing Hydration,"List: Water / Aqua / Eau, Glycerin, Myristic Acid, Lauric Acid, Potassium Hydroxide, Stearic Acid, Glyceryl Stearate, Palmitic Acid, Glycol Distearate, Lauryl Hydroxysultaine, Propanediol, Polyquaternium-22, Fragrance / Parfum, Lauryl Glucoside, Sodium Chloride, Disodium Cocoyl Glutamate, 1,2-Hexanediol, Hydrolyzed Corn Starch, Pinus Densiflora Leaf Extract, Sodium Metaphosphate, Arginine, Aspartic Acid, Glutamic Acid, Ethylhexylglycerin, Camellia Sinensis Leaf Extract, Butylene Glycol, Acorus Calamus Root Extract For informational purposes only. While we endeavor to keep this ingredient list accurate, please be advised that our ingredient list may change. We recommend you refer to the ingredient list on the individual product package for the most up to date ingredient list.",Amino Acids Green Tea,"[""normal"", ""dry"", ""oily"", ""combination"", ""sensitive""]",[],"[""cleanse"", ""hydrate"", ""brighten""]",foam,,,https://us.innisfree.com/cdn/shop/files/01_IF_GT-CF_Packshot_2024_01_1080x1080_daa6d2d0-d10c-4a1e-9a79-288ac1fa1fa1_1.jpg?v=1759866930,https://us.innisfree.com/products/green-tea-amino-acid-cleansing-foam,,80,true,true,[],[],[],"[""skin_concerns"", ""usage_instruction"", ""warnings""]","{""care_goals"": [], ""category"": [], ""skin_concerns"": [], ""skin_types"": []}",USD,innisfree,,0.3.0,2026-09-15T14:39:55.160694+00:00,
231171435,Green Tea Amino Acid Cleansing Oil,innisfree,cleanser,24.0,USD,5.07floz,"A hydrating cleansing oil with Green Tea extract and Amino Acids that helps dissolve makeup, SPF, and excess sebum. This gentle cleanser is non-stripping, leaving skin feeling soothed, balanced, and refreshed. Perfect for a double cleanse routine!",AM & PM Cleansing Hydration AM & PM Cleansing Hydration,"Key Ingredients: Green Tea Water: Rich in antioxidants and amino acids that provide deep hydration Amino Acid: Helps add moisture to deliver hydration for a non-stripping cleanse Botanical Oils: A blend of green tea seed, apricot, jojoba, rice, and sweet almond oils to help break down impurities Full Ingredient List: Cetyl Ethylhexanoate, Isopropyl Palmitate, Sorbeth-30 Tetraoleate, Caprylic/Capric Triglyceride, Decyl Cocoate, C9-12 Alkane, Diisostearyl Malate, Fragrance / Parfum, Coco-Caprylate/Caprate, Prunus Armeniaca (Apricot) Kernel Oil, Simmondsia Chinensis (Jojoba) Seed Oil, Oryza Sativa (Rice) Bran Oil, Camellia Sinensis Seed Oil, Prunus Amygdalus Dulcis (Sweet Almond) Oil, Water / Aqua / Eau, Arginine, Butylene Glycol, Propanediol, 1,2-Hexanediol, Acorus Calamus Root Extract, Ethylhexylglycerin, Sodium Metaphosphate, Camellia Sinensis Leaf Extract For informational purposes only. While we endeavor to keep this ingredient list accurate, please be advised that our ingredient list may change. We recommend you refer to the ingredient list on the individual product package for the most up to date ingredient list. Key Ingredients: Green Tea Water: Rich in antioxidants and amino acids that provide deep hydration Amino Acid: Helps add moisture to deliver hydration for a non-stripping cleanse Botanical Oils: A blend of green tea seed, apricot, jojoba, rice, and sweet almond oils to help break down impurities Full Ingredient List: Cetyl Ethylhexanoate, Isopropyl Palmitate, Sorbeth-30 Tetraoleate, Caprylic/Capric Triglyceride, Decyl Cocoate, C9-12 Alkane, Diisostearyl Malate, Fragrance / Parfum, Coco-Caprylate/Caprate, Prunus Armeniaca (Apricot) Kernel Oil, Simmondsia Chinensis (Jojoba) Seed Oil, Oryza Sativa (Rice) Bran Oil, Camellia Sinensis Seed Oil, Prunus Amygdalus Dulcis (Sweet Almond) Oil, Water / Aqua / Eau, Arginine, Butylene Glycol, Propanediol, 1,2-Hexanediol, Acorus Calamus Root Extract, Ethylhexylglycerin, Sodium Metaphosphate, Camellia Sinensis Leaf Extract For informational purposes only. While we endeavor to keep this ingredient list accurate, please be advised that our ingredient list may change. We recommend you refer to the ingredient list on the individual product package for the most up to date ingredient list.",Amino Acids Green Tea,"[""normal"", ""dry"", ""oily"", ""combination"", ""sensitive""]","[""oiliness""]","[""cleanse"", ""hydrate"", ""soothe""]",oil,,,https://us.innisfree.com/cdn/shop/files/01_IF_GT-CO_Packshot_2024_01_1080x1080_9846d7af-e680-4846-8661-0dbf9c77cc5a_1.jpg?v=1760451832,https://us.innisfree.com/products/green-tea-amino-acid-cleansing-oil,,90,true,true,[],[],[],"[""usage_instruction"", ""warnings""]","{""care_goals"": [], ""category"": [], ""skin_concerns"": [], ""skin_types"": []}",USD,innisfree,,0.3.0,2026-09-15T14:39:56.781972+00:00,
231171434,Green Tea Amino Acid Cleansing Water,innisfree,makeup_remover,19.0,USD,10.82floz,A mild micellar water with Green Tea and a moisturizing Amino Acid Complex that cleanses away light makeup and impurities while refreshing skin.,Hydration,"Water / Aqua / Eau, Propanediol, Glycerin, Polysorbate 20, Glycereth-26, Hexylene Glycol, 1,2-Hexanediol, Disodium Cocoamphodiacetate, Sodium Citrate, Disodium EDTA, Ethylhexylglycerin, Sodium Chloride, Fragrance / Parfum, Citric Acid, Camellia Sinensis Leaf Extract, Arginine, Aspartic Acid, Glutamic Acid, Linalool, Limonene, Disodium Cocoyl Glutamate, Butylene Glycol, Acorus Calamus Root Extract, Tocopherol For informational purposes only. While we endeavor to keep this ingredient list accurate, please be advised that our ingredient list may change. We recommend you refer to the ingredient list on the individual product package for the most up to date ingredient list.","Green Tea Water: Rich in antioxidants and amino acids that provide deep hydration Amino Acid Complex: A blend of arginine, glutamic acid and aspartic acid to deliver hydration for a non-stripping cleanse","[""normal"", ""dry"", ""oily"", ""combination"", ""sensitive""]","[""dryness""]","[""cleanse"", ""hydrate""]",,,,https://us.innisfree.com/cdn/shop/files/101_IF_GT-CW_Packshot_2024_01_1080x1080_1f527490-fdb6-4d9f-94a3-9d3a21e564dd_1.jpg?v=1760460816,https://us.innisfree.com/products/green-tea-amino-acid-cleansing-water,,88,true,true,[],[],[],"[""usage_instruction"", ""warnings"", ""texture""]","{""care_goals"": [], ""category"": [], ""skin_concerns"": [], ""skin_types"": []}",USD,innisfree,,0.3.0,2026-09-15T14:39:58.376269+00:00,
231171425,Green Tea Caffeine Bright-Eye Serum,innisfree,eye_care,22.0,USD,0.33floz,"Refresh and revive tired eyes with this hydrating eye serum, powered by caffeine and niacinamide to de-puff, brighten dark circles, and refresh tired eyes. This under-eye treatment has a cooling rollerball applicator to boost circulation leaving a refreshed, well-rested look.",AM & PM Brightening Hydration AM & PM Brightening Hydration,"Key Ingredients: Green Tea: Rich in amino acids and antioxidants, it helps provide moisture to the skin 5 types of Hyaluronic Acid: Provide deeper, amplified hydration 2% Caffeine: Helps energize and visibly depuff 3% Niacinamide: Helps brighten dull areas Full Ingredient List: Water / Aqua / Eau, Butylene Glycol, Glycerin, Propanediol, Niacinamide, Dimethicone, Phenyl Trimethicone, Caffeine, 1,2-Hexanediol, Squalane, Polysorbate 20, PolyMineral Oil-11, Carbomer, Pca Dimethicone, Polyacrylate Crosspolymer-6, Tromethamine, Boron Nitride, Sodium Polyacryloyldimethyl Taurate, Titanium Dioxide (Ci 77891), Dimethiconol, Synthetic Fluorphlogopite, Glyceryl Caprylate, Sodium Metaphosphate, Ethylhexylglycerin, Adenosine, Camellia Sinensis Leaf Extract, Arginine, Cyclodextrin, Hydroxypropyl Cyclodextrin, Maltodextrin, Citric Acid, Sodium Hyaluronate, Tin Oxide, Hydrolyzed Hyaluronic Acid, Sodium Hyaluronate Crosspolymer, Hyaluronic Acid, Tocopherol, Sodium Acetylated Hyaluronate For informational purposes only. While we endeavor to keep this ingredient list accurate, please be advised that our ingredient list may change. We recommend you refer to the ingredient list on the individual product package for the most up to date ingredient list. Key Ingredients: Green Tea: Rich in amino acids and antioxidants, it helps provide moisture to the skin 5 types of Hyaluronic Acid: Provide deeper, amplified hydration 2% Caffeine: Helps energize and visibly depuff 3% Niacinamide: Helps brighten dull areas Full Ingredient List: Water / Aqua / Eau, Butylene Glycol, Glycerin, Propanediol, Niacinamide, Dimethicone, Phenyl Trimethicone, Caffeine, 1,2-Hexanediol, Squalane, Polysorbate 20, PolyMineral Oil-11, Carbomer, Pca Dimethicone, Polyacrylate Crosspolymer-6, Tromethamine, Boron Nitride, Sodium Polyacryloyldimethyl Taurate, Titanium Dioxide (Ci 77891), Dimethiconol, Synthetic Fluorphlogopite, Glyceryl Caprylate, Sodium Metaphosphate, Ethylhexylglycerin, Adenosine, Camellia Sinensis Leaf Extract, Arginine, Cyclodextrin, Hydroxypropyl Cyclodextrin, Maltodextrin, Citric Acid, Sodium Hyaluronate, Tin Oxide, Hydrolyzed Hyaluronic Acid, Sodium Hyaluronate Crosspolymer, Hyaluronic Acid, Tocopherol, Sodium Acetylated Hyaluronate For informational purposes only. While we endeavor to keep this ingredient list accurate, please be advised that our ingredient list may change. We recommend you refer to the ingredient list on the individual product package for the most up to date ingredient list.",Green Tea Hyaluronic Acid Niacinamide,"[""normal"", ""dry"", ""oily"", ""combination"", ""sensitive""]",[],"[""hydrate"", ""brighten""]",serum,,,https://us.innisfree.com/cdn/shop/files/IF_GT-ES_Packshot_2026_1080x1080_c00f6490-9d78-4af0-9c06-86d8187fab67.jpg?v=1783012188,https://us.innisfree.com/products/green-tea-caffeine-bright-eye-serum,,80,true,true,[],[],[],"[""skin_concerns"", ""usage_instruction"", ""warnings""]","{""care_goals"": [], ""category"": [], ""skin_concerns"": [], ""skin_types"": []}",USD,innisfree,,0.3.0,2026-09-15T14:39:59.825541+00:00,
231171647,Green Tea Ceramide Cleansing Balm,innisfree,cleanser,19.0,USD,100g,"Remove waterproof makeup, sunscreen, + daily impurities in just one step. The soft balm texture gently glides on to melt away heavy makeup while Green Tea Moisturizing Complex hydrates + strengthens skin’s moisture barrier. Plus, our Korean cleansing balm comes in a sanitary, mess-free tube.",AM & PM Cleansing Hydration AM & PM Cleansing Hydration,"Key Ingredient: Green Tea Moisturizing Complex : A blend of Green Tea Water, Green Tea Seed Oil, and Green Tea Ceramide hydrate and strengthen skin’s moisture barrier Full Ingredient List: Sorbethyl Tetraoleate, Cetyl Ethylhexanoate, Caprylic/Capric Triglyceride, Isopropyl Palmitate, Triethylhexanoin, Kaolin, Hydrated Silica, Isododecane, Silica Dimethyl Silylate, Synthetic Wax, Water (Aqua/Eau), Fragrance (Parfum), Propanediol, Camellia Sinensis Seed Oil, Polyglyceryl‑2 Triisostearate, Blue 1 Lake (CI 42090), 1,2‑Hexanediol, Ceramide NP, Helianthus Annuus (Sunflower) Seed Oil, Ethylhexylglycerin, Sodium Metaphosphate, Beta‑Carotene, Camellia Sinensis Leaf Extract, Dextrin, Lactobacillus Ferment Lysate, Linalool, Geraniol. For informational purposes only. While we endeavor to keep this ingredient list accurate, please be advised that our ingredient list may change. We recommend you refer to the ingredient list on the individual product package for the most up to date ingredient list. Key Ingredient: Green Tea Moisturizing Complex : A blend of Green Tea Water, Green Tea Seed Oil, and Green Tea Ceramide hydrate and strengthen skin’s moisture barrier Full Ingredient List: Sorbethyl Tetraoleate, Cetyl Ethylhexanoate, Caprylic/Capric Triglyceride, Isopropyl Palmitate, Triethylhexanoin, Kaolin, Hydrated Silica, Isododecane, Silica Dimethyl Silylate, Synthetic Wax, Water (Aqua/Eau), Fragrance (Parfum), Propanediol, Camellia Sinensis Seed Oil, Polyglyceryl‑2 Triisostearate, Blue 1 Lake (CI 42090), 1,2‑Hexanediol, Ceramide NP, Helianthus Annuus (Sunflower) Seed Oil, Ethylhexylglycerin, Sodium Metaphosphate, Beta‑Carotene, Camellia Sinensis Leaf Extract, Dextrin, Lactobacillus Ferment Lysate, Linalool, Geraniol. For informational purposes only. While we endeavor to keep this ingredient list accurate, please be advised that our ingredient list may change. We recommend you refer to the ingredient list on the individual product package for the most up to date ingredient list.",Green Tea Moisturizing Complex,"[""normal"", ""dry"", ""oily"", ""combination"", ""sensitive""]","[""dryness""]","[""cleanse"", ""hydrate""]",balm,,,https://us.innisfree.com/cdn/shop/files/1_IF_GT-CB-NoTexture_Packshot_1080x1080_590d5bb0-85cb-4a19-ad88-fdb4d6885105.jpg?v=1782411967,https://us.innisfree.com/products/green-tea-ceramide-cleansing-balm,,90,true,true,[],[],[],"[""usage_instruction"", ""warnings""]","{""care_goals"": [], ""category"": [], ""skin_concerns"": [], ""skin_types"": []}",USD,innisfree,,0.3.0,2026-09-15T14:40:01.610097+00:00,
231171583,Green Tea Ceramide Cream,innisfree,moisturizer,30.0,USD,50ml,"Daily, breathable rescue cream to soothe skin + restore skin’s moisture barrier. Powered by 7 types of ceramides + colloidal oatmeal, this fast-acting Korean daily cream is perfect for dry, sensitive, or eczema-prone skin. Breathable formula with hyaluronic acid, ectoin, and Green Tea Ceramide to soothe, strengthen skin's moisture barrier, and helps improve visible redness*. *Instrumental result, 31 women, post physical stimulation, after 1 week of use",AM & PM Glow Hydration AM & PM Glow Hydration,"Key Ingredients: Super Green Tea™: Micro-sized Green Tea liposomes deliver deep hydration + antioxidant protection​​ Green Tea Ceramide: Natural Green Tea ceramides replenish & repair skin's protective barrier​​ Colloidal Oatmeal + Ectoin: Help soothe & calm​​ 7 Types of Ceramide + Cholesterol: Help nourish skin Full Ingredient List: Water / Aqua / Eau, Butylene Glycol, Propanediol, Glycerin, Squalane, Dipropylene Glycol, Caprylic/Capric Triglyceride, Simmondsia Chinensis (Jojoba) Seed Oil, 1,2-Hexanediol, Glyceryl Stearate, Ethylhexyl Palmitate, Cetearyl Alcohol, Methyl Trimethicone, Dimethicone, Cetyl Ethylhexanoate, Cetearyl Olivate, Dicaprylyl Ether, Polyglyceryl-3 Methylglucose Distearate, Colloidal Oatmeal, Palmitic Acid, Stearic Acid, Sorbitan Olivate, Hydrogenated Poly(C6-14 Olefin), Carbomer, Tromethamine, Dimethicone/Vinyl Dimethicone Crosspolymer, Ethylhexylglycerin, Cetearyl Glucoside, Xanthan Gum, Caprylyl Glycol, Ceramide NP, Sodium Metaphosphate, Hydrogenated Lecithin, Ectoin, Cetyl-PG Hydroxyethyl Palmitamide, Polyglyceryl-10 Stearate, Camellia Sinensis Seed Extract, Sodium Stearoyl Glutamate, Phytosterols, Camellia Sinensis Seed Oil, Tocopherol, Phytosphingosine, Camellia Sinensis Leaf Extract, Ceramide NS, Cholesterol, Ceramide AP, Ceramide AS, Ceramide EOP For informational purposes only. While we endeavor to keep this ingredient list accurate, please be advised that our ingredient list may change. We recommend you refer to the ingredient list on the individual product package for the most up to date ingredient list. Key Ingredients: Super Green Tea™: Micro-sized Green Tea liposomes deliver deep hydration + antioxidant protection​​ Green Tea Ceramide: Natural Green Tea ceramides replenish & repair skin's protective barrier​​ Colloidal Oatmeal + Ectoin: Help soothe & calm​​ 7 Types of Ceramide + Cholesterol: Help nourish skin Full Ingredient List: Water / Aqua / Eau, Butylene Glycol, Propanediol, Glycerin, Squalane, Dipropylene Glycol, Caprylic/Capric Triglyceride, Simmondsia Chinensis (Jojoba) Seed Oil, 1,2-Hexanediol, Glyceryl Stearate, Ethylhexyl Palmitate, Cetearyl Alcohol, Methyl Trimethicone, Dimethicone, Cetyl Ethylhexanoate, Cetearyl Olivate, Dicaprylyl Ether, Polyglyceryl-3 Methylglucose Distearate, Colloidal Oatmeal, Palmitic Acid, Stearic Acid, Sorbitan Olivate, Hydrogenated Poly(C6-14 Olefin), Carbomer, Tromethamine, Dimethicone/Vinyl Dimethicone Crosspolymer, Ethylhexylglycerin, Cetearyl Glucoside, Xanthan Gum, Caprylyl Glycol, Ceramide NP, Sodium Metaphosphate, Hydrogenated Lecithin, Ectoin, Cetyl-PG Hydroxyethyl Palmitamide, Polyglyceryl-10 Stearate, Camellia Sinensis Seed Extract, Sodium Stearoyl Glutamate, Phytosterols, Camellia Sinensis Seed Oil, Tocopherol, Phytosphingosine, Camellia Sinensis Leaf Extract, Ceramide NS, Cholesterol, Ceramide AP, Ceramide AS, Ceramide EOP For informational purposes only. While we endeavor to keep this ingredient list accurate, please be advised that our ingredient list may change. We recommend you refer to the ingredient list on the individual product package for the most up to date ingredient list.",Ceramide Green Tea,"[""oily"", ""normal"", ""dry"", ""combination"", ""sensitive""]","[""acne"", ""redness"", ""sensitivity""]","[""hydrate"", ""brighten"", ""anti_acne"", ""soothe""]",cream,,,https://us.innisfree.com/cdn/shop/files/01_IF_PDP_GT-C-50ml_Packshot_1080x1080_de0bcf14-f35f-48a5-a4fc-95cd766e6b05.jpg?v=1765565961,https://us.innisfree.com/products/green-tea-ceramide-cream,,90,true,true,[],[],[],"[""usage_instruction"", ""warnings""]","{""care_goals"": [], ""category"": [], ""skin_concerns"": [], ""skin_types"": []}",USD,innisfree,,0.3.0,2026-09-15T14:40:03.116366+00:00,
231171652,Green Tea Ceramide Mist,innisfree,toner,17.0,USD,3.04floz,Hands-free hydration that moves with you! Ectoin + Panthenol instantly reduce visible redness and soothe skin. Super Green Tea™ + Green Tea Ceramide provide deep hydration and repair moisture barrier. Apply as a toner seamlessly throughout the day without disrupting makeup or triggering breakouts.,AM & PM Hydration Soothing AM & PM Hydration Soothing,"Key Ingredients: Super Green Tea™: Micro-sized Green Tea liposomes deliver deep hydration + antioxidant protection Green Tea Ceramide: Replenishes + repairs skin's barrier 9 Types of Hyaluronic Acid: Deeply hydrate Ectoin + Panthenol: Soothe and strengthen skin's moisture barrier Full Ingredient List: Water / Aqua / Eau, Glycerin, Butylene Glycol, Propanediol, Hydrogenated Rice Bran Oil, Betaine, Mannitol, Pentylene Glycol, PPG-13-Decyltetradeceth-24, Hydrogenated Lecithin, Ethylhexylglycerin, Caprylyl Glycol, Panthenol, Caprylic/Capric Triglyceride, Sodium Stearoyl Glutamate, Sodium Metaphosphate, Niacinamide, Polyglyceryl-10 Stearate, Ectoin, 1,2-Hexanediol, Hyaluronic Acid, Ceramide NP, Phytosterols, Camellia Sinensis Seed Oil, Tocopherol, Sodium Hyaluronate, Camellia Sinensis Leaf Extract, Propylene Glycol, Glyceryl Oleate, Tromethamine, Lecithin, Lauryl Glucoside, Hydrolyzed Hyaluronic Acid, Polyglyceryl-6 Laurate, Myristyl Glucoside, Sodium Hyaluronate Crosspolymer, Glyceryl Caprylate, Sodium Trimethaphosphate, Xanthan Gum, Sodium Acetylated Hyaluronate, Acetyl Tetrapeptide-2.​ For informational purposes only. While we endeavor to keep this ingredient list accurate, please be advised that our ingredient list may change. We recommend you refer to the ingredient list on the individual product package for the most up to date ingredient list. Key Ingredients: Super Green Tea™: Micro-sized Green Tea liposomes deliver deep hydration + antioxidant protection Green Tea Ceramide: Replenishes + repairs skin's barrier 9 Types of Hyaluronic Acid: Deeply hydrate Ectoin + Panthenol: Soothe and strengthen skin's moisture barrier Full Ingredient List: Water / Aqua / Eau, Glycerin, Butylene Glycol, Propanediol, Hydrogenated Rice Bran Oil, Betaine, Mannitol, Pentylene Glycol, PPG-13-Decyltetradeceth-24, Hydrogenated Lecithin, Ethylhexylglycerin, Caprylyl Glycol, Panthenol, Caprylic/Capric Triglyceride, Sodium Stearoyl Glutamate, Sodium Metaphosphate, Niacinamide, Polyglyceryl-10 Stearate, Ectoin, 1,2-Hexanediol, Hyaluronic Acid, Ceramide NP, Phytosterols, Camellia Sinensis Seed Oil, Tocopherol, Sodium Hyaluronate, Camellia Sinensis Leaf Extract, Propylene Glycol, Glyceryl Oleate, Tromethamine, Lecithin, Lauryl Glucoside, Hydrolyzed Hyaluronic Acid, Polyglyceryl-6 Laurate, Myristyl Glucoside, Sodium Hyaluronate Crosspolymer, Glyceryl Caprylate, Sodium Trimethaphosphate, Xanthan Gum, Sodium Acetylated Hyaluronate, Acetyl Tetrapeptide-2.​ For informational purposes only. While we endeavor to keep this ingredient list accurate, please be advised that our ingredient list may change. We recommend you refer to the ingredient list on the individual product package for the most up to date ingredient list.",Ectoin Green Tea Ceramide Hyaluronic Acid Panthenol Super Green Tea™,"[""oily"", ""normal"", ""dry"", ""combination"", ""sensitive""]","[""acne"", ""redness""]","[""hydrate"", ""anti_acne"", ""repair"", ""soothe""]",mist,,,https://us.innisfree.com/cdn/shop/files/1_IF_GT-CMM-90ml_Packshot_1080x1080_268e45e2-b8f4-4b88-90b5-8e85feaf71e8.jpg?v=1787241354,https://us.innisfree.com/products/green-tea-ceramide-mist,,90,true,true,[],[],[],"[""usage_instruction"", ""warnings""]","{""care_goals"": [], ""category"": [], ""skin_concerns"": [], ""skin_types"": []}",USD,innisfree,,0.3.0,2026-09-15T14:40:06.556032+00:00,
231171485,Green Tea Ceramide Plump Cream,innisfree,moisturizer,35.0,USD,50ml,"Achieve plumper, smoother skin with this cream for face powered by green tea-derived ceramide to boost hydration, elasticity, and firmness. This lightweight ceramide cream strengthens the skin barrier for a more resilient, radiant complexion and absorbs easily without greasiness. This formulated without fragrance, noncomedogenic plumping cream is perfect for all skin types and part of any slow-aging Korean skincare routine.",Hydration PM Visibly Firms Hydration PM Visibly Firms,"Key Ingredients: Ceramide Complex: A blend of Green Tea Ceramide that helps preserve skin's elasticity better than animal alternatives Peptides + Adenosine: Visibly improve elasticity + wrinkles Sugarcane-Derived Squalane: Helps fortify skin's moisture barrier Full Ingredient List: Water / Aqua / Eau, Glycerin, Butylene Glycol, Niacinamide, Squalane, Dicaprylyl Carbonate, Methyl Trimethicone, Sucrose Polystearate, Pentaerythrityl Tetraethylhexanoate, 1,2 Hexanediol, Glyceryl Stearate, Hydroxyethyl Urea, Polyglyceryl 3 Distearate, Cetearyl Alcohol, Poly C10 30Alkyl Acrylate, Hydrogenated Polyisobutene, Palmitic Acid, Diphenyl Dimethicone, Bis Hydroxyethoxypropyl Dimethicone, Stearic Acid, Hydroxyethyl Acrylate/Sodium Acryloyldimethyl Taurate Copolymer, Xanthan Gum, Lithospermum Erythrorhizon Root Extract, Hydrolyzed Extensin, Simmondsia Chinensis (Jojoba) Seed Oil, Acrylates/C10 30 Alkyl Acrylate Crosspolymer, Sodium Metaphosphate, Glyceryl Caprylate, Polyglyceryl 10 Laurate, Tromethamine, Helianthus Annuus (Sunflower) Seed Oil, Glyceryl Stearate Citrate, Ethylhexylglycerin, Adenosine, Caprylyl Glycol, Sorbitan Isostearate, Hydrogenated Lecithin, Daucus Carota Sativa (Carrot) Root Extract, Ceramide NP, Tocopherol, Beta Carotene, Acetyl Tetrapeptide 2, Soluble Collagen For informational purposes only. While we endeavor to keep this ingredient list accurate, please be advised that our ingredient list may change. We recommend you refer to the ingredient list on the individual product package for the most up to date ingredient list. Key Ingredients: Ceramide Complex: A blend of Green Tea Ceramide that helps preserve skin's elasticity better than animal alternatives Peptides + Adenosine: Visibly improve elasticity + wrinkles Sugarcane-Derived Squalane: Helps fortify skin's moisture barrier Full Ingredient List: Water / Aqua / Eau, Glycerin, Butylene Glycol, Niacinamide, Squalane, Dicaprylyl Carbonate, Methyl Trimethicone, Sucrose Polystearate, Pentaerythrityl Tetraethylhexanoate, 1,2 Hexanediol, Glyceryl Stearate, Hydroxyethyl Urea, Polyglyceryl 3 Distearate, Cetearyl Alcohol, Poly C10 30Alkyl Acrylate, Hydrogenated Polyisobutene, Palmitic Acid, Diphenyl Dimethicone, Bis Hydroxyethoxypropyl Dimethicone, Stearic Acid, Hydroxyethyl Acrylate/Sodium Acryloyldimethyl Taurate Copolymer, Xanthan Gum, Lithospermum Erythrorhizon Root Extract, Hydrolyzed Extensin, Simmondsia Chinensis (Jojoba) Seed Oil, Acrylates/C10 30 Alkyl Acrylate Crosspolymer, Sodium Metaphosphate, Glyceryl Caprylate, Polyglyceryl 10 Laurate, Tromethamine, Helianthus Annuus (Sunflower) Seed Oil, Glyceryl Stearate Citrate, Ethylhexylglycerin, Adenosine, Caprylyl Glycol, Sorbitan Isostearate, Hydrogenated Lecithin, Daucus Carota Sativa (Carrot) Root Extract, Ceramide NP, Tocopherol, Beta Carotene, Acetyl Tetrapeptide 2, Soluble Collagen For informational purposes only. While we endeavor to keep this ingredient list accurate, please be advised that our ingredient list may change. We recommend you refer to the ingredient list on the individual product package for the most up to date ingredient list.",Green Tea Niacinamide,"[""normal"", ""dry"", ""oily"", ""combination"", ""sensitive""]","[""aging""]","[""hydrate"", ""anti_aging"", ""repair""]",cream,,,https://us.innisfree.com/cdn/shop/files/1IF_GT-CC_Packshot_2024_1080x1080_01_1_1.jpg?v=1759873358,https://us.innisfree.com/products/green-tea-ceramide-plump-cream,,90,true,true,[],[],[],"[""usage_instruction"", ""warnings""]","{""care_goals"": [], ""category"": [], ""skin_concerns"": [], ""skin_types"": []}",USD,innisfree,,0.3.0,2026-09-15T14:40:08.326086+00:00,
231171382,Green Tea Enzyme PHA Toner,innisfree,toner,24.0,USD,5.07floz,"The Innisfree Green Tea Enzyme PHA Toner is a gentle, leave-on PHA toner with 7% PHA and green tea enzyme that hydrates, smooths, and refines rough texture. This hydrating toner for sensitive skin evens out tone while leaving skin plump, soft, and glowing. Perfect as part of your Korean skincare toner routine, it refreshes daily, supports healthy-looking skin, and preps your complexion to absorb serums and moisturizers. Use morning or night for a soothing, radiant finish and enjoy visibly smoother, balanced, and hydrated skin with every use.",AM & PM Exfoliating Hydration AM & PM Exfoliating Hydration,"Key Ingredients: Green Tea-derived Enzyme: Helps gently exfoliate the skin 7% PHA: Helps visibly improve skin texture Green Tea + 5 types of Hyaluronic Acid: Helps provide moisture and deeply hydrates Full Ingredient List: Water / Aqua / Eau, Gluconolactone, Glycerin, Butylene Glycol, Tromethamine, 1,2-Hexanediol, Betaine, Dextrin, Propanediol, Sodium Metaphosphate, Ethylhexylglycerin, Cyclodextrin, Protease, Sodium Hyaluronate, Hydrolyzed Hyaluronic Acid, Camellia Sinensis Leaf Extract, Sodium Hyaluronate Crosspolymer, Hyaluronic Acid, Tocopherol, Sodium Acetylated Hyaluronate ﻿For informational purposes only. While we endeavor to keep this ingredient list accurate, please be advised that our ingredient list may change. We recommend you refer to the ingredient list on the individual product package for the most up to date ingredient list. Key Ingredients: Green Tea-derived Enzyme: Helps gently exfoliate the skin 7% PHA: Helps visibly improve skin texture Green Tea + 5 types of Hyaluronic Acid: Helps provide moisture and deeply hydrates Full Ingredient List: Water / Aqua / Eau, Gluconolactone, Glycerin, Butylene Glycol, Tromethamine, 1,2-Hexanediol, Betaine, Dextrin, Propanediol, Sodium Metaphosphate, Ethylhexylglycerin, Cyclodextrin, Protease, Sodium Hyaluronate, Hydrolyzed Hyaluronic Acid, Camellia Sinensis Leaf Extract, Sodium Hyaluronate Crosspolymer, Hyaluronic Acid, Tocopherol, Sodium Acetylated Hyaluronate ﻿For informational purposes only. While we endeavor to keep this ingredient list accurate, please be advised that our ingredient list may change. We recommend you refer to the ingredient list on the individual product package for the most up to date ingredient list.",AHA (PHA) Green Tea Hyaluronic Acid,"[""normal"", ""dry"", ""oily"", ""combination"", ""sensitive""]","[""uneven_texture"", ""sensitivity""]","[""hydrate"", ""brighten"", ""soothe"", ""exfoliate""]",,,,https://us.innisfree.com/cdn/shop/files/IF_GT-PHAT_Packshot_2024_01_1080x1080_1.jpg?v=1760721224,https://us.innisfree.com/products/green-tea-enzyme-pha-toner,,88,true,true,[],[],[],"[""usage_instruction"", ""warnings"", ""texture""]","{""care_goals"": [], ""category"": [], ""skin_concerns"": [], ""skin_types"": []}",USD,innisfree,,0.3.0,2026-09-15T14:40:12.834004+00:00,
231171394,Green Tea Enzyme Vitamin C Brightening Serum – Best for Glowing Skin - 30ML,innisfree,serum,32.0,USD,30ml,"A rapid Vitamin C Brightening Serum that helps visibly smooth and fade dark spots, including sun spots and post-breakout marks, for a more radiant, even-toned complexion. Powered by a potent blend of Vitamin C + Green Tea Enzyme, this lightweight Vitamin C Serum deliveres a double dose of brightening to refine uneven skin tone.",AM & PM Brightening AM & PM Brightening,"Key Ingredients: Green Tea-derived Enzyme: Helps gently exfoliate and refine skin texture Vitamin C + Vitamin E + Ferulic Acid: Potent antioxidants that help brighten and fade dark spots & protect from external aggressors Tangerine Peel Extract + Niacinamide: Help even tone and give skin extra radiance Hyaluronic Acid + Panthenol + Squalane: Deeply hydrate and nourish skin Full Ingredient List: Water / Aqua / Eau, Propanediol, 1,2-Hexanediol, Glycerin, 3-O-Ethyl Ascorbic Acid, Butylene Glycol, Lactobacillus Ferment Lysate, Squalane, Helianthus Annuus (Sunflower) Seed Oil, Dextrin, Acrylates/C10-30 Alkyl Acrylate Crosspolymer, Caprylic/Capric Triglyceride, Tromethamine, Xanthan Gum, Gluconolactone, Citrus Reticulata (Tangerine) Peel Extract, Panthenol, Niacinamide, Allantoin, Daucus Carota Sativa (Carrot) Root Extract, Hyaluronic Acid, Pentylene Glycol, Sodium Metaphosphate, Silica Dimethyl Silylate, Cyclodextrin, Tocopherol, Ethylhexylglycerin, Madecassoside, Hydrogenated Poly(C6-20 Olefin), Protease, Ascorbyl Tetraisopalmitate, Glutathione, Achillea Millefolium Extract, Hdi/Trimethylol Hexyllactone Crosspolymer, Beta-Carotene, Ferulic Acid For informational purposes only. While we endeavor to keep this ingredient list accurate, please be advised that our ingredient list may change. We recommend you refer to the ingredient list on the individual product package for the most up to date ingredient list. Key Ingredients: Green Tea-derived Enzyme: Helps gently exfoliate and refine skin texture Vitamin C + Vitamin E + Ferulic Acid: Potent antioxidants that help brighten and fade dark spots & protect from external aggressors Tangerine Peel Extract + Niacinamide: Help even tone and give skin extra radiance Hyaluronic Acid + Panthenol + Squalane: Deeply hydrate and nourish skin Full Ingredient List: Water / Aqua / Eau, Propanediol, 1,2-Hexanediol, Glycerin, 3-O-Ethyl Ascorbic Acid, Butylene Glycol, Lactobacillus Ferment Lysate, Squalane, Helianthus Annuus (Sunflower) Seed Oil, Dextrin, Acrylates/C10-30 Alkyl Acrylate Crosspolymer, Caprylic/Capric Triglyceride, Tromethamine, Xanthan Gum, Gluconolactone, Citrus Reticulata (Tangerine) Peel Extract, Panthenol, Niacinamide, Allantoin, Daucus Carota Sativa (Carrot) Root Extract, Hyaluronic Acid, Pentylene Glycol, Sodium Metaphosphate, Silica Dimethyl Silylate, Cyclodextrin, Tocopherol, Ethylhexylglycerin, Madecassoside, Hydrogenated Poly(C6-20 Olefin), Protease, Ascorbyl Tetraisopalmitate, Glutathione, Achillea Millefolium Extract, Hdi/Trimethylol Hexyllactone Crosspolymer, Beta-Carotene, Ferulic Acid For informational purposes only. While we endeavor to keep this ingredient list accurate, please be advised that our ingredient list may change. We recommend you refer to the ingredient list on the individual product package for the most up to date ingredient list.",Green Tea Hyaluronic Acid Niacinamide Vitamin C,"[""normal"", ""dry"", ""oily"", ""combination"", ""sensitive""]","[""acne"", ""dark_spot""]","[""brighten"", ""anti_acne""]",serum,,,http://us.innisfree.com/cdn/shop/files/IF_GT-VCS_Packshot_2024_01_1080x1080_780f9363-b297-42b0-b82c-b90143b0e5e4.jpg?v=1707249888,https://us.innisfree.com/products/green-tea-enzyme-vitamin-c-brightening-serum,,90,true,true,[],[],[],"[""usage_instruction"", ""warnings""]","{""care_goals"": [], ""category"": [], ""skin_concerns"": [], ""skin_types"": []}",USD,innisfree,,0.3.0,2026-09-15T14:40:16.232715+00:00,
231171505,Green Tea Enzyme Vitamin C Brightening Toner Pads - 60 PADS,innisfree,toner,12.0,USD,5.74floz,"Revitalize your skin with Vitamin C Toner Pads - gentle brightening toner pads infused with Vitamin C and Green Tea Enzyme. These green tea daily toner pads gently exfoliate to fade dark spots, smooth, and boost radiance. Perfect for morning or evening use, they prep skin for serums and moisturizers while supporting a healthy glow. Safe for all skin types, these Korean toner pads deliver daily brightening and hydration, leaving your complexion soft, luminous, and refreshed.",AM & PM Brightening Exfoliating AM & PM Brightening Exfoliating,"Key Ingredients: Pure Vitamin C + Niacinamide: Help brighten + fade dark spots, including post-breakout marks & sun spots Green Tea-derived Enzyme + PHA: Help gently exfoliate + dissolve dead skin cells Hydro-Soothing Complex: A blend of Hyaluronic Acid + Madecassoside + Allantoin + Panthenol that hydrates skin + cushions the formula to soothe skin Full Ingredient List: Water / Aqua / Eau, Butylene Glycol, Glycerin, Niacinamide, 1,2-Hexanediol, Panthenol, Allantoin, Magnesium Ascorbyl Phosphate, Hydroxyethylcellulose, Citric Acid, Ethylhexylglycerin, Polyglyceryl-10 Laurate, Dipropylene Glycol, Dipotassium Glycyrrhizate, Sodium Phytate, Dextrin, Sodium Hyaluronate, Sodium Citrate, Gluconolactone, Methyl Diisopropyl Propionamide, Propanediol, Cyclodextrin, Beta-Glucan, Protease, Citrus Reticulata (Tangerine) Peel Extract, Tocopherol, Glutathione, Ferulic Acid, Madecassoside For informational purposes only. While we endeavor to keep this ingredient list accurate, please be advised that our ingredient list may change. We recommend you refer to the ingredient list on the individual product package for the most up to date ingredient list. Key Ingredients: Pure Vitamin C + Niacinamide: Help brighten + fade dark spots, including post-breakout marks & sun spots Green Tea-derived Enzyme + PHA: Help gently exfoliate + dissolve dead skin cells Hydro-Soothing Complex: A blend of Hyaluronic Acid + Madecassoside + Allantoin + Panthenol that hydrates skin + cushions the formula to soothe skin Full Ingredient List: Water / Aqua / Eau, Butylene Glycol, Glycerin, Niacinamide, 1,2-Hexanediol, Panthenol, Allantoin, Magnesium Ascorbyl Phosphate, Hydroxyethylcellulose, Citric Acid, Ethylhexylglycerin, Polyglyceryl-10 Laurate, Dipropylene Glycol, Dipotassium Glycyrrhizate, Sodium Phytate, Dextrin, Sodium Hyaluronate, Sodium Citrate, Gluconolactone, Methyl Diisopropyl Propionamide, Propanediol, Cyclodextrin, Beta-Glucan, Protease, Citrus Reticulata (Tangerine) Peel Extract, Tocopherol, Glutathione, Ferulic Acid, Madecassoside For informational purposes only. While we endeavor to keep this ingredient list accurate, please be advised that our ingredient list may change. We recommend you refer to the ingredient list on the individual product package for the most up to date ingredient list.",Green Tea Hyaluronic Acid Niacinamide Vitamin C,"[""normal"", ""dry"", ""oily"", ""combination"", ""sensitive""]","[""dark_spot""]","[""hydrate"", ""brighten"", ""exfoliate""]",pads,,,http://us.innisfree.com/cdn/shop/files/1IF_GT-VCTP_Packshot_2024_1080x1080_01_1.jpg?v=1759949818,https://us.innisfree.com/products/green-tea-enzyme-vitamin-c-brightening-toner-pads,,90,true,true,[],[],[],"[""usage_instruction"", ""warnings""]","{""care_goals"": [], ""category"": [], ""skin_concerns"": [], ""skin_types"": []}",USD,innisfree,,0.3.0,2026-09-15T14:40:18.433898+00:00,
231171607,Green Tea Mini Double Cleanse + Hydrate Trio,innisfree,cleanser,22.0,USD,3.04floz,"Dual cleanse + hydrate with our limited-edition Green Tea Cleansing trio! Melt away makeup + impurities with our Cleansing Oil, purify with our Cleansing Foam, then lock in lasting moisture with our best-selling Green Tea Hyaluronic Cream.",AM & PM Cleansing Hydration AM & PM Cleansing Hydration,"Key Ingredients: Green Tea Water (Cleansing Oil + Foam): Rich in antioxidants and amino acids that provide deep hydration Green Tea Barrier Complex (Cream): Hydrates and helps fortify skin's barrier with Squalane + Ceramide Full Ingredient List: Green Tea Amino Acid Cleansing Oil: Cetyl Ethylhexanoate, Isopropyl Palmitate, Sorbeth-30 Tetraoleate, Caprylic/Capric Triglyceride, Decyl Cocoate, C9-12 Alkane, Diisostearyl Malate, Fragrance / Parfum, Coco-Caprylate/Caprate, Prunus Armeniaca (Apricot) Kernel Oil, Simmondsia Chinensis (Jojoba) Seed Oil, Oryza Sativa (Rice) Bran Oil, Camellia Sinensis Seed Oil, Prunus Amygdalus Dulcis (Sweet Almond) Oil, Water / Aqua / Eau, Arginine, Butylene Glycol, Propanediol, 1,2-Hexanediol, Acorus Calamus Root Extract, Ethylhexylglycerin, Sodium Metaphosphate, Camellia Sinensis Leaf Extract Green Tea Amino Acid Cleansing Foam: Water / Aqua / Eau, Glycerin, Myristic Acid, Lauric Acid, Potassium Hydroxide, Stearic Acid, Glyceryl Stearate, Palmitic Acid, Glycol Distearate, Lauryl Hydroxysultaine, Propanediol, Polyquaternium-22, Fragrance / Parfum, Lauryl Glucoside, Sodium Chloride, Disodium Cocoyl Glutamate, 1,2-Hexanediol, Hydrolyzed Corn Starch, Pinus Densiflora Leaf Extract, Sodium Metaphosphate, Arginine, Aspartic Acid, Glutamic Acid, Ethylhexylglycerin, Camellia Sinensis Leaf Extract, Butylene Glycol, Acorus Calamus Root Extract Green Tea Seed Hyaluronic Acid Cream: Water / Aqua / Eau, Propanediol, Glycerin, Stearyl Dimethicone, Methyl Trimethicone, Pentaerythrityl Tetraethylhexanoate, Butylene Glycol Dicaprylate/Dicaprate, Glyceryl Polymethacrylate, 1,2-Hexanediol, Polymethylsilsesquioxane, Squalane, Hydroxyethyl Acrylate/Sodium Acryloyldimethyl Taurate Copolymer, Polyglyceryl-3 Methylglucose Distearate, Carbomer, Hydrogenated Lecithin, Cholesterol, Glyceryl Stearate, Tromethamine, Sodium Stearoyl Glutamate, Lactobacillus Ferment Lysate, Hyaluronic Acid, Panthenol, Allantoin, Sodium Metaphosphate, Camellia Sinensis Seed Oil, Cetearyl Alcohol, Xanthan Gum, Glyceryl Caprylate, Butylene Glycol, Ethylhexylglycerin, Sorbitan Isostearate, Sodium Hyaluronate, Camellia Sinensis Leaf Extract, Madecassoside, Lactic Acid, Dextrin, Theobroma Cacao (Cocoa) Extract, Hydrolyzed Hyaluronic Acid, Sodium Hyaluronate Crosspolymer, Camellia Sinensis Seed Extract, Ceramide NP, Tocopherol, Phytosphingosine, Sodium Acetylated Hyaluronate For informational purposes only. While we endeavor to keep this ingredient list accurate, please be advised that our ingredient list may change. We recommend you refer to the ingredient list on the individual product package for the most up to date ingredient list. Key Ingredients: Green Tea Water (Cleansing Oil + Foam): Rich in antioxidants and amino acids that provide deep hydration Green Tea Barrier Complex (Cream): Hydrates and helps fortify skin's barrier with Squalane + Ceramide Full Ingredient List: Green Tea Amino Acid Cleansing Oil: Cetyl Ethylhexanoate, Isopropyl Palmitate, Sorbeth-30 Tetraoleate, Caprylic/Capric Triglyceride, Decyl Cocoate, C9-12 Alkane, Diisostearyl Malate, Fragrance / Parfum, Coco-Caprylate/Caprate, Prunus Armeniaca (Apricot) Kernel Oil, Simmondsia Chinensis (Jojoba) Seed Oil, Oryza Sativa (Rice) Bran Oil, Camellia Sinensis Seed Oil, Prunus Amygdalus Dulcis (Sweet Almond) Oil, Water / Aqua / Eau, Arginine, Butylene Glycol, Propanediol, 1,2-Hexanediol, Acorus Calamus Root Extract, Ethylhexylglycerin, Sodium Metaphosphate, Camellia Sinensis Leaf Extract Green Tea Amino Acid Cleansing Foam: Water / Aqua / Eau, Glycerin, Myristic Acid, Lauric Acid, Potassium Hydroxide, Stearic Acid, Glyceryl Stearate, Palmitic Acid, Glycol Distearate, Lauryl Hydroxysultaine, Propanediol, Polyquaternium-22, Fragrance / Parfum, Lauryl Glucoside, Sodium Chloride, Disodium Cocoyl Glutamate, 1,2-Hexanediol, Hydrolyzed Corn Starch, Pinus Densiflora Leaf Extract, Sodium Metaphosphate, Arginine, Aspartic Acid, Glutamic Acid, Ethylhexylglycerin, Camellia Sinensis Leaf Extract, Butylene Glycol, Acorus Calamus Root Extract Green Tea Seed Hyaluronic Acid Cream: Water / Aqua / Eau, Propanediol, Glycerin, Stearyl Dimethicone, Methyl Trimethicone, Pentaerythrityl Tetraethylhexanoate, Butylene Glycol Dicaprylate/Dicaprate, Glyceryl Polymethacrylate, 1,2-Hexanediol, Polymethylsilsesquioxane, Squalane, Hydroxyethyl Acrylate/Sodium Acryloyldimethyl Taurate Copolymer, Polyglyceryl-3 Methylglucose Distearate, Carbomer, Hydrogenated Lecithin, Cholesterol, Glyceryl Stearate, Tromethamine, Sodium Stearoyl Glutamate, Lactobacillus Ferment Lysate, Hyaluronic Acid, Panthenol, Allantoin, Sodium Metaphosphate, Camellia Sinensis Seed Oil, Cetearyl Alcohol, Xanthan Gum, Glyceryl Caprylate, Butylene Glycol, Ethylhexylglycerin, Sorbitan Isostearate, Sodium Hyaluronate, Camellia Sinensis Leaf Extract, Madecassoside, Lactic Acid, Dextrin, Theobroma Cacao (Cocoa) Extract, Hydrolyzed Hyaluronic Acid, Sodium Hyaluronate Crosspolymer, Camellia Sinensis Seed Extract, Ceramide NP, Tocopherol, Phytosphingosine, Sodium Acetylated Hyaluronate For informational purposes only. While we endeavor to keep this ingredient list accurate, please be advised that our ingredient list may change. We recommend you refer to the ingredient list on the individual product package for the most up to date ingredient list.",Green Tea Hyaluronic Acid,"[""normal"", ""dry"", ""oily"", ""combination"", ""sensitive""]",[],"[""cleanse"", ""hydrate""]",cream,,,https://us.innisfree.com/cdn/shop/files/GTCleanse_Hydrate_1080x1080_0111703c-8af8-4d24-a371-477cbcd82fd7.jpg?v=1771005447,https://us.innisfree.com/products/green-tea-mini-double-cleanse-hydrate-trio,,80,true,true,[],[],[],"[""skin_concerns"", ""usage_instruction"", ""warnings""]","{""care_goals"": [], ""category"": [], ""skin_concerns"": [], ""skin_types"": []}",USD,innisfree,,0.3.0,2026-09-15T14:40:23.214032+00:00,
231171646,Green Tea Panthenol Calming Toner Pads,innisfree,toner,25.0,USD,5.74floz,Lock in hydration + cool skin with our lightweight Korean toner pads. Your skin will instantly soak up skin-quenching amino acids and antioxidants from Green Tea Water + feel the soothing relief of Panthenol. Skin will be left calm and refreshed with no sticky finish.,AM & PM Hydration Soothing AM & PM Hydration Soothing,"Key Ingredients: Green Tea + Hyaluronic Acid: Hydrate and help retain skin’s moisture Panthenol + Allantoin : Soothe Erythritol : Provides a cooling effect Full Ingredient List: Water / Aqua / Eau, Glycerin, Methylpropanediol, Butylene Glycol, 1,2-Hexanediol, Xylitol, Erythritol, Propanediol, Allantoin, Ethylhexylglycerin, Panthenol, Xanthan Gum, Polyglyceryl-10 Laurate, Polyglyceryl-10 Myristate, Sodium Hyaluronate, Sodium Phytate, Biosaccharide Gum-1, Aloe Barbadensis Leaf Extract, Eucalyptus Globulus Leaf Extract, Mentha Arvensis Extract, Cymbopogon Citratus Extract, Citric Acid, Hyaluronic Acid, Sodium Metaphosphate, Camellia Sinensis Leaf Extract, Sodium Citrate, Capryloyl Salicylic Acid, Propylene Glycol, Glyceryl Oleate, Tromethamine, Tocopherol, Lecithin, Lauryl Glucoside, Hydrolyzed Hyaluronic Acid, Polyglyceryl-6 Laurate, Myristyl Glucoside, Sodium Hyaluronate Crosspolymer, Glyceryl Caprylate, Sodium Trimetaphosphate, Sodium Acetylated Hyaluronate. For informational purposes only. While we endeavor to keep this ingredient list accurate, please be advised that our ingredient list may change. We recommend you refer to the ingredient list on the individual product package for the most up to date ingredient list. Key Ingredients: Green Tea + Hyaluronic Acid: Hydrate and help retain skin’s moisture Panthenol + Allantoin : Soothe Erythritol : Provides a cooling effect Full Ingredient List: Water / Aqua / Eau, Glycerin, Methylpropanediol, Butylene Glycol, 1,2-Hexanediol, Xylitol, Erythritol, Propanediol, Allantoin, Ethylhexylglycerin, Panthenol, Xanthan Gum, Polyglyceryl-10 Laurate, Polyglyceryl-10 Myristate, Sodium Hyaluronate, Sodium Phytate, Biosaccharide Gum-1, Aloe Barbadensis Leaf Extract, Eucalyptus Globulus Leaf Extract, Mentha Arvensis Extract, Cymbopogon Citratus Extract, Citric Acid, Hyaluronic Acid, Sodium Metaphosphate, Camellia Sinensis Leaf Extract, Sodium Citrate, Capryloyl Salicylic Acid, Propylene Glycol, Glyceryl Oleate, Tromethamine, Tocopherol, Lecithin, Lauryl Glucoside, Hydrolyzed Hyaluronic Acid, Polyglyceryl-6 Laurate, Myristyl Glucoside, Sodium Hyaluronate Crosspolymer, Glyceryl Caprylate, Sodium Trimetaphosphate, Sodium Acetylated Hyaluronate. For informational purposes only. While we endeavor to keep this ingredient list accurate, please be advised that our ingredient list may change. We recommend you refer to the ingredient list on the individual product package for the most up to date ingredient list.",Allantoin Erythritol Green Tea Hyaluronic Acid Panthenol,"[""normal"", ""dry"", ""oily"", ""combination"", ""sensitive""]",[],"[""cleanse"", ""hydrate"", ""soothe""]",pads,"Quick + Easy, All-Over Visible Hydration After cleansing, sweep over face and neck Targeted Instant Cooling Hydration Apply to areas of concern for 5-10 minutes as mini sheet masks Quick + Easy, All-Over Visible Hydration After cleansing, sweep over face and neck Quick + Easy, All-Over Visible Hydration After cleansing, sweep over face and neck Targeted Instant Cooling Hydration Apply to areas of concern for 5-10 minutes as mini sheet masks Targeted Instant Cooling Hydration Apply to areas of concern for 5-10 minutes as mini sheet masks",,https://us.innisfree.com/cdn/shop/files/1_IF_GT-TP-NoTexture_Packshot_1080x1080_d7c18424-f218-4a0a-bf52-1a511b876028.jpg?v=1782409296,https://us.innisfree.com/products/green-tea-panthenol-calming-toner-pads,,86,true,true,[],[],[],"[""skin_concerns"", ""warnings""]","{""care_goals"": [], ""category"": [], ""skin_concerns"": [], ""skin_types"": []}",USD,innisfree,,0.3.0,2026-09-15T14:40:26.473131+00:00,
231171671,Green Tea Panthenol Gel Cream,innisfree,moisturizer,30.0,USD,1.69floz,"Reduce excess oil for a balanced complexion with our lightweight Korean gel cream. Infused with our Oil Comfort Complex™, it helps manage moisture levels while non-menthol cooling agents give skin an instant refresh. Balance oily skin for a fresh finish with less shine.",AM & PM Soothing AM & PM Soothing,"Key Ingredients: Oil Comfort Complex™ (Inositol, Silica, and LHA): Reduce excess sebum and dead skin cells Super Green Tea™: Delivers balanced hydration Panthenol + Soothing Capsules (Squalane, Phytosterol, and Vitamin E): Calm skin Erythritol : Provides cooling sensation Full Ingredient List: Water / Aqua / Eau, Propanediol, Camellia Sinensis Leaf Water, Caprylic/Capric Triglyceride, Dimethicone, Glycerin, 1,2-Hexanediol, Squalane, Xylitol, Erythritol, Panthenol, Behenyl Alcohol, Tromethamine, Butylene Glycol, Carbomer, Acrylates/C1030 Alkyl Acrylate Crosspolymer, Arachidyl Alcohol, Ethylhexylglycerin, Pentylene Glycol, Arachidyl Glucoside, Sodium Gluconate, Phytosterols, Tocopherol, Coptis Japonica Root Extract, Sodium Metaphosphate, Polyglyceryl10 Oleate, Guaiazulene, Inositol, Hydrogenated Lecithin, Silica, Capryloyl Salicylic Acid, Polyglyceryl-10 Stearate, Camellia Sinensis Leaf Extract, Methicone, Sodium Stearoylglutamate, Camellia Sinensis Seed Oil, Oryza Sativa (Rice) Bran Oil. For informational purposes only. While we endeavor to keep this ingredient list accurate, please be advised that our ingredient list may change. We recommend you refer to the ingredient list on the individual product package for the most up to date ingredient list. Key Ingredients: Oil Comfort Complex™ (Inositol, Silica, and LHA): Reduce excess sebum and dead skin cells Super Green Tea™: Delivers balanced hydration Panthenol + Soothing Capsules (Squalane, Phytosterol, and Vitamin E): Calm skin Erythritol : Provides cooling sensation Full Ingredient List: Water / Aqua / Eau, Propanediol, Camellia Sinensis Leaf Water, Caprylic/Capric Triglyceride, Dimethicone, Glycerin, 1,2-Hexanediol, Squalane, Xylitol, Erythritol, Panthenol, Behenyl Alcohol, Tromethamine, Butylene Glycol, Carbomer, Acrylates/C1030 Alkyl Acrylate Crosspolymer, Arachidyl Alcohol, Ethylhexylglycerin, Pentylene Glycol, Arachidyl Glucoside, Sodium Gluconate, Phytosterols, Tocopherol, Coptis Japonica Root Extract, Sodium Metaphosphate, Polyglyceryl10 Oleate, Guaiazulene, Inositol, Hydrogenated Lecithin, Silica, Capryloyl Salicylic Acid, Polyglyceryl-10 Stearate, Camellia Sinensis Leaf Extract, Methicone, Sodium Stearoylglutamate, Camellia Sinensis Seed Oil, Oryza Sativa (Rice) Bran Oil. For informational purposes only. While we endeavor to keep this ingredient list accurate, please be advised that our ingredient list may change. We recommend you refer to the ingredient list on the individual product package for the most up to date ingredient list.","Erythritol, Oil Comfort Complex™, Panthenol, Soothing Capsules, Super Green Tea™","[""normal"", ""dry"", ""oily"", ""combination"", ""sensitive""]","[""oiliness""]","[""hydrate"", ""soothe""]",gel-cream,,,https://us.innisfree.com/cdn/shop/files/1_PDP_GT-PGC_Packshot_1080x1080_c8e8aa37-74df-44a4-bd02-ddcd77252704.jpg?v=1782407537,https://us.innisfree.com/products/green-tea-panthenol-gel-cream,,90,true,true,[],[],[],"[""usage_instruction"", ""warnings""]","{""care_goals"": [], ""category"": [], ""skin_concerns"": [], ""skin_types"": []}",USD,innisfree,,0.3.0,2026-09-15T14:40:28.367962+00:00,
231171610,Green Tea PDRN™ Bounce Booster Eye & Lip Serum,innisfree,serum,26.0,USD,0.50floz,"Smooth early fine lines + wrinkles while boosting skin’s elasticity with our innovative eye + lip serum inspired by the viral Korean PDRN treatment. Green Tea PDRN™, Green Tea Exosomes, + gentle Encapsulated Retinol Complex target delicate fine lines around eyes + lips. You can even use directly on lips for a fuller pout!",AM & PM Visibly Firms AM & PM Visibly Firms,"Key Ingredients: Green Tea PDRN™ (15% Concentration): A vegan alternative to salmon-derived PDRN sourced from Jeju Island Green Tea to help boost skin rejuvenation ​ Green Tea Exosomes + Peptide Complex: Help improve elasticity 1% Encapsulated Retinol Complex: Pure retinol, encapsulated retinol and retinoid help firm skin & improve the look of fine lines Full Ingredient List: Water / Aqua / Eau, Lactobacillus Ferment Lysate*, Butylene Glycol, Propanediol, Pentaerythrityl Tetraethylhexanoate, Squalane, Methyl Trimethicone, Glycerin, Niacinamide, Glyceryl Stearate Citrate, Cetearyl Alcohol, PVP, Butyrospermum Parkii (Shea) Butter, 1,2-Hexanediol, Glyceryl Stearate, Hydrogenated Vegetable Oil, Synthetic Wax, Helianthus Annuus (Sunflower) Seed Oil, Palmitic Acid, Stearic Acid, Polyacrylate-13, Glycine Soja (Soybean) Oil, Cetearyl Glucoside, Tocopherol, Polyisobutene, Ethylhexylglycerin, Ethylene/Propylene Copolymer, Daucus Carota Sativa (Carrot) Root Extract, Sodium Polyacrylate, Kojyl Methylenedioxycinnamate, Polyglyceryl-6 Caprylate, Adenosine, Retinol, Polysorbate 20, Sodium Metaphosphate, Sorbitan Isostearate, Lactobacillus Extracellular Vesicles, Polyglyceryl-10 Laurate, Caprylyl Glycol, Lecithin, Pullulan, Beta-Carotene, Tromethamine, Acetyl Heptapeptide-4, Zein, Acetyl Tetrapeptide-2, Pectin, Acetyl Hexapeptide-8, Sodium Hydroxide, Acetyl Octapeptide-3. *Green Tea PDRN™- A proprietary Green Tea probiotic-derived lactobacillus ferment lysate that helps visibly rejuvenate skin. For informational purposes only. While we endeavor to keep this ingredient list accurate, please be advised that our ingredient list may change. We recommend you refer to the ingredient list on the individual product package for the most up to date ingredient list. Key Ingredients: Green Tea PDRN™ (15% Concentration): A vegan alternative to salmon-derived PDRN sourced from Jeju Island Green Tea to help boost skin rejuvenation ​ Green Tea Exosomes + Peptide Complex: Help improve elasticity 1% Encapsulated Retinol Complex: Pure retinol, encapsulated retinol and retinoid help firm skin & improve the look of fine lines Full Ingredient List: Water / Aqua / Eau, Lactobacillus Ferment Lysate*, Butylene Glycol, Propanediol, Pentaerythrityl Tetraethylhexanoate, Squalane, Methyl Trimethicone, Glycerin, Niacinamide, Glyceryl Stearate Citrate, Cetearyl Alcohol, PVP, Butyrospermum Parkii (Shea) Butter, 1,2-Hexanediol, Glyceryl Stearate, Hydrogenated Vegetable Oil, Synthetic Wax, Helianthus Annuus (Sunflower) Seed Oil, Palmitic Acid, Stearic Acid, Polyacrylate-13, Glycine Soja (Soybean) Oil, Cetearyl Glucoside, Tocopherol, Polyisobutene, Ethylhexylglycerin, Ethylene/Propylene Copolymer, Daucus Carota Sativa (Carrot) Root Extract, Sodium Polyacrylate, Kojyl Methylenedioxycinnamate, Polyglyceryl-6 Caprylate, Adenosine, Retinol, Polysorbate 20, Sodium Metaphosphate, Sorbitan Isostearate, Lactobacillus Extracellular Vesicles, Polyglyceryl-10 Laurate, Caprylyl Glycol, Lecithin, Pullulan, Beta-Carotene, Tromethamine, Acetyl Heptapeptide-4, Zein, Acetyl Tetrapeptide-2, Pectin, Acetyl Hexapeptide-8, Sodium Hydroxide, Acetyl Octapeptide-3. *Green Tea PDRN™- A proprietary Green Tea probiotic-derived lactobacillus ferment lysate that helps visibly rejuvenate skin. For informational purposes only. While we endeavor to keep this ingredient list accurate, please be advised that our ingredient list may change. We recommend you refer to the ingredient list on the individual product package for the most up to date ingredient list. Green Tea Exosomes + Peptide Complex: Help improve elasticity 1% Encapsulated Retinol Complex: Pure retinol, encapsulated retinol and retinoid help firm skin & improve the look of fine lines Full Ingredient List: Water / Aqua / Eau, Lactobacillus Ferment Lysate*, Butylene Glycol, Propanediol, Pentaerythrityl Tetraethylhexanoate, Squalane, Methyl Trimethicone, Glycerin, Niacinamide, Glyceryl Stearate Citrate, Cetearyl Alcohol, PVP, Butyrospermum Parkii (Shea) Butter, 1,2-Hexanediol, Glyceryl Stearate, Hydrogenated Vegetable Oil, Synthetic Wax, Helianthus Annuus (Sunflower) Seed Oil, Palmitic Acid, Stearic Acid, Polyacrylate-13, Glycine Soja (Soybean) Oil, Cetearyl Glucoside, Tocopherol, Polyisobutene, Ethylhexylglycerin, Ethylene/Propylene Copolymer, Daucus Carota Sativa (Carrot) Root Extract, Sodium Polyacrylate, Kojyl Methylenedioxycinnamate, Polyglyceryl-6 Caprylate, Adenosine, Retinol, Polysorbate 20, Sodium Metaphosphate, Sorbitan Isostearate, Lactobacillus Extracellular Vesicles, Polyglyceryl-10 Laurate, Caprylyl Glycol, Lecithin, Pullulan, Beta-Carotene, Tromethamine, Acetyl Heptapeptide-4, Zein, Acetyl Tetrapeptide-2, Pectin, Acetyl Hexapeptide-8, Sodium Hydroxide, Acetyl Octapeptide-3. *Green Tea PDRN™- A proprietary Green Tea probiotic-derived lactobacillus ferment lysate that helps visibly rejuvenate skin. For informational purposes only. While we endeavor to keep this ingredient list accurate, please be advised that our ingredient list may change. We recommend you refer to the ingredient list on the individual product package for the most up to date ingredient list.",Green Tea PDRN™ Peptide Retinol,"[""normal"", ""dry"", ""oily"", ""combination"", ""sensitive""]","[""aging""]","[""anti_aging""]",serum,,,https://us.innisfree.com/cdn/shop/files/01_IF_R-PDRN-EL-Packshot_15ml_2025_011080x1080_1_cb50e374-d65a-4c6a-8aca-daf9284d589b.jpg?v=1768918199,https://us.innisfree.com/products/green-tea-pdrn-bounce-booster-eye-lip-serum,,90,true,true,[],[],[],"[""usage_instruction"", ""warnings""]","{""care_goals"": [], ""category"": [], ""skin_concerns"": [], ""skin_types"": []}",USD,innisfree,,0.3.0,2026-09-15T14:40:30.129376+00:00,
231171655,Green Tea PDRN™ Starter Set,innisfree,toner,39.0,USD,60ml,"Visibly smooth, firm, + plump skin for a revitalized complexion with our mini Green Tea PDRN™ routine. Start with Toner, follow up with Serum, + finish with Eye & Lip Serum.",AM & PM Glow Visibly Firms AM & PM Glow Visibly Firms,"Key Ingredient: Green Tea PDRN™ : Boosts skin rejuvenation​ Retinol Green Tea PDRN™ Skinbooster Toner ​ : Types of Hyaluronic Acid: Moisturize Retinol Green Tea PDRN™ Firming Serum​ : 1% Triple Retinol Complex™: Promotes cell turnover for instant smoothing + firming. Green Tea PDRN™ Bounce Booster Eye & Lip Serum : Green Tea Exosomes + Peptide Complex: Visibly improves skin elasticity Full Ingredient List: Retinol Green Tea PDRN™ Skinbooster Toner ​: Water / Aqua / Eau, Butylene Glycol, Lactobacillus Ferment Lysate*, Glycerin, Niacinamide, Polyglycerin-3, 1,2-Hexanediol, Propanediol, Ppg-13-Decyltetradeceth-24, Glycine Soja (Soybean) Oil, Ethylhexylglycerin, Panthenol, Adenosine, Sodium Polyacrylate, Sodium Metaphosphate, Retinol, Tocopherol, Sodium Hyaluronate, Camellia Sinensis Leaf Extract, Hydrolyzed Hyaluronic Acid, Sodium Hyaluronate Crosspolymer, Hyaluronic Acid, Sodium Acetylated Hyaluronate *Green Tea PDRN™- A proprietary Green Tea probiotic-derived lactobacillus ferment lysate that helps visibly rejuvenate skin. Retinol Green Tea PDRN™ Firming Serum​ : Lactobacillus Ferment Ly­sate*, Glycerin, Propanediol, Water / Aq­ua / Eau, Dipropylene Glycol, Butylene Glycol, Niacinamide, 1,2­Hexanediol, Sq­ualane, Glyceryl Polymethacrylate, Dimethyl Isosorbide, Methyl Trimethico­ne, Cetearyl Alcohol, Hydroxyethyl U­rea, Ammonium Acryloyldimethyltaur­ate/VP Copolymer, Helianthus Annuus (Sunflower) Seed Oil, Glycine Soja (Soy ­Bean) Oil, Allantoin, Glyceryl Stearate, Xanthan Gum, Tocopherol, Tocopherylacetate, Pentylene Glycol, Dipotassium Glycyrrhizate, Sodium Stearoyl Gluta­mate, Hydrogenated Lecithin, Daucus Carota Sativa (Carrot) Root Extract, Hydroxypinacolone Retinoate, Stear­ic Acid, Polyglyceryl­3 Methylglucose Distearate, Sodium Polyacrylate, Sodium Metaphosphate, Kojyl Methylened­ioxycinnamate, Palmitic Acid, Ethylhe­xylglycerin, Adenosine, Retinol, Sodiu­m Hyaluronate, Hyaluronic Acid, Hyd­rolyzed Vegetable Protein, Achillea Mi­llefolium Extract, Beta­carotene, My­ristic Acid, Lauric Acid, Pullulan, Zein, Camellia Sinensis Leaf Extract, Pectin, Citric Acid *Green Tea PDRN™- A proprietary Green Tea probiotic-derived lactobacillus ferment lysate that helps visibly rejuvenate skin. Green Tea PDRN™ Bounce Booster Eye & Lip Serum: Water / Aqua / Eau, Lactobacillus Ferment Lysate*, Butylene Glycol, Propanediol, Pentaerythrityl Tetraethylhexanoate, Squalane, Methyl Trimethicone, Glycerin, Niacinamide, Glyceryl Stearate Citrate, Cetearyl Alcohol, PVP, Butyrospermum Parkii (Shea) Butter, 1,2-Hexanediol, Glyceryl Stearate, Hydrogenated Vegetable Oil, Synthetic Wax, Helianthus Annuus (Sunflower) Seed Oil, Palmitic Acid, Stearic Acid, Polyacrylate-13, Glycine Soja (Soybean) Oil, Cetearyl Glucoside, Tocopherol, Polyisobutene, Ethylhexylglycerin, Ethylene/Propylene Copolymer, Daucus Carota Sativa (Carrot) Root Extract, Sodium Polyacrylate, Kojyl Methylenedioxycinnamate, Polyglyceryl-6 Caprylate, Adenosine, Retinol, Polysorbate 20, Sodium Metaphosphate, Sorbitan Isostearate, Lactobacillus Extracellular Vesicles, Polyglyceryl-10 Laurate, Caprylyl Glycol, Lecithin, Pullulan, Beta-Carotene, Tromethamine, Acetyl Heptapeptide-4, Zein, Acetyl Tetrapeptide-2, Pectin, Acetyl Hexapeptide-8, Sodium Hydroxide, Acetyl Octapeptide-3. *Green Tea PDRN™- A proprietary Green Tea probiotic-derived lactobacillus ferment lysate that helps visibly rejuvenate skin. For informational purposes only. While we endeavor to keep this ingredient list accurate, please be advised that our ingredient list may change. We recommend you refer to the ingredient list on the individual product package for the most up to date ingredient list. Key Ingredient: Green Tea PDRN™ : Boosts skin rejuvenation​ Retinol Green Tea PDRN™ Skinbooster Toner ​ : Types of Hyaluronic Acid: Moisturize Retinol Green Tea PDRN™ Firming Serum​ : 1% Triple Retinol Complex™: Promotes cell turnover for instant smoothing + firming. Green Tea PDRN™ Bounce Booster Eye & Lip Serum : Green Tea Exosomes + Peptide Complex: Visibly improves skin elasticity Full Ingredient List: Retinol Green Tea PDRN™ Skinbooster Toner ​: Water / Aqua / Eau, Butylene Glycol, Lactobacillus Ferment Lysate*, Glycerin, Niacinamide, Polyglycerin-3, 1,2-Hexanediol, Propanediol, Ppg-13-Decyltetradeceth-24, Glycine Soja (Soybean) Oil, Ethylhexylglycerin, Panthenol, Adenosine, Sodium Polyacrylate, Sodium Metaphosphate, Retinol, Tocopherol, Sodium Hyaluronate, Camellia Sinensis Leaf Extract, Hydrolyzed Hyaluronic Acid, Sodium Hyaluronate Crosspolymer, Hyaluronic Acid, Sodium Acetylated Hyaluronate *Green Tea PDRN™- A proprietary Green Tea probiotic-derived lactobacillus ferment lysate that helps visibly rejuvenate skin. Retinol Green Tea PDRN™ Firming Serum​ : Lactobacillus Ferment Ly­sate*, Glycerin, Propanediol, Water / Aq­ua / Eau, Dipropylene Glycol, Butylene Glycol, Niacinamide, 1,2­Hexanediol, Sq­ualane, Glyceryl Polymethacrylate, Dimethyl Isosorbide, Methyl Trimethico­ne, Cetearyl Alcohol, Hydroxyethyl U­rea, Ammonium Acryloyldimethyltaur­ate/VP Copolymer, Helianthus Annuus (Sunflower) Seed Oil, Glycine Soja (Soy ­Bean) Oil, Allantoin, Glyceryl Stearate, Xanthan Gum, Tocopherol, Tocopherylacetate, Pentylene Glycol, Dipotassium Glycyrrhizate, Sodium Stearoyl Gluta­mate, Hydrogenated Lecithin, Daucus Carota Sativa (Carrot) Root Extract, Hydroxypinacolone Retinoate, Stear­ic Acid, Polyglyceryl­3 Methylglucose Distearate, Sodium Polyacrylate, Sodium Metaphosphate, Kojyl Methylened­ioxycinnamate, Palmitic Acid, Ethylhe­xylglycerin, Adenosine, Retinol, Sodiu­m Hyaluronate, Hyaluronic Acid, Hyd­rolyzed Vegetable Protein, Achillea Mi­llefolium Extract, Beta­carotene, My­ristic Acid, Lauric Acid, Pullulan, Zein, Camellia Sinensis Leaf Extract, Pectin, Citric Acid *Green Tea PDRN™- A proprietary Green Tea probiotic-derived lactobacillus ferment lysate that helps visibly rejuvenate skin. Green Tea PDRN™ Bounce Booster Eye & Lip Serum: Water / Aqua / Eau, Lactobacillus Ferment Lysate*, Butylene Glycol, Propanediol, Pentaerythrityl Tetraethylhexanoate, Squalane, Methyl Trimethicone, Glycerin, Niacinamide, Glyceryl Stearate Citrate, Cetearyl Alcohol, PVP, Butyrospermum Parkii (Shea) Butter, 1,2-Hexanediol, Glyceryl Stearate, Hydrogenated Vegetable Oil, Synthetic Wax, Helianthus Annuus (Sunflower) Seed Oil, Palmitic Acid, Stearic Acid, Polyacrylate-13, Glycine Soja (Soybean) Oil, Cetearyl Glucoside, Tocopherol, Polyisobutene, Ethylhexylglycerin, Ethylene/Propylene Copolymer, Daucus Carota Sativa (Carrot) Root Extract, Sodium Polyacrylate, Kojyl Methylenedioxycinnamate, Polyglyceryl-6 Caprylate, Adenosine, Retinol, Polysorbate 20, Sodium Metaphosphate, Sorbitan Isostearate, Lactobacillus Extracellular Vesicles, Polyglyceryl-10 Laurate, Caprylyl Glycol, Lecithin, Pullulan, Beta-Carotene, Tromethamine, Acetyl Heptapeptide-4, Zein, Acetyl Tetrapeptide-2, Pectin, Acetyl Hexapeptide-8, Sodium Hydroxide, Acetyl Octapeptide-3. *Green Tea PDRN™- A proprietary Green Tea probiotic-derived lactobacillus ferment lysate that helps visibly rejuvenate skin. For informational purposes only. While we endeavor to keep this ingredient list accurate, please be advised that our ingredient list may change. We recommend you refer to the ingredient list on the individual product package for the most up to date ingredient list. Retinol Green Tea PDRN™ Firming Serum​ : Lactobacillus Ferment Ly­sate*, Glycerin, Propanediol, Water / Aq­ua / Eau, Dipropylene Glycol, Butylene Glycol, Niacinamide, 1,2­Hexanediol, Sq­ualane, Glyceryl Polymethacrylate, Dimethyl Isosorbide, Methyl Trimethico­ne, Cetearyl Alcohol, Hydroxyethyl U­rea, Ammonium Acryloyldimethyltaur­ate/VP Copolymer, Helianthus Annuus (Sunflower) Seed Oil, Glycine Soja (Soy ­Bean) Oil, Allantoin, Glyceryl Stearate, Xanthan Gum, Tocopherol, Tocopherylacetate, Pentylene Glycol, Dipotassium Glycyrrhizate, Sodium Stearoyl Gluta­mate, Hydrogenated Lecithin, Daucus Carota Sativa (Carrot) Root Extract, Hydroxypinacolone Retinoate, Stear­ic Acid, Polyglyceryl­3 Methylglucose Distearate, Sodium Polyacrylate, Sodium Metaphosphate, Kojyl Methylened­ioxycinnamate, Palmitic Acid, Ethylhe­xylglycerin, Adenosine, Retinol, Sodiu­m Hyaluronate, Hyaluronic Acid, Hyd­rolyzed Vegetable Protein, Achillea Mi­llefolium Extract, Beta­carotene, My­ristic Acid, Lauric Acid, Pullulan, Zein, Camellia Sinensis Leaf Extract, Pectin, Citric Acid *Green Tea PDRN™- A proprietary Green Tea probiotic-derived lactobacillus ferment lysate that helps visibly rejuvenate skin. Green Tea PDRN™ Bounce Booster Eye & Lip Serum: Water / Aqua / Eau, Lactobacillus Ferment Lysate*, Butylene Glycol, Propanediol, Pentaerythrityl Tetraethylhexanoate, Squalane, Methyl Trimethicone, Glycerin, Niacinamide, Glyceryl Stearate Citrate, Cetearyl Alcohol, PVP, Butyrospermum Parkii (Shea) Butter, 1,2-Hexanediol, Glyceryl Stearate, Hydrogenated Vegetable Oil, Synthetic Wax, Helianthus Annuus (Sunflower) Seed Oil, Palmitic Acid, Stearic Acid, Polyacrylate-13, Glycine Soja (Soybean) Oil, Cetearyl Glucoside, Tocopherol, Polyisobutene, Ethylhexylglycerin, Ethylene/Propylene Copolymer, Daucus Carota Sativa (Carrot) Root Extract, Sodium Polyacrylate, Kojyl Methylenedioxycinnamate, Polyglyceryl-6 Caprylate, Adenosine, Retinol, Polysorbate 20, Sodium Metaphosphate, Sorbitan Isostearate, Lactobacillus Extracellular Vesicles, Polyglyceryl-10 Laurate, Caprylyl Glycol, Lecithin, Pullulan, Beta-Carotene, Tromethamine, Acetyl Heptapeptide-4, Zein, Acetyl Tetrapeptide-2, Pectin, Acetyl Hexapeptide-8, Sodium Hydroxide, Acetyl Octapeptide-3. *Green Tea PDRN™- A proprietary Green Tea probiotic-derived lactobacillus ferment lysate that helps visibly rejuvenate skin. For informational purposes only. While we endeavor to keep this ingredient list accurate, please be advised that our ingredient list may change. We recommend you refer to the ingredient list on the individual product package for the most up to date ingredient list.",Green Tea PDRN™ Retinol,"[""normal"", ""dry"", ""oily"", ""combination"", ""sensitive""]",[],"[""brighten""]",serum,,,https://us.innisfree.com/cdn/shop/files/IF_PDP_PDRN_Packshot.jpg?v=1782835822,https://us.innisfree.com/products/green-tea-pdrn-starter-set,,80,true,true,[],[],[],"[""skin_concerns"", ""usage_instruction"", ""warnings""]","{""care_goals"": [], ""category"": [], ""skin_concerns"": [], ""skin_types"": []}",USD,innisfree,,0.3.0,2026-09-15T14:40:35.362818+00:00,
231171643,Green Tea Seed Hyaluronic Serum - Face Serum - 130ML,innisfree,serum,25.0,USD,130ml,"Experience deep hydration with our Green Tea Serum, formulated with a skin-quenching blend that provides moisture while strengthening the skin barrier. This lightweight facial serum delivers lasting hydration and a healthy, radiant complexion for all skin types. We took tons of empties + transformed them into recycled packaging! There’s 25% innisfree recycled glass in every Green Tea Serum Jumbo bottle* *This packaging contains recycled glass from Innisfree's BOTTLE RE:PLAY campaign. A total of 6.86 tons of Innisfree glass bottles were collected, with a portion repurposed for the MakitoyLTD production:, making up 25% of the glass used in each serum bottle. The material composition per LTD unit is as follows: 40% virgin glass + 35% PCR glass + 25% Innisfree recycled glass.",AM & PM Glow Hydration AM & PM Glow Hydration,"Key Ingredients: Green Tea Water + Encapsulated Hyaluronic Acid: Amplified hydro-synergy creating higher hydration power than Hyaluronic Acid alone Green Tea Tri-biotics™: Helps support, strengthen, and balance skin's microbiome Panthenol: Hydrates and helps fortify skin's moisture barrier Niacinamide: Helps achieve a healthy looking glow Full Ingredient List: Water / Aqua / Eau, Propanediol, Glycerin, 1,2-Hexanediol, Niacinamide, Betaine, Saccharide Isomerate, Camellia Sinensis Seed Oil, Xylitol, Cetearyl Olivate, Hydrogenated Lecithin, Butylene Glycol, Sorbitan Olivate, Lactobacillus Ferment Lysate, Acrylates/C10-30 Alkyl Acrylate Crosspolymer, Squalane, Panthenol, Allantoin, Hydroxyethyl Acrylate/Sodium Acryloyldimethyl Taurate Copolymer, Tromethamine, Ethylhexylglycerin, Ceratonia Siliqua (Carob) Gum, Sodium Metaphosphate, Camellia Sinensis Leaf Extract, Dipotassium Glycyrrhizate, Sodium Hyaluronate, Hyaluronic Acid, Dextrin, Theobroma Cacao (Cocoa) Extract, 3-O-Ethyl Ascorbic Acid, Sorbitan Isostearate, Sodium Citrate, Citric Acid, Glyceryl Oleate, Tocopherol, Lecithin, Sucrose, Lauryl Glucoside, Polyglyceryl-6 Laurate, Myristyl Glucoside, Xanthan Gum, Lactic Acid, Hydrolyzed Hyaluronic Acid, Sodium Hyaluronate Crosspolymer, Sodium Acetylated Hyaluronate For informational purposes only. While we endeavor to keep this ingredient list accurate, please be advised that our ingredient list may change. We recommend you refer to the ingredient list on the individual product package for the most up to date ingredient list. Key Ingredients: Green Tea Water + Encapsulated Hyaluronic Acid: Amplified hydro-synergy creating higher hydration power than Hyaluronic Acid alone Green Tea Tri-biotics™: Helps support, strengthen, and balance skin's microbiome Panthenol: Hydrates and helps fortify skin's moisture barrier Niacinamide: Helps achieve a healthy looking glow Full Ingredient List: Water / Aqua / Eau, Propanediol, Glycerin, 1,2-Hexanediol, Niacinamide, Betaine, Saccharide Isomerate, Camellia Sinensis Seed Oil, Xylitol, Cetearyl Olivate, Hydrogenated Lecithin, Butylene Glycol, Sorbitan Olivate, Lactobacillus Ferment Lysate, Acrylates/C10-30 Alkyl Acrylate Crosspolymer, Squalane, Panthenol, Allantoin, Hydroxyethyl Acrylate/Sodium Acryloyldimethyl Taurate Copolymer, Tromethamine, Ethylhexylglycerin, Ceratonia Siliqua (Carob) Gum, Sodium Metaphosphate, Camellia Sinensis Leaf Extract, Dipotassium Glycyrrhizate, Sodium Hyaluronate, Hyaluronic Acid, Dextrin, Theobroma Cacao (Cocoa) Extract, 3-O-Ethyl Ascorbic Acid, Sorbitan Isostearate, Sodium Citrate, Citric Acid, Glyceryl Oleate, Tocopherol, Lecithin, Sucrose, Lauryl Glucoside, Polyglyceryl-6 Laurate, Myristyl Glucoside, Xanthan Gum, Lactic Acid, Hydrolyzed Hyaluronic Acid, Sodium Hyaluronate Crosspolymer, Sodium Acetylated Hyaluronate For informational purposes only. While we endeavor to keep this ingredient list accurate, please be advised that our ingredient list may change. We recommend you refer to the ingredient list on the individual product package for the most up to date ingredient list.",Green Tea Hyaluronic Acid Niacinamide,"[""normal"", ""dry"", ""oily"", ""combination"", ""sensitive""]","[""aging""]","[""hydrate"", ""brighten"", ""repair""]",serum,,,http://us.innisfree.com/cdn/shop/files/IF_BottleRePlay_Packshot.jpg?v=1775044946,https://us.innisfree.com/products/green-tea-seed-hyaluronic-serum,,90,true,true,[],[],[],"[""usage_instruction"", ""warnings""]","{""care_goals"": [], ""category"": [], ""skin_concerns"": [], ""skin_types"": []}",USD,innisfree,,0.3.0,2026-09-15T14:40:43.835650+00:00,
231171519,Orchid Youth-Enriched Cream,innisfree,moisturizer,35.0,USD,50ml,"Revitalize your skin daily with this rejuvenating cream powered by Jeju Orchid, peptides, and adenosine - a glow-boosting blend that helps restore a youthful glow while targeting dryness, fine lines, and dullness. This rich yet lightweight formula deeply hydrates and visibly improves skin texture, making it an ideal choice for anyone looking to strengthen their skin barrier and reveal radiant, healthy-looking skin.",Nourishing Visibly Firms Nourishing Visibly Firms,"Key Ingredients: Orchidelixir TM + Orchid Flavonoids: Anti-aging + antioxidant-rich blend derived from Orchids Plant-Derived Hyaluronic Acid + Peptide + Adenosine: Deeply moisturize + provide firming benefits Plant-Derived Squalane: Helps fortify skin's moisture barrier Full Ingredient List: Water / Aqua / Eau, Cyclopentasiloxane, Propanediol, Glycerin, Cyclohexasiloxane, PEG-10 Dimethicone, Squalane, Niacinamide, Diphenylsiloxy Phenyl Trimethicone, Disteardimonium Hectorite, Sodium Chloride, 1,2-Hexanediol, Lauryl PEG-9 Polydimethylsiloxyethyl Dimethicone, Dimethicone, PolyMineral Oil-11, Dimethicone/Vinyl Dimethicone Crosspolymer, Fragrance / Parfum, Glyceryl Caprylate, Ethylhexylglycerin, Adenosine, Disodium EDTA, Hyaluronic Acid, Hexyl Cinnamal, Betaine, Linalool, Dextrin, Theobroma Cacao (Cocoa) Extract, Glucose, Orchid Extract, Iron Oxides (CI 77491), Tocopherol, Arginine/Lysine Polypeptide For informational purposes only. While we endeavor to keep this ingredient list accurate, please be advised that our ingredient list may change. We recommend you refer to the ingredient list on the individual product package for the most up to date ingredient list. Key Ingredients: Orchidelixir TM + Orchid Flavonoids: Anti-aging + antioxidant-rich blend derived from Orchids Plant-Derived Hyaluronic Acid + Peptide + Adenosine: Deeply moisturize + provide firming benefits Plant-Derived Squalane: Helps fortify skin's moisture barrier Full Ingredient List: Water / Aqua / Eau, Cyclopentasiloxane, Propanediol, Glycerin, Cyclohexasiloxane, PEG-10 Dimethicone, Squalane, Niacinamide, Diphenylsiloxy Phenyl Trimethicone, Disteardimonium Hectorite, Sodium Chloride, 1,2-Hexanediol, Lauryl PEG-9 Polydimethylsiloxyethyl Dimethicone, Dimethicone, PolyMineral Oil-11, Dimethicone/Vinyl Dimethicone Crosspolymer, Fragrance / Parfum, Glyceryl Caprylate, Ethylhexylglycerin, Adenosine, Disodium EDTA, Hyaluronic Acid, Hexyl Cinnamal, Betaine, Linalool, Dextrin, Theobroma Cacao (Cocoa) Extract, Glucose, Orchid Extract, Iron Oxides (CI 77491), Tocopherol, Arginine/Lysine Polypeptide For informational purposes only. While we endeavor to keep this ingredient list accurate, please be advised that our ingredient list may change. We recommend you refer to the ingredient list on the individual product package for the most up to date ingredient list. For informational purposes only. While we endeavor to keep this ingredient list accurate, please be advised that our ingredient list may change. We recommend you refer to the ingredient list on the individual product package for the most up to date ingredient list.",Hyaluronic Acid Niacinamide Orchid,"[""combination"", ""dry"", ""normal""]","[""dryness"", ""aging"", ""dullness""]","[""hydrate"", ""brighten"", ""anti_aging"", ""repair""]",cream,,,https://us.innisfree.com/cdn/shop/files/1IF_O-C_Packshot_2024_1080x1080_01_1.jpg?v=1760450181,https://us.innisfree.com/products/orchid-youth-enriched-cream,,90,true,true,[],[],[],"[""usage_instruction"", ""warnings""]","{""care_goals"": [], ""category"": [], ""skin_concerns"": [], ""skin_types"": []}",USD,innisfree,,0.3.0,2026-09-15T14:40:53.566867+00:00,
231171518,Orchid Youth-Enriched Eye Cream,innisfree,eye_care,35.0,USD,30ml,"This anti-aging eye cream is a deeply hydrating, firming treatment designed to smooth fine lines and boost elasticity for youthful-looking skin. Infused with Jeju Orchid and niacinamide, this Korean moisturizer delivers targeted hydration and a radiant glow to tired under eyes, helping to refresh and revitalize your skin daily.",Nourishing Visibly Firms Nourishing Visibly Firms,"Key Ingredients: Orchidelixir TM + Orchid Flavonoids: Anti-aging + antioxidant-rich blend derived from Orchids Niacinamide + Caffeine: Help revitalize + improve dullness Plant-Derived Hyaluronic Acid: Provides deep moisturization Full Ingredient List: Water / Aqua / Eau, Butylene Glycol, Glycerin, Squalane, Cetylethylhexanoate, Limnanthes Alba (Meadowfoam) Seed Oil, Copernicia Cerifera (Carnauba) Wax / Copernicia Cerifera Cera / Cire De Carnauba, Niacinamide, Cyclopentasiloxane, Butyrospermum Parkii (Shea) Butter, Glyceryl Stearate, Cyclohexasiloxane, C14-22 Alcohols, 1,2-Hexanediol, Arachidyl Alcohol, Palmitic Acid, Stearic Acid, Cetearyl Alcohol, PEG-100 Stearate, Propanediol, Behenyl Alcohol, Polyacrylate-13, C12-20 Alkyl Glucoside, Arachidyl Glucoside, Fragrance / Parfum, Polyisobutene, Hydrogenated Lecithin, Glyceryl Caprylate, Polyglyceryl-3 Methylglucose Distearate, Ethylhexylglycerin, Xanthan Gum, Disodium EDTA, Adenosine, Polysorbate 20, Sorbitan Isostearate, Avena Sativa (Oat) Kernel Extract, Caffeine, Hyaluronic Acid, Mannitol, Hexyl Cinnamal, Linalool, Betaine, Myristic Acid, Glucose, Orchid Extract, Lauric Acid, Phenoxyethanol, Copper Tripeptide-1, Tocopherol, Acetyl Tetrapeptide-5, Acetyl Tetrapeptide-11 For informational purposes only. While we endeavor to keep this ingredient list accurate, please be advised that our ingredient list may change. We recommend you refer to the ingredient list on the individual product package for the most up to date ingredient list. Key Ingredients: Orchidelixir TM + Orchid Flavonoids: Anti-aging + antioxidant-rich blend derived from Orchids Niacinamide + Caffeine: Help revitalize + improve dullness Plant-Derived Hyaluronic Acid: Provides deep moisturization Full Ingredient List: Water / Aqua / Eau, Butylene Glycol, Glycerin, Squalane, Cetylethylhexanoate, Limnanthes Alba (Meadowfoam) Seed Oil, Copernicia Cerifera (Carnauba) Wax / Copernicia Cerifera Cera / Cire De Carnauba, Niacinamide, Cyclopentasiloxane, Butyrospermum Parkii (Shea) Butter, Glyceryl Stearate, Cyclohexasiloxane, C14-22 Alcohols, 1,2-Hexanediol, Arachidyl Alcohol, Palmitic Acid, Stearic Acid, Cetearyl Alcohol, PEG-100 Stearate, Propanediol, Behenyl Alcohol, Polyacrylate-13, C12-20 Alkyl Glucoside, Arachidyl Glucoside, Fragrance / Parfum, Polyisobutene, Hydrogenated Lecithin, Glyceryl Caprylate, Polyglyceryl-3 Methylglucose Distearate, Ethylhexylglycerin, Xanthan Gum, Disodium EDTA, Adenosine, Polysorbate 20, Sorbitan Isostearate, Avena Sativa (Oat) Kernel Extract, Caffeine, Hyaluronic Acid, Mannitol, Hexyl Cinnamal, Linalool, Betaine, Myristic Acid, Glucose, Orchid Extract, Lauric Acid, Phenoxyethanol, Copper Tripeptide-1, Tocopherol, Acetyl Tetrapeptide-5, Acetyl Tetrapeptide-11 For informational purposes only. While we endeavor to keep this ingredient list accurate, please be advised that our ingredient list may change. We recommend you refer to the ingredient list on the individual product package for the most up to date ingredient list.",Hyaluronic Acid Niacinamide Orchid,"[""normal"", ""dry"", ""oily"", ""combination"", ""sensitive""]","[""aging""]","[""hydrate"", ""brighten"", ""anti_aging""]",cream,,,https://us.innisfree.com/cdn/shop/files/1IF_O-EC_Packshot_2024_1080x1080_01_1_1.jpg?v=1760450639,https://us.innisfree.com/products/orchid-youth-enriched-eye-cream,,90,true,true,[],[],[],"[""usage_instruction"", ""warnings""]","{""care_goals"": [], ""category"": [], ""skin_concerns"": [], ""skin_types"": []}",USD,innisfree,,0.3.0,2026-09-15T14:40:55.138495+00:00,
231171411,Retinol Cica Focusing Patch 2PK,innisfree,serum,24.0,USD,,"This microneedle acne patch delivers a deep delivery of intensive care with retinol, salicylic acid, Cica, and plant-derived hyaluronic acid to target spots, redness, and uneven texture. Perfect for overnight use, this soothing microneedle patch works as a powerful spot treatment for breakouts, helping to calm redness. The clinically tested formula offers soothing care in a lightweight, targeted solution.",Acne Prone Care AM & PM Soothing Acne Prone Care AM & PM Soothing,"Key Ingredients: Retinol + Salicylic Acid: Visibly improve rough skin texture and clear buildup Cica + Allantoin: Soothe skin and help calm the look of flare-ups Hyaluronic Acid: Derived from soybeans to hydrate Full Ingredient List: Trehalose, Sodium Hyaluronate, Cellulose Gum, Glycerin, Polyglyceryl-10 Laurate, Glycine Soja (Soybean) Oil, Allantoin, Dipotassium Glycyrrhizate, Adenosine, Retinol, Madecassoside, Hyaluronic Acid, Salicylic Acid, Asiaticoside, Madecassic Acid, Asiatic Acid For informational purposes only. While we endeavor to keep this ingredient list accurate, please be advised that our ingredient list may change. We recommend you refer to the ingredient list on the individual product package for the most up to date ingredient list. Key Ingredients: Retinol + Salicylic Acid: Visibly improve rough skin texture and clear buildup Cica + Allantoin: Soothe skin and help calm the look of flare-ups Hyaluronic Acid: Derived from soybeans to hydrate Full Ingredient List: Trehalose, Sodium Hyaluronate, Cellulose Gum, Glycerin, Polyglyceryl-10 Laurate, Glycine Soja (Soybean) Oil, Allantoin, Dipotassium Glycyrrhizate, Adenosine, Retinol, Madecassoside, Hyaluronic Acid, Salicylic Acid, Asiaticoside, Madecassic Acid, Asiatic Acid For informational purposes only. While we endeavor to keep this ingredient list accurate, please be advised that our ingredient list may change. We recommend you refer to the ingredient list on the individual product package for the most up to date ingredient list.",BHA Hyaluronic Acid Retinol,"[""normal"", ""dry"", ""oily"", ""combination"", ""sensitive""]","[""acne"", ""redness"", ""uneven_texture""]","[""anti_acne"", ""soothe""]",patch,,,https://us.innisfree.com/cdn/shop/files/1IF_RC-PBox_Packshot_2024_02_1080x1080_712af0c8-b05e-4101-b60f-b10f22201a21_1.jpg?v=1760459983,https://us.innisfree.com/products/retinol-cica-focusing-patch,,88,true,true,[],[],[],"[""usage_instruction"", ""warnings"", ""volume""]","{""care_goals"": [], ""category"": [], ""skin_concerns"": [], ""skin_types"": []}",USD,innisfree,,0.3.0,2026-09-15T14:40:56.597020+00:00,
231171455,Retinol Cica Moisture Recovery Serum - Facial Serum,innisfree,serum,37.0,USD,1.01floz,A beginner retinol serum with cica that helps soothe + visibly smooth away dead skin cells.,AM & PM,"Key Ingredients: Retinol: Helps visibly improve rough skin texture Jeju Cica Liposomlogy™: Cushions formula with ceramide + soybean-derived hyaluronic acid Centella Asiatica: A blend of asiaticoside, madecassic acid and asiatic acid that help soothe skin Full Ingredient List: Water / Aqua / Eau, Glycerin, Propanediol, Niacinamide, Dibutyl Adipate, Butylene Glycol, Caprylic/Capric Triglyceride, 1,2-Hexanediol, Hydrogenated Lecithin, Ammonium Acryloyldimethyltaurate/VP Copolymer, Helianthus Annuus (Sunflower) Seed Oil, Cholesterol, Allantoin, Glycine Soja (Soybean) Oil, Tocopherol, Tocopheryl Acetate, Sodium Methyl Stearoyl Taurate, Daucus Carota Sativa (Carrot) Root Extract, Pentylene Glycol, Ethylhexylglycerin, Adenosine, Asiaticoside, Madecassic Acid, Camellia Sinensis Seed Extract, Asiatic Acid, Retinol, Stearyl Glycyrrhetinate, Hyaluronic Acid, Mannitol, Ceramide NP, Carbomer, Beta-Glucan, Beta-Carotene, Phytosphingosine, Salicylic Acid, Acacia Senegal Gum, Acetyl Tetrapeptide-11, Propylene Glycol Alginate For informational purposes only. While we endeavor to keep this ingredient list accurate, please be advised that our ingredient list may change. We recommend you refer to the ingredient list on the individual product package for the most up to date ingredient list. Key Ingredients: Retinol: Helps visibly improve rough skin texture Jeju Cica Liposomlogy™: Cushions formula with ceramide + soybean-derived hyaluronic acid Centella Asiatica: A blend of asiaticoside, madecassic acid and asiatic acid that help soothe skin Full Ingredient List: Water / Aqua / Eau, Glycerin, Propanediol, Niacinamide, Dibutyl Adipate, Butylene Glycol, Caprylic/Capric Triglyceride, 1,2-Hexanediol, Hydrogenated Lecithin, Ammonium Acryloyldimethyltaurate/VP Copolymer, Helianthus Annuus (Sunflower) Seed Oil, Cholesterol, Allantoin, Glycine Soja (Soybean) Oil, Tocopherol, Tocopheryl Acetate, Sodium Methyl Stearoyl Taurate, Daucus Carota Sativa (Carrot) Root Extract, Pentylene Glycol, Ethylhexylglycerin, Adenosine, Asiaticoside, Madecassic Acid, Camellia Sinensis Seed Extract, Asiatic Acid, Retinol, Stearyl Glycyrrhetinate, Hyaluronic Acid, Mannitol, Ceramide NP, Carbomer, Beta-Glucan, Beta-Carotene, Phytosphingosine, Salicylic Acid, Acacia Senegal Gum, Acetyl Tetrapeptide-11, Propylene Glycol Alginate For informational purposes only. While we endeavor to keep this ingredient list accurate, please be advised that our ingredient list may change. We recommend you refer to the ingredient list on the individual product package for the most up to date ingredient list.",BHA Retinol,"[""normal"", ""dry"", ""oily"", ""combination"", ""sensitive""]",[],"[""soothe"", ""exfoliate""]",serum,,,https://us.innisfree.com/cdn/shop/files/01_IF_RC-S_Packshot_2024_01_1080x1080_97dfceff-1091-4bc8-9aa7-691f6c878225_1.jpg?v=1759872787,https://us.innisfree.com/products/retinol-cica-moisture-recovery-serum,,80,true,true,[],[],[],"[""skin_concerns"", ""usage_instruction"", ""warnings""]","{""care_goals"": [], ""category"": [], ""skin_concerns"": [], ""skin_types"": []}",USD,innisfree,,0.3.0,2026-09-15T14:40:58.134187+00:00,
231171563,Retinol Green Tea PDRN™ Firming Serum - 25ML,innisfree,serum,37.0,USD,25ml,"Discover the power of Green Tea PDRN™ inspired by the viral K-Beauty PDRN treatment. This vegan formula combines a 1% Triple Retinol Complex with 56% Green Tea PDRN™ to visibly firm skin, reduce fine lines, and boost elasticity for smoother, youthful-looking skin. Designed as a firming face serum that supports the skin barrier, it delivers hydration and renewal without irritation, ideal even as a retinol serum for sensitive skin. Experience this hydrating anti-aging treatment that helps refine texture, restore radiance, and reveal a more lifted, resilient complexion.",AM & PM Visibly Firms AM & PM Visibly Firms,"Key Ingredients: Green Tea PDRN™ (56% concentration): A vegan alternative to salmon-derived PDRN sourced from Jeju Island Green Tea to help promote healthy skin turnover + rejuvenate skin 1% Triple Retinol Complex™: A blend of pure retinol & dual retinoids that more effectively + gently delivers stable antioxidant & antiaging benefits than traditional retinol​ Low Molecular Hyaluronic Acid: Deeply hydrates​ Green Tea Peptides: Soothe skin​ Lethicin (derived from soybeans): Helps stabilize the retinol Full Ingredient List: Lactobacillus Ferment Ly­sate*, Glycerin, Propanediol, Water / Aq­ua / Eau, Dipropylene Glycol, Butylene Glycol, Niacinamide, 1,2­Hexanediol, Sq­ualane, Glyceryl Polymethacrylate, Dimethyl Isosorbide, Methyl Trimethico­ne, Cetearyl Alcohol, Hydroxyethyl U­rea, Ammonium Acryloyldimethyltaur­ate/VP Copolymer, Helianthus Annuus (Sunflower) Seed Oil, Glycine Soja (Soy ­Bean) Oil, Allantoin, Glyceryl Stearate, Xanthan Gum, Tocopherol, Tocopherylacetate, Pentylene Glycol, Dipotassium Glycyrrhizate, Sodium Stearoyl Gluta­mate, Hydrogenated Lecithin, Daucus Carota Sativa (Carrot) Root Extract, Hydroxypinacolone Retinoate, Stear­ic Acid, Polyglyceryl­3 Methylglucose Distearate, Sodium Polyacrylate, Sodium Metaphosphate, Kojyl Methylened­ioxycinnamate, Palmitic Acid, Ethylhe­xylglycerin, Adenosine, Retinol, Sodiu­m Hyaluronate, Hyaluronic Acid, Hyd­rolyzed Vegetable Protein, Achillea Mi­llefolium Extract, Beta­carotene, My­ristic Acid, Lauric Acid, Pullulan, Zein, Camellia Sinensis Leaf Extract, Pectin, Citric Acid *Green Tea PDRN™- A proprietary Green Tea probiotic-derived lactobacillus ferment lysate that helps visibly rejuvenate skin. For informational purposes only. While we endeavor to keep this ingredient list accurate, please be advised that our ingredient list may change. We recommend you refer to the ingredient list on the individual product package for the most up to date ingredient list. Key Ingredients: Green Tea PDRN™ (56% concentration): A vegan alternative to salmon-derived PDRN sourced from Jeju Island Green Tea to help promote healthy skin turnover + rejuvenate skin 1% Triple Retinol Complex™: A blend of pure retinol & dual retinoids that more effectively + gently delivers stable antioxidant & antiaging benefits than traditional retinol​ Low Molecular Hyaluronic Acid: Deeply hydrates​ Green Tea Peptides: Soothe skin​ Lethicin (derived from soybeans): Helps stabilize the retinol Full Ingredient List: Lactobacillus Ferment Ly­sate*, Glycerin, Propanediol, Water / Aq­ua / Eau, Dipropylene Glycol, Butylene Glycol, Niacinamide, 1,2­Hexanediol, Sq­ualane, Glyceryl Polymethacrylate, Dimethyl Isosorbide, Methyl Trimethico­ne, Cetearyl Alcohol, Hydroxyethyl U­rea, Ammonium Acryloyldimethyltaur­ate/VP Copolymer, Helianthus Annuus (Sunflower) Seed Oil, Glycine Soja (Soy ­Bean) Oil, Allantoin, Glyceryl Stearate, Xanthan Gum, Tocopherol, Tocopherylacetate, Pentylene Glycol, Dipotassium Glycyrrhizate, Sodium Stearoyl Gluta­mate, Hydrogenated Lecithin, Daucus Carota Sativa (Carrot) Root Extract, Hydroxypinacolone Retinoate, Stear­ic Acid, Polyglyceryl­3 Methylglucose Distearate, Sodium Polyacrylate, Sodium Metaphosphate, Kojyl Methylened­ioxycinnamate, Palmitic Acid, Ethylhe­xylglycerin, Adenosine, Retinol, Sodiu­m Hyaluronate, Hyaluronic Acid, Hyd­rolyzed Vegetable Protein, Achillea Mi­llefolium Extract, Beta­carotene, My­ristic Acid, Lauric Acid, Pullulan, Zein, Camellia Sinensis Leaf Extract, Pectin, Citric Acid *Green Tea PDRN™- A proprietary Green Tea probiotic-derived lactobacillus ferment lysate that helps visibly rejuvenate skin. For informational purposes only. While we endeavor to keep this ingredient list accurate, please be advised that our ingredient list may change. We recommend you refer to the ingredient list on the individual product package for the most up to date ingredient list.",Green Tea PDRN™ Hyaluronic Acid Retinol,"[""normal"", ""dry"", ""oily"", ""combination"", ""sensitive""]","[""aging"", ""redness"", ""sensitivity""]","[""hydrate"", ""brighten"", ""anti_aging"", ""repair""]",serum,,,http://us.innisfree.com/cdn/shop/files/01_NEW_IF_R-PDRN_25ml_Packshot_2025_01_1080x1080_8d45c793-8827-47d4-a5d7-7f40c864f56b_1.jpg?v=1759945405,https://us.innisfree.com/products/retinol-green-tea-pdrn-firming-serum,,90,true,true,[],[],[],"[""usage_instruction"", ""warnings""]","{""care_goals"": [], ""category"": [], ""skin_concerns"": [], ""skin_types"": []}",USD,innisfree,,0.3.0,2026-09-15T14:40:59.620260+00:00,
231171562,Retinol Green Tea PDRN™ Skinbooster Toner,innisfree,toner,28.0,USD,5.74floz,"Daily, non-stripping toner inspired by the viral PDRN Korean treatment with 7% vegan Green Tea PDRN™ to instantly smooth + prep for glowy, glass skin. This dermatologically tested toner features 7% vegan Green Tea PDRN™ and retinol to visibly smooth, refine fine lines, and prep skin for a glassy, radiant base—perfect for layering skincare and flawless makeup.",AM & PM Glow Hydration AM & PM Glow Hydration,"Key Ingredients: 7% Green Tea PDRN™ : A vegan alternative to salmon-derived PDRN sourced from Jeju Island Green Tea to help promote healthy skin turnover + rejuvenate skin 5 Types of Hyaluronic Acid + Panthenol: Helps create a moisturizing and protective layer Retinol: Refines and smooths skin texture providing a visible anti-aging benefit Full Ingredient List: Water / Aqua / Eau, Butylene Glycol, Lactobacillus Ferment Lysate, Glycerin, Niacinamide, Polyglycerin-3, 1,2-Hexanediol, Propanediol, Ppg-13-Decyltetradeceth-24, Glycine Soja (Soybean) Oil, Ethylhexylglycerin, Panthenol, Adenosine, Sodium Polyacrylate, Sodium Metaphosphate, Retinol, Tocopherol, Sodium Hyaluronate, Camellia Sinensis Leaf Extract, Hydrolyzed Hyaluronic Acid, Sodium Hyaluronate Crosspolymer, Hyaluronic Acid, Sodium Acetylated Hyaluronate For informational purposes only. While we endeavor to keep this ingredient list accurate, please be advised that our ingredient list may change. We recommend you refer to the ingredient list on the individual product package for the most up to date ingredient list. Key Ingredients: 7% Green Tea PDRN™ : A vegan alternative to salmon-derived PDRN sourced from Jeju Island Green Tea to help promote healthy skin turnover + rejuvenate skin 5 Types of Hyaluronic Acid + Panthenol: Helps create a moisturizing and protective layer Retinol: Refines and smooths skin texture providing a visible anti-aging benefit Full Ingredient List: Water / Aqua / Eau, Butylene Glycol, Lactobacillus Ferment Lysate, Glycerin, Niacinamide, Polyglycerin-3, 1,2-Hexanediol, Propanediol, Ppg-13-Decyltetradeceth-24, Glycine Soja (Soybean) Oil, Ethylhexylglycerin, Panthenol, Adenosine, Sodium Polyacrylate, Sodium Metaphosphate, Retinol, Tocopherol, Sodium Hyaluronate, Camellia Sinensis Leaf Extract, Hydrolyzed Hyaluronic Acid, Sodium Hyaluronate Crosspolymer, Hyaluronic Acid, Sodium Acetylated Hyaluronate For informational purposes only. While we endeavor to keep this ingredient list accurate, please be advised that our ingredient list may change. We recommend you refer to the ingredient list on the individual product package for the most up to date ingredient list.",Green Tea PDRN™ Hyaluronic Acid Retinol,"[""normal"", ""dry"", ""oily"", ""combination"", ""sensitive""]","[""aging""]","[""hydrate"", ""brighten"", ""anti_aging""]",,,,https://us.innisfree.com/cdn/shop/files/01_IF_R-PDRN-T_Packshot_2025_02_1_4870eec1-b9bf-484a-8ede-c40f0a0602b9.jpg?v=1765331814,https://us.innisfree.com/products/retinol-green-tea-pdrn-skinbooster-toner,,88,true,true,[],[],[],"[""usage_instruction"", ""warnings"", ""texture""]","{""care_goals"": [], ""category"": [], ""skin_concerns"": [], ""skin_types"": []}",USD,innisfree,,0.3.0,2026-09-15T14:41:01.110483+00:00,
231171600,Serum-Infused Sheet Mask 5 Pack - Green Tea PDRN™ Firming,innisfree,serum,10.0,USD,0.74floz,"Discover the ultimate skin revival with our trio of serum-infused masks. Retinol + Green Tea PDRN™ firm and smooth, Retinol + Cica calm and hydrate, and Vitamin C + Green Tea Enzyme brighten and fade dark spots. Each mask delivers targeted care for radiant, healthy skin. Each serum-infused sheet mask comes in a resealable 5 pack for convenient, daily masking.",AM & PM Brightening Glow Hydration Visibly Firms AM & PM Brightening Glow Hydration Visibly Firms,"Key Ingredients: Green Tea PDRN™ Firming Mask: -Green Tea PDRN™ + 6 Peptides: Rejuvenate skin + smooth skin's texture -Triple Retinol Complex™: Deliver stable antioxidant + anti-aging benefits -Panthenol + Squalane + Hyaluronic Acid: Hydrate + nourish Green Tea Ceramide Milk Mask: -Super Green Tea™: Delivers deep hydration + antioxidant protection ​ -Green Tea Ceramide: Replenish + repair skin's moisture barrier ​ -9 types of Hyaluronic Acid: Deeply hydrates ​ -Vitamin E + Rice Bran Oil: Nourishes Vitamin C Brightening Mask: -Vitamin C + Niacinamide: Brighten -Green Tea-derived Enzyme: Gently exfoliates -Panthenol + Hyaluronic Acid: Hydrate + nourish Retinol Cica Recovery Mask: -Retinol: Visibly improves skin texture -Centella Asiatica (Cica): Soothes -BHA (Salicylic Acid) + PHA (Lactobionic Acid): Gently exfoliates -Panthenol + Squalane + Hyaluronic Acid: Hydrate + nourish Full Ingredient List: Green Tea PDRN™ Firming Mask: Water / Aqua / Eau, Butylene Glycol, Lactobacillus Ferment Lysate*, Niacinamide, Glyceryl Glucoside, 1,2-Hexanediol, Glycerin, Cetyl Ethylhexanoate, Isopentyldiol, Polyglyceryl-10 Stearate, Propanediol, Hydrogenated Poly(C6-14) Olefin, Neopentyl Glycol Diheptanoate, Erythritol, Glyceryl Stearate SE, Carbomer, Panthenol, Arginine, Pullulan, Coptis Japonica Root Extract, Glycine Soja (Soybean) Oil, Ethylhexylglycerin, Xanthan Gum, Adenosine, Sodium Polyacrylate, Sodium Phytate, Allantoin, Dimethyl Isosorbide, Retinol, Hydroxypinacolone Retinoate, Squalane, Kojyl Methylenedioxycinnamate, Centella Asiatica Leaf Extract, Bifida Ferment Lysate, Lactococcus Ferment Lysate, Dipropylene Glycol, Gynostemma Pentaphyllum Leaf/Stem Extract, Gelidium Cartilagineum Extract, Hizikia Fusiforme Extract, Hydrogenated Lecithin, Asiaticoside, Asiatic Acid, Madecassic Acid, Sodium Hyaluronate, Nonapeptide-1, Beta-Glucan, Ceramide NP, Acetyl Hexapeptide-8, Palmitoyl Pentapeptide-4, Palmitoyl Tetrapeptide-7, Hexapeptide-9, Palmitoyl Tripeptide-1, Hyaluronic Acid, Sodium Hyaluronate Crosspolymer, Hydrolyzed Hyaluronic Acid, Hydrolyzed Sodium Hyaluronate, Hydroxypropyltrimonium Hyaluronate, Potassium Hyaluronate, Pentylene Glycol, Sodium Acetylated Hyaluronate *Green Tea PDRN™- A proprietary Green Tea probiotic-derived lactobacillus ferment lysate that helps visibly rejuvenate skin. Green Tea Ceramide Milk Mask: Water / Aqua / Eau, Glycerin, Butylene Glycol, Propanediol, Hydrogenated Rice Bran Oil, Betaine, 1,2-Hexanediol, Mannitol, Polyglycerin-3, PPG-13-Decyltetradeceth-24, Hydrogenated Lecithin, Pentylene Glycol, Glyceryl Caprylate, Xanthan Gum, Carbomer, Ethylhexylglycerin, Caprylic/Capric Triglyceride, Sodium Stearoyl Glutamate, Tromethamine, Hydroxyethyl Acrylate/Sodium Acryloyldimethyl Taurate Copolymer, Sodium Metaphosphate, Niacinamide, Polyglyceryl-10 Stearate, Sorbitan Isostearate, Hyaluronic Acid, Ceramide NP, Phytosterols, Camellia Sinensis Seed Oil, Tocopherol, Sodium Hyaluronate, Camellia Sinensis Leaf Extract, Caprylyl Glycol, Propylene Glycol, Glyceryl Oleate, Lecithin, Lauryl Glucoside, Hydrolyzed Hyaluronic Acid, Polyglyceryl-6 Laurate, Myristyl Glucoside, Sodium Hyaluronate Crosspolymer, Sodium Trimetaphosphate, Sodium Acetylated Hyaluronate, Acetyl Tetrapeptide-2.​ Vitamin C Brightening Mask: Water / Aqua / Eau, Butylene Glycol, Niacinamide, Propanediol, 1,2-Hexanediol, Glyceryl Glucoside, Glycerin, Erythritol, Carbomer, Arginine, Hydrogenated Lecithin, 3-O-Ethyl Ascorbic Acid, Citrus Reticulata (Tangerine) Peel Extract, Xanthan Gum, Allantoin, Ethylhexylglycerin, Polyglyceryl-10 Laurate, Glutathione, Coptis Japonica Root Extract, Gardenia Florida Fruit Extract, Sodium Hyaluronate, Sodium Phytate, Dextrin, Ascorbyl Tetraisopalmitate, Gluconolactone, Ferulic Acid, Centella Asiatica Leaf Extract, Ceramide NP, Cyclodextrin, Bifida Ferment Lysate, Lactobacillus Ferment Lysate, Lactococcus Ferment Lysate, Dipropylene Glycol, Protease, Panthenol, Asiaticoside, Asiatic Acid, Madecassic Acid, Beta-Glucan, Sodium Ascorbyl Phosphate, Hyaluronic Acid, Sodium Hyaluronate Crosspolymer, Hydrolyzed Hyaluronic Acid, Hydrolyzed Sodium Hyaluronate, Hydroxypropyltrimonium Hyaluronate, Potassium Hyaluronate, Pentylene Glycol, Sodium Acetylated Hyaluronate, Ascorbic Acid, Cyanocobalamin, Biotin, Folic Acid, Riboflavin, Pyridoxine, Thiamine HCl Retinol Cica Recovery Mask: Water / Aqua / Eau, Butylene Glycol, Niacinamide, 1,2-Hexanediol, Centella Asiatica Extract, Erythritol, Glycerin, Carbomer, Arginine, Allantoin, Sodium Hyaluronate, Butyrospermum Parkii (Shea) Butter, Olea Europaea (Olive) Fruit Oil, Caprylic/Capric Triglyceride, Hydrogenated Lecithin, Squalane, Ethylhexylglycerin, Polyglyceryl-10 Laurate, Xanthan Gum, Adenosine, Glycine Soja (Soybean) Oil, Coptis Japonica Root Extract, Ammonium Acryloyldimethyltaurate/VP Copolymer, Sodium Phytate, Glyceryl Acrylate/Acrylic Acid Copolymer, Retinol, Ceramide NP, Cholesterol, Centella Asiatica Leaf Extract, Phytosphingosine, Bifida Ferment Lysate, Lactobacillus Ferment Lysate, Lactococcus Ferment Lysate, Dipropylene Glycol, Panthenol, Asiaticoside, Asiatic Acid, Madecassic Acid, Beta-Glucan, Citric Acid, Salicylic Acid, Lactobionic Acid, Hyaluronic Acid, Sodium Hyaluronate Crosspolymer, Hydrolyzed Hyaluronic Acid, Hydrolyzed Sodium Hyaluronate, Hydroxypropyltrimonium Hyaluronate, Potassium Hyaluronate, Pentylene Glycol, Sodium Acetylated Hyaluronate For informational purposes only. While we endeavor to keep this ingredient list accurate, please be advised that our ingredient list may change. We recommend you refer to the ingredient list on the individual product package for the most up to date ingredient list. Key Ingredients: Green Tea PDRN™ Firming Mask: -Green Tea PDRN™ + 6 Peptides: Rejuvenate skin + smooth skin's texture -Triple Retinol Complex™: Deliver stable antioxidant + anti-aging benefits -Panthenol + Squalane + Hyaluronic Acid: Hydrate + nourish Green Tea Ceramide Milk Mask: -Super Green Tea™: Delivers deep hydration + antioxidant protection ​ -Green Tea Ceramide: Replenish + repair skin's moisture barrier ​ -9 types of Hyaluronic Acid: Deeply hydrates ​ -Vitamin E + Rice Bran Oil: Nourishes Vitamin C Brightening Mask: -Vitamin C + Niacinamide: Brighten -Green Tea-derived Enzyme: Gently exfoliates -Panthenol + Hyaluronic Acid: Hydrate + nourish Retinol Cica Recovery Mask: -Retinol: Visibly improves skin texture -Centella Asiatica (Cica): Soothes -BHA (Salicylic Acid) + PHA (Lactobionic Acid): Gently exfoliates -Panthenol + Squalane + Hyaluronic Acid: Hydrate + nourish Full Ingredient List: Green Tea PDRN™ Firming Mask: Water / Aqua / Eau, Butylene Glycol, Lactobacillus Ferment Lysate*, Niacinamide, Glyceryl Glucoside, 1,2-Hexanediol, Glycerin, Cetyl Ethylhexanoate, Isopentyldiol, Polyglyceryl-10 Stearate, Propanediol, Hydrogenated Poly(C6-14) Olefin, Neopentyl Glycol Diheptanoate, Erythritol, Glyceryl Stearate SE, Carbomer, Panthenol, Arginine, Pullulan, Coptis Japonica Root Extract, Glycine Soja (Soybean) Oil, Ethylhexylglycerin, Xanthan Gum, Adenosine, Sodium Polyacrylate, Sodium Phytate, Allantoin, Dimethyl Isosorbide, Retinol, Hydroxypinacolone Retinoate, Squalane, Kojyl Methylenedioxycinnamate, Centella Asiatica Leaf Extract, Bifida Ferment Lysate, Lactococcus Ferment Lysate, Dipropylene Glycol, Gynostemma Pentaphyllum Leaf/Stem Extract, Gelidium Cartilagineum Extract, Hizikia Fusiforme Extract, Hydrogenated Lecithin, Asiaticoside, Asiatic Acid, Madecassic Acid, Sodium Hyaluronate, Nonapeptide-1, Beta-Glucan, Ceramide NP, Acetyl Hexapeptide-8, Palmitoyl Pentapeptide-4, Palmitoyl Tetrapeptide-7, Hexapeptide-9, Palmitoyl Tripeptide-1, Hyaluronic Acid, Sodium Hyaluronate Crosspolymer, Hydrolyzed Hyaluronic Acid, Hydrolyzed Sodium Hyaluronate, Hydroxypropyltrimonium Hyaluronate, Potassium Hyaluronate, Pentylene Glycol, Sodium Acetylated Hyaluronate *Green Tea PDRN™- A proprietary Green Tea probiotic-derived lactobacillus ferment lysate that helps visibly rejuvenate skin. Green Tea Ceramide Milk Mask: Water / Aqua / Eau, Glycerin, Butylene Glycol, Propanediol, Hydrogenated Rice Bran Oil, Betaine, 1,2-Hexanediol, Mannitol, Polyglycerin-3, PPG-13-Decyltetradeceth-24, Hydrogenated Lecithin, Pentylene Glycol, Glyceryl Caprylate, Xanthan Gum, Carbomer, Ethylhexylglycerin, Caprylic/Capric Triglyceride, Sodium Stearoyl Glutamate, Tromethamine, Hydroxyethyl Acrylate/Sodium Acryloyldimethyl Taurate Copolymer, Sodium Metaphosphate, Niacinamide, Polyglyceryl-10 Stearate, Sorbitan Isostearate, Hyaluronic Acid, Ceramide NP, Phytosterols, Camellia Sinensis Seed Oil, Tocopherol, Sodium Hyaluronate, Camellia Sinensis Leaf Extract, Caprylyl Glycol, Propylene Glycol, Glyceryl Oleate, Lecithin, Lauryl Glucoside, Hydrolyzed Hyaluronic Acid, Polyglyceryl-6 Laurate, Myristyl Glucoside, Sodium Hyaluronate Crosspolymer, Sodium Trimetaphosphate, Sodium Acetylated Hyaluronate, Acetyl Tetrapeptide-2.​ Vitamin C Brightening Mask: Water / Aqua / Eau, Butylene Glycol, Niacinamide, Propanediol, 1,2-Hexanediol, Glyceryl Glucoside, Glycerin, Erythritol, Carbomer, Arginine, Hydrogenated Lecithin, 3-O-Ethyl Ascorbic Acid, Citrus Reticulata (Tangerine) Peel Extract, Xanthan Gum, Allantoin, Ethylhexylglycerin, Polyglyceryl-10 Laurate, Glutathione, Coptis Japonica Root Extract, Gardenia Florida Fruit Extract, Sodium Hyaluronate, Sodium Phytate, Dextrin, Ascorbyl Tetraisopalmitate, Gluconolactone, Ferulic Acid, Centella Asiatica Leaf Extract, Ceramide NP, Cyclodextrin, Bifida Ferment Lysate, Lactobacillus Ferment Lysate, Lactococcus Ferment Lysate, Dipropylene Glycol, Protease, Panthenol, Asiaticoside, Asiatic Acid, Madecassic Acid, Beta-Glucan, Sodium Ascorbyl Phosphate, Hyaluronic Acid, Sodium Hyaluronate Crosspolymer, Hydrolyzed Hyaluronic Acid, Hydrolyzed Sodium Hyaluronate, Hydroxypropyltrimonium Hyaluronate, Potassium Hyaluronate, Pentylene Glycol, Sodium Acetylated Hyaluronate, Ascorbic Acid, Cyanocobalamin, Biotin, Folic Acid, Riboflavin, Pyridoxine, Thiamine HCl Retinol Cica Recover",Cica Green Tea Green Tea PDRN™ Hyaluronic Acid Retinol Vitamin C,"[""oily"", ""normal"", ""dry"", ""combination"", ""sensitive""]","[""acne"", ""dark_spot""]","[""hydrate"", ""brighten"", ""anti_acne"", ""anti_aging"", ""soothe""]",sheet mask,,,http://us.innisfree.com/cdn/shop/files/MaskPackshots_Group_1080x1080_ed72f49e-ca97-4b90-b053-e877d7ce8b49.jpg?v=1783700862,https://us.innisfree.com/products/serum-infused-sheet-mask-5-pack,,90,true,true,[],[],[],"[""usage_instruction"", ""warnings""]","{""care_goals"": [], ""category"": [], ""skin_concerns"": [], ""skin_types"": []}",USD,innisfree,,0.3.0,2026-09-15T14:41:02.798248+00:00,
231171611,Super Volcanic Pore Clay Mask – Deep Cleanse & Clear Face Pores - ORIGINAL,innisfree,mask,16.0,USD,80g,"A wash-off, cooling clay mask with Volcanic Clusters and AHA that helps control excess sebum and visibly minimize pores while providing skin-smoothing exfoliation.",Pore Solutions,"Key Ingredients: Volcanic Clusters: Made of volcanic ash that helps absorb excess sebum. AHA (Lactic Acid): Helps exfoliate dead skin cells and minimize the appearance of pores. Full Ingredient List: Original: Water / Aqua / Eau, Butylene Glycol, Titanium Dioxide (Ci 77891), Silica, Glycerin, Trehalose, Volcanic Ash, Caprylic/Capric Triglyceride, Polyvinyl Alcohol, Bentonite, Kaolin, Glyceryl Stearate, Cetearyl Alcohol, Pvp, 1,2-Hexanediol, Peg-100 Stearate, Polysorbate 60, Palmitic Acid, Stearic Acid, Iron Oxides (Ci 77499), Hydrogenated Vegetable Oil, Xanthan Gum, Juglans Regia (Walnut) Shell Powder, Sorbitan Stearate, Zea Mays (Corn) Starch, Polyacrylate-13, Polysorbate 20, Iron Oxides (Ci 77492), Mannitol, Microcrystalline Cellulose, Sodium Metaphosphate, Lactic Acid, Lactic Acid/Glycolic Acid Copolymer, Polyisobutene, Iron Oxides (Ci 77491), Menthoxypropanediol, Tetrasodium Pyrophosphate, Ethylhexylglycerin, Sorbitan Isostearate, Polyquaternium-10, Lecithin, Tocopherol Cool Mint: Water / Aqua / Eau, Butylene Glycol, Titanium Dioxide (CI 77891), Silica, Glycerin, Trehalose, Volcanic Ash, Polyvinyl Alcohol, Bentonite, Kaolin, Caprylic/Capric Triglyceride, 1,2-Hexanediol, Glyceryl Stearate, Cetearyl Alcohol, PVP, Vitis Vinifera (Grape) Seed Powder, PEG-100 Stearate, Polysorbate 60, Palmitic Acid, Stearic Acid, Chromium Oxide Greens (CI 77288), Hydrogenated Vegetable Oil, Xanthan Gum, Fragrance / Parfum, Juglans Regia (Walnut) Shell Powder, Sorbitan Stearate, Zea Mays (Corn) Starch, Polyacrylate-13, Polysorbate 20, Mannitol, Microcrystalline Cellulose, Sodium Metaphosphate, Lactic Acid, Lactic Acid/Glycolic Acid Copolymer, Polyisobutene, Menthoxypropanediol, Tetrasodium Pyrophosphate, Ethylhexylglycerin, Sorbitan Isostearate, Lactobacillus Ferment Lysate, Polyquaternium-10, Lecithin, Tocopherol For informational purposes only. While we endeavor to keep this ingredient list accurate, please be advised that our ingredient list may change. We recommend you refer to the ingredient list on the individual product package for the most up to date ingredient list. Key Ingredients: Volcanic Clusters: Made of volcanic ash that helps absorb excess sebum. AHA (Lactic Acid): Helps exfoliate dead skin cells and minimize the appearance of pores. Original: Water / Aqua / Eau, Butylene Glycol, Titanium Dioxide (Ci 77891), Silica, Glycerin, Trehalose, Volcanic Ash, Caprylic/Capric Triglyceride, Polyvinyl Alcohol, Bentonite, Kaolin, Glyceryl Stearate, Cetearyl Alcohol, Pvp, 1,2-Hexanediol, Peg-100 Stearate, Polysorbate 60, Palmitic Acid, Stearic Acid, Iron Oxides (Ci 77499), Hydrogenated Vegetable Oil, Xanthan Gum, Juglans Regia (Walnut) Shell Powder, Sorbitan Stearate, Zea Mays (Corn) Starch, Polyacrylate-13, Polysorbate 20, Iron Oxides (Ci 77492), Mannitol, Microcrystalline Cellulose, Sodium Metaphosphate, Lactic Acid, Lactic Acid/Glycolic Acid Copolymer, Polyisobutene, Iron Oxides (Ci 77491), Menthoxypropanediol, Tetrasodium Pyrophosphate, Ethylhexylglycerin, Sorbitan Isostearate, Polyquaternium-10, Lecithin, Tocopherol Cool Mint: Water / Aqua / Eau, Butylene Glycol, Titanium Dioxide (CI 77891), Silica, Glycerin, Trehalose, Volcanic Ash, Polyvinyl Alcohol, Bentonite, Kaolin, Caprylic/Capric Triglyceride, 1,2-Hexanediol, Glyceryl Stearate, Cetearyl Alcohol, PVP, Vitis Vinifera (Grape) Seed Powder, PEG-100 Stearate, Polysorbate 60, Palmitic Acid, Stearic Acid, Chromium Oxide Greens (CI 77288), Hydrogenated Vegetable Oil, Xanthan Gum, Fragrance / Parfum, Juglans Regia (Walnut) Shell Powder, Sorbitan Stearate, Zea Mays (Corn) Starch, Polyacrylate-13, Polysorbate 20, Mannitol, Microcrystalline Cellulose, Sodium Metaphosphate, Lactic Acid, Lactic Acid/Glycolic Acid Copolymer, Polyisobutene, Menthoxypropanediol, Tetrasodium Pyrophosphate, Ethylhexylglycerin, Sorbitan Isostearate, Lactobacillus Ferment Lysate, Polyquaternium-10, Lecithin, Tocopherol For informational purposes only. While we endeavor to keep this ingredient list accurate, please be advised that our ingredient list may change. We recommend you refer to the ingredient list on the individual product package for the most up to date ingredient list. Cool Mint: Water / Aqua / Eau, Butylene Glycol, Titanium Dioxide (CI 77891), Silica, Glycerin, Trehalose, Volcanic Ash, Polyvinyl Alcohol, Bentonite, Kaolin, Caprylic/Capric Triglyceride, 1,2-Hexanediol, Glyceryl Stearate, Cetearyl Alcohol, PVP, Vitis Vinifera (Grape) Seed Powder, PEG-100 Stearate, Polysorbate 60, Palmitic Acid, Stearic Acid, Chromium Oxide Greens (CI 77288), Hydrogenated Vegetable Oil, Xanthan Gum, Fragrance / Parfum, Juglans Regia (Walnut) Shell Powder, Sorbitan Stearate, Zea Mays (Corn) Starch, Polyacrylate-13, Polysorbate 20, Mannitol, Microcrystalline Cellulose, Sodium Metaphosphate, Lactic Acid, Lactic Acid/Glycolic Acid Copolymer, Polyisobutene, Menthoxypropanediol, Tetrasodium Pyrophosphate, Ethylhexylglycerin, Sorbitan Isostearate, Lactobacillus Ferment Lysate, Polyquaternium-10, Lecithin, Tocopherol",AHA (PHA),"[""combination"", ""oily""]","[""large_pores"", ""oiliness""]","[""cleanse"", ""oil_control"", ""exfoliate""]",clay,,,http://us.innisfree.com/cdn/shop/files/1-IF_V-CM_Packshot_2026_1080x1080_fd7e52ce-608a-49b9-a09b-62066dc4abd8.jpg?v=1776980885,https://us.innisfree.com/products/super-volcanic-pore-clay-mask,,90,true,true,[],[],[],"[""usage_instruction"", ""warnings""]","{""care_goals"": [], ""category"": [], ""skin_concerns"": [], ""skin_types"": []}",USD,innisfree,,0.3.0,2026-09-15T14:41:06.971063+00:00,
231171636,Vitamin C Brightening Mask-To-Foam™ Facial Cleanser,innisfree,cleanser,16.0,USD,4.05floz,"Brighten + even skin tone while removing daily buildup + sunscreen with this 2-in-1 cleanser. The satisfying, stretchy formula transforms from a 1-min mask into a non-stripping foam. Smooth texture + boost radiance all while enjoying a refreshing tangerine scent.",AM & PM Brightening AM & PM Brightening,"List: Glycerin, Water / aqua / eau, Sodium cocoyl isethionate, Olea europaea (olive) fruit oil, Caprylic/capric triglyceride, Sorbeth-30 tetraoleate, Cetyl ethylhexanoate, Lauryl hydroxysultaine, Lauric acid, Glycol distearate, Polyglyceryl-10 diisostearate, Polyglyceryl-10 stearate, Sodium chloride, C14-22 alcohols, Disodium cocoamphodiacetate, Citrus aurantium dulcis (orange) peel oil, Citrus unshiu fruit water, Butylene glycol, Citrus limon (lemon) peel oil, Polyquaternium-7, Citrus aurantium bergamia (bergamot) fruit oil, C12-20 alkyl glucoside, Protease, Iron oxides (ci 77492), Sodium benzoate, 1,2-hexanediol, 3-o-ethyl ascorbic acid, Citric acid, Gluconolactone, Citrus unshiu peel extract, Propanediol, Ethylhexylglycerin, Citrus sphaerocarpa peel extract, Limonene, Citrus aurantium peel oil, Citrus aurantium bergamia (bergamot) peel oil, Pinene, Linalyl acetate, Linalool, Citral For informational purposes only. While we endeavor to keep this ingredient list accurate, please be advised that our ingredient list may change. We recommend you refer to the ingredient list on the individual product package for the most up to date ingredient list.",AHA (PHA) Green Tea Vitamin C,"[""normal"", ""dry"", ""oily"", ""combination"", ""sensitive""]",[],"[""cleanse"", ""brighten""]",foam,,,https://us.innisfree.com/cdn/shop/files/1IF_GT-VCMF-120g_Packshot_2025_01_1080x1080_30af883a-51dd-48c2-9662-ebc612cf77aa.jpg?v=1774905267,https://us.innisfree.com/products/vitamin-c-brightening-mask-to-foam-facial-cleanser,,80,true,true,[],[],[],"[""skin_concerns"", ""usage_instruction"", ""warnings""]","{""care_goals"": [], ""category"": [], ""skin_concerns"": [], ""skin_types"": []}",USD,innisfree,,0.3.0,2026-09-15T14:41:54.971300+00:00,
231171635,Vitamin C Niacinamide Brightening Eye Serum,innisfree,eye_care,23.0,USD,0.33floz,"Visibly reduce dark under eye circles in just 7 days with our brightening eye serum. Powered by 7% Vitamin C + Niacinamide for instantly more awake-looking under eyes. Roll on daily with the circulation-boosting, cooling metal rollerball applicator.",AM & PM Brightening AM & PM Brightening,"List: Water / Aqua / Eau, Glycerin, Butylene Glycol, Niacinamide, Diethoxyethyl Succinate, 3‑O‑Ethyl Ascorbic Acid, Ammonium Acryloyldimethyltaurate/VP Copolymer, 1,2‑Hexanediol, Trehalose, Betaine, Titanium Dioxide (CI 77891), Citrus Unshiu Fruit Water, Citric Acid, Propanediol, Glyceryl Polymethacrylate, Mica, Hydroxyethyl Acrylate/Sodium Acryloyldimethyl Taurate Copolymer, Ethylhexylglycerin, Silica, Xanthan Gum, Dextrin, Carthamus Tinctorius (Safflower) Flower Extract, Citrus Sphaerocarpa Peel Extract, Sodium Citrate, Sodium Metaphosphate, Iron Oxides (CI 77491), Sorbitan Isostearate, Citrus Unshiu Peel Extract, Tin Oxide, Cyclodextrin, Protease, Caprylyl Glycol, Acetyl Heptapeptide‑4, Hexapeptide‑9, Acetyl Hexapeptide‑8, Sodium Hydroxide, Acetyl Octapeptide‑3, Acetyl Tetrapeptide-2. For informational purposes only. While we endeavor to keep this ingredient list accurate, please be advised that our ingredient list may change. We recommend you refer to the ingredient list on the individual product package for the most up to date ingredient list.",Green Tea Niacinamide Vitamin C,"[""normal"", ""dry"", ""oily"", ""combination"", ""sensitive""]",[],"[""brighten""]",serum,,,https://us.innisfree.com/cdn/shop/files/IF_GT-VCES-10ml_Packshot_2025_03_1080x1080_51d67917-9187-4a3d-9eeb-ad533bf3408e.jpg?v=1774033566,https://us.innisfree.com/products/vitamin-c-niacinamide-brightening-eye-serum,,80,true,true,[],[],[],"[""skin_concerns"", ""usage_instruction"", ""warnings""]","{""care_goals"": [], ""category"": [], ""skin_concerns"": [], ""skin_types"": []}",USD,innisfree,,0.3.0,2026-09-15T14:41:56.581488+00:00,
231171396,Volcanic BHA Pore Cleansing Foam,innisfree,cleanser,14.0,USD,5.07floz,"This Korean foam cleanser with Jeju Volcanic Clusters and salicylic acid offers gentle yet effective cleansing for oily skin, helping to clear clogged pores, remove impurities, and control excess oil. Ideal as a cleanser for oily and combination skin, it supports daily pore care and helps cleanse & clear pores, leaving skin feeling clean, balanced, and smooth.",AM & PM Cleansing Pore Solutions AM & PM Cleansing Pore Solutions,"Key Ingredients: Volcanic Clusters: Absorb excess sebum Lactic + Glycolid + Salicylic Acid: AHAs and BHAs that helps exfoliate dead skin cells and minimize the appearance of pores Full Ingredient List: Water / Aqua / Eau, Glycerin, Myristic Acid, Stearic Acid, PEG-32, Potassium Hydroxide, Butylene Glycol, Palmitic Acid, Lauric Acid, Cocamidopropyl Betaine, Hydrated Silica, Lauryl Glucoside, Glyceryl Stearate, PEG-100 Stearate, Fragrance / Parfum, Sodium Chloride, Silica, Salicylic Acid, Polyquaternium-7, Zinc PCA, Volcanic Ash, Sodium Metaphosphate, Sodium Benzoate, Lactic Acid, Lactic Acid/Glycolic Acid Copolymer, Glycolic Acid, Madecassoside, Citric Acid, Polyquaternium-10 For informational purposes only. While we endeavor to keep this ingredient list accurate, please be advised that our ingredient list may change. We recommend you refer to the ingredient list on the individual product package for the most up to date ingredient list. Key Ingredients: Volcanic Clusters: Absorb excess sebum Lactic + Glycolid + Salicylic Acid: AHAs and BHAs that helps exfoliate dead skin cells and minimize the appearance of pores Full Ingredient List: Water / Aqua / Eau, Glycerin, Myristic Acid, Stearic Acid, PEG-32, Potassium Hydroxide, Butylene Glycol, Palmitic Acid, Lauric Acid, Cocamidopropyl Betaine, Hydrated Silica, Lauryl Glucoside, Glyceryl Stearate, PEG-100 Stearate, Fragrance / Parfum, Sodium Chloride, Silica, Salicylic Acid, Polyquaternium-7, Zinc PCA, Volcanic Ash, Sodium Metaphosphate, Sodium Benzoate, Lactic Acid, Lactic Acid/Glycolic Acid Copolymer, Glycolic Acid, Madecassoside, Citric Acid, Polyquaternium-10 For informational purposes only. While we endeavor to keep this ingredient list accurate, please be advised that our ingredient list may change. We recommend you refer to the ingredient list on the individual product package for the most up to date ingredient list.",AHA BHA,"[""combination"", ""dry"", ""oily""]","[""large_pores"", ""oiliness""]","[""cleanse"", ""oil_control""]",foam,,,https://us.innisfree.com/cdn/shop/files/01_IF_V-CF_Packshot_2024_01_1080x1080_4fec1f38-dc5c-4af5-9473-11d658c5bbdc_1.jpg?v=1760452237,https://us.innisfree.com/products/volcanic-bha-pore-cleansing-foam,,90,true,true,[],[],[],"[""usage_instruction"", ""warnings""]","{""care_goals"": [], ""category"": [], ""skin_concerns"": [], ""skin_types"": []}",USD,innisfree,,0.3.0,2026-09-15T14:42:00.096342+00:00,
231171442,Volcanic PHA Pore Refining Toner,innisfree,toner,24.0,USD,5.07floz,"A bi-phase toner infused with Volcanic Clusters and PHA to help control excess sebum and minimize the look of pores for smooth, shine-free skin.",Hydration Pore Solutions Hydration Pore Solutions,"Key Ingredients: Volcanic Clusters + Silica: Absorb excess sebum Lactic + Glycolic Acid: AHAs that helps exfoliate dead skin cells and minimize the appearance of pores Gluconolactone: A PHA that gently exfoliates Full Ingredient List: Water / Aqua / Eau, Propanediol, 1,2-Hexanediol, Arginine, Gluconolactone, Silica, Lithium Magnesium Sodium Silicate (Nano), Caprylyl Glycol, Ethylhexylglycerin, Calcium Chloride, Sodium Metaphosphate, Volcanic Ash, Lactic Acid/Glycolic Acid Copolymer, Polyquaternium-10, Tocopherol For informational purposes only. While we endeavor to keep this ingredient list accurate, please be advised that our ingredient list may change. We recommend you refer to the ingredient list on the individual product package for the most up to date ingredient list. Key Ingredients: Volcanic Clusters + Silica: Absorb excess sebum Lactic + Glycolic Acid: AHAs that helps exfoliate dead skin cells and minimize the appearance of pores Gluconolactone: A PHA that gently exfoliates Full Ingredient List: Water / Aqua / Eau, Propanediol, 1,2-Hexanediol, Arginine, Gluconolactone, Silica, Lithium Magnesium Sodium Silicate (Nano), Caprylyl Glycol, Ethylhexylglycerin, Calcium Chloride, Sodium Metaphosphate, Volcanic Ash, Lactic Acid/Glycolic Acid Copolymer, Polyquaternium-10, Tocopherol For informational purposes only. While we endeavor to keep this ingredient list accurate, please be advised that our ingredient list may change. We recommend you refer to the ingredient list on the individual product package for the most up to date ingredient list.",Volcanic Clusters + Silica: Absorb excess sebum Lactic + Glycolic Acid: AHAs that helps exfoliate dead skin cells and minimize the appearance of pores Gluconolactone: A PHA that gently exfoliates,"[""normal"", ""dry"", ""oily"", ""combination"", ""sensitive""]","[""dryness"", ""large_pores"", ""oiliness""]","[""hydrate"", ""oil_control""]",,,,https://us.innisfree.com/cdn/shop/files/01_IF_V-T_Packshot_2024_01_1080x1080_871ad526-8151-41cd-b544-decac26cba9d_1.jpg?v=1760455484,https://us.innisfree.com/products/volcanic-pha-pore-refining-toner,,88,true,true,[],[],[],"[""usage_instruction"", ""warnings"", ""texture""]","{""care_goals"": [], ""category"": [], ""skin_concerns"": [], ""skin_types"": []}",USD,innisfree,,0.3.0,2026-09-15T14:42:04.198559+00:00,
231171534,Volcanic Swirl Pore Mask,innisfree,mask,24.0,USD,110g,"Discover the clay mask for pores that purifies and hydrates in one swirl. This Korean clay mask combines volcanic gray clay to exfoliate and clear pores with a hydrating blue cream that softens and smooths skin. Powered by hyaluronic acid, niacinamide, and AHA/BHA, this volcanic clay mask refines texture, balances oil, and leaves skin visibly clearer and refreshed in just 3 minutes.",AM & PM Exfoliating Hydration Pore Solutions AM & PM Exfoliating Hydration Pore Solutions,"Key Ingredients: Gray Clay: ​ - AHAs/BHA Complex helps exfoliate dead skin cells + smooth skin texture​ - Volcanic Ash + Kaolin Clay absorb excess sebum + remove impurities​ Blue Cream: ​ - 5 types of Hyaluronic Acid instantly hydrate​ - Niacinamide + Madecassoside help brighten + soothe Full Ingredient List: Water/ Aqua / Eau, Kaolin, Butylene Glycol, Propanediol, Glycerin, Silica, Caprylic/Capric Triglyceride, Bentonite, Cetearyl Alcohol, 1,2-Hexanediol, Niacinamide, Tromethamine, Titanium Dioxide (CI 77891), Glycolic Acid, Sodium Lactate, Behenyl Alcohol, Potassium Cetyl Phosphate, Volcanic Ash, Microcrystalline Cellulose, Hydrated Silica, Xanthan Gum, Hydroxyethyl Acrylate/Sodium Acryloyldimethyl Taurate Copolymer, Cellulose Gum, Sodium Metaphosphate, Ethylhexylglycerin, Caprylyl Glycol, Lactic Acid, Lactic Acid/Glycolic Acid Copolymer, Ultramarines (CI 77007), Salicylic Acid, Sorbitan Isostearate, Madecassoside, Citric Acid, Maltodextrin, Polyquaternium-10, Hydrolyzed Gardenia Florida Extract, Triethoxycaprylylsilane, Sodium Hyaluronate, Tocopherol, Hydrolyzed Hyaluronic Acid, Sodium Hyaluronate Crosspolymer, Hyaluronic Acid, Sodium Acetylated Hyaluronate For informational purposes only. While we endeavor to keep this ingredient list accurate, please be advised that our ingredient list may change. We recommend you refer to the ingredient list on the individual product package for the most up to date ingredient list. Key Ingredients: Gray Clay: ​ - AHAs/BHA Complex helps exfoliate dead skin cells + smooth skin texture​ - Volcanic Ash + Kaolin Clay absorb excess sebum + remove impurities​ Blue Cream: ​ - 5 types of Hyaluronic Acid instantly hydrate​ - Niacinamide + Madecassoside help brighten + soothe Full Ingredient List: Water/ Aqua / Eau, Kaolin, Butylene Glycol, Propanediol, Glycerin, Silica, Caprylic/Capric Triglyceride, Bentonite, Cetearyl Alcohol, 1,2-Hexanediol, Niacinamide, Tromethamine, Titanium Dioxide (CI 77891), Glycolic Acid, Sodium Lactate, Behenyl Alcohol, Potassium Cetyl Phosphate, Volcanic Ash, Microcrystalline Cellulose, Hydrated Silica, Xanthan Gum, Hydroxyethyl Acrylate/Sodium Acryloyldimethyl Taurate Copolymer, Cellulose Gum, Sodium Metaphosphate, Ethylhexylglycerin, Caprylyl Glycol, Lactic Acid, Lactic Acid/Glycolic Acid Copolymer, Ultramarines (CI 77007), Salicylic Acid, Sorbitan Isostearate, Madecassoside, Citric Acid, Maltodextrin, Polyquaternium-10, Hydrolyzed Gardenia Florida Extract, Triethoxycaprylylsilane, Sodium Hyaluronate, Tocopherol, Hydrolyzed Hyaluronic Acid, Sodium Hyaluronate Crosspolymer, Hyaluronic Acid, Sodium Acetylated Hyaluronate For informational purposes only. While we endeavor to keep this ingredient list accurate, please be advised that our ingredient list may change. We recommend you refer to the ingredient list on the individual product package for the most up to date ingredient list.",AHA BHA Hyaluronic Acid Niacinamide,"[""normal"", ""dry"", ""oily"", ""combination"", ""sensitive""]","[""large_pores""]","[""hydrate"", ""exfoliate""]",cream,,,https://us.innisfree.com/cdn/shop/files/01_IF_V-SPM_Packshots_2025_product_1080x1080_2621f03b-cdff-4f82-a43a-a4bcaa6e108f_1.jpg?v=1760465149,https://us.innisfree.com/products/volcanic-swirl-pore-mask,,90,true,true,[],[],[],"[""usage_instruction"", ""warnings""]","{""care_goals"": [], ""category"": [], ""skin_concerns"": [], ""skin_types"": []}",USD,innisfree,,0.3.0,2026-09-15T14:42:06.502970+00:00,
