sku,name,brand_normalized,category_normalized,price,currency,volume,description,benefits,inci_ingredients,key_ingredients,skin_types,skin_concerns,care_goals,texture,usage_instruction,warnings,image_url,source_url,verified_at,_processing.quality_score,_processing.production_candidate,_processing.ai_ready,_processing.validation_errors,_processing.validation_warnings,_processing.rejection_reasons,_processing.missing_fields,_processing.unmapped_values,_processing.source_currency,_processing.last_verified_at,_processing.pipeline_version,_processing.retrieved_at,_processing.verified_at_candidate
131175008,Aloe Revitalizing Soothing Gel,innisfree,moisturizer,17.00,USD,300ml,A cooling gel formulated with organic Jeju Aloe Extract that soothes sun-exposed & dry skin.,AM & PM Hydration Soothing AM & PM Hydration Soothing,"Key Ingredients: Organic Jeju Aloe Extract: Derived from aloe flesh to help soothe + relieve sun-exposed skin. Madecassoside: Hydrates + helps protect against environmental aggressors. Full Ingredient List: Water / Aqua / Eau, Butylene Glycol, Acrylates/C10¬30 Alkyl Acrylate Crosspolymer, Phenoxyethanol, Tromethamine, Aloe Barbadensis Leaf Extract, Sodium Polyacrylate, Ethylhexylglycerin, Disodium EDTA, Menthoxypropanediol, Madecassoside For informational purposes only. While we endeavor to keep this ingredient list accurate, please be advised that our ingredient list may change. We recommend you refer to the ingredient list on the individual product package for the most up to date ingredient list. Key Ingredients: Organic Jeju Aloe Extract: Derived from aloe flesh to help soothe + relieve sun-exposed skin. Madecassoside: Hydrates + helps protect against environmental aggressors. Full Ingredient List: Water / Aqua / Eau, Butylene Glycol, Acrylates/C10¬30 Alkyl Acrylate Crosspolymer, Phenoxyethanol, Tromethamine, Aloe Barbadensis Leaf Extract, Sodium Polyacrylate, Ethylhexylglycerin, Disodium EDTA, Menthoxypropanediol, Madecassoside For informational purposes only. While we endeavor to keep this ingredient list accurate, please be advised that our ingredient list may change. We recommend you refer to the ingredient list on the individual product package for the most up to date ingredient list.",Organic Jeju Aloe Extract: Derived from aloe flesh to help soothe + relieve sun-exposed skin.,"[""normal"", ""dry"", ""oily"", ""combination"", ""sensitive""]",[],"[""hydrate"", ""soothe""]",gel,,,https://us.innisfree.com/cdn/shop/files/101_IF_PDP_AloeGel_Packshot_1.jpg?v=1760460466,https://us.innisfree.com/products/aloe-revitalizing-soothing-gel,,80,true,true,[],[],[],"[""skin_concerns"", ""usage_instruction"", ""warnings""]","{""care_goals"": [], ""category"": [], ""skin_concerns"": [], ""skin_types"": []}",USD,,0.3.0,2026-09-15T14:38:07.304534+00:00,
231171419,Black Tea Youth Enhancing Cream,innisfree,moisturizer,35.00,USD,1.69floz,"Experience the benefits of Korean anti-aging skincare with this firming face cream. Infused with Black Tea Reset Concentrate™, niacinamide, and hyaluronic acid, it helps visibly firm, hydrate, and brighten aging skin. This lightweight cream absorbs quickly, leaving your skin smooth, refreshed, and radiant.",AM & PM Hydration Revitalizing Visibly Firms AM & PM Hydration Revitalizing Visibly Firms,"Key Ingredients: Black Tea Reset Concentrate™: Rich in antioxidants and amino acids to help skin look healthier and more youthful Hyaluronic Acid: Deeply hydrates Niacinamide: Boosts radiance Full Ingredient List: Water / Aqua / Eau, Glycerin, Butylene Glycol, Hydrogenated Poly(C6-14 Olefin), Pentaerythrityl Tetraethylhexanoate, Methyl Trimethicone, Niacinamide, Dimethicone, Pca Dimethicone, Cetearyl Alcohol, Glyceryl Stearate, Glyceryl Stearate Citrate, 1,2-Hexanediol, Hydrogenated Coco-Glycerides, Acrylates/C10-30 Alkyl Acrylate Crosspolymer, Tromethamine, Hydroxyethyl Acrylate/Sodium Acryloyldimethyl Taurate Copolymer, Glyceryl Caprylate, Fragrance / Parfum, Xanthan Gum, Pentylene Glycol, Ethylhexylglycerin, Adenosine, Disodium EDTA, Limonene, Sodium Hyaluronate, Dextrin, Theobroma Cacao (Cocoa) Extract, Camellia Sinensis Leaf Extract (Black Tea), Sorbitan Isostearate, Linalool, Citronellol, Achillea Millefolium Extract, Citral, Tocopherol For informational purposes only. While we endeavor to keep this ingredient list accurate, please be advised that our ingredient list may change. We recommend you refer to the ingredient list on the individual product package for the most up to date ingredient list. Key Ingredients: Black Tea Reset Concentrate™: Rich in antioxidants and amino acids to help skin look healthier and more youthful Hyaluronic Acid: Deeply hydrates Niacinamide: Boosts radiance Full Ingredient List: Water / Aqua / Eau, Glycerin, Butylene Glycol, Hydrogenated Poly(C6-14 Olefin), Pentaerythrityl Tetraethylhexanoate, Methyl Trimethicone, Niacinamide, Dimethicone, Pca Dimethicone, Cetearyl Alcohol, Glyceryl Stearate, Glyceryl Stearate Citrate, 1,2-Hexanediol, Hydrogenated Coco-Glycerides, Acrylates/C10-30 Alkyl Acrylate Crosspolymer, Tromethamine, Hydroxyethyl Acrylate/Sodium Acryloyldimethyl Taurate Copolymer, Glyceryl Caprylate, Fragrance / Parfum, Xanthan Gum, Pentylene Glycol, Ethylhexylglycerin, Adenosine, Disodium EDTA, Limonene, Sodium Hyaluronate, Dextrin, Theobroma Cacao (Cocoa) Extract, Camellia Sinensis Leaf Extract (Black Tea), Sorbitan Isostearate, Linalool, Citronellol, Achillea Millefolium Extract, Citral, Tocopherol For informational purposes only. While we endeavor to keep this ingredient list accurate, please be advised that our ingredient list may change. We recommend you refer to the ingredient list on the individual product package for the most up to date ingredient list.",Black Tea Hyaluronic Acid Niacinamide,"[""normal"", ""dry"", ""oily"", ""combination"", ""sensitive""]","[""aging""]","[""hydrate"", ""brighten"", ""anti_aging""]",cream,,,https://us.innisfree.com/cdn/shop/files/1IF_BT-C_Packshot_2024_1080x1080_a0829be9-31f2-4030-8ba7-28745e94034b_1.jpg?v=1759948816,https://us.innisfree.com/products/black-tea-youth-enhancing-cream,,90,true,true,[],[],[],"[""usage_instruction"", ""warnings""]","{""care_goals"": [], ""category"": [], ""skin_concerns"": [], ""skin_types"": []}",USD,,0.3.0,2026-09-15T14:38:08.629322+00:00,
231171418,Black Tea Youth Enhancing Serum,innisfree,serum,39.00,USD,1.01floz,"A potent anti-aging serum with antioxidant-rich Black Tea Reset Concentrate™ to help deliver a firmer, hydrated complexion that looks glowing and well-rested.",Hydration Nourishing Hydration Nourishing,"Key Ingredients: Black Tea Reset Concentrate™: Rich in antioxidants and amino acids to help skin look healthier and more youthful Moisture-releasing capsules: Hyaluronic acid + ceramide encapsulated in squalane to deeply hydrate Niacinamide: Boosts radiance Allantoin: Soothes Full Ingredient List: Water / Aqua / Eau, Butylene Glycol, Glycerin, Dipropylene Glycol, Niacinamide, 1,2-Hexanediol, Squalane, Glyceryl Polymethacrylate, Cetearyl Alcohol, Ammonium Acryloyldimethyltaurate/VP Copolymer, Glyceryl Stearate, Xanthan Gum, Allantoin, Hydrogenated Lecithin, Ethylhexylglycerin, Stearic Acid, Polyglyceryl-3 Methylglucose Distearate, Adenosine, Palmitic Acid, Fragrance / Parfum, Disodium EDTA, Sodium Hyaluronate, Limonene, Camellia Sinensis Leaf Extract (Black Tea), Dextrin, Theobroma Cacao (Cocoa) Extract, Linalool, Citronellol, Myristic Acid, Pentylene Glycol, Lauric Acid, Tocopherol, Acrylates/Stearyl Methacrylate Copolymer, Tremella Fuciformis Sporocarp Extract, Hyaluronic Acid, Achillea Millefolium Extract, Ceramide NP For informational purposes only. While we endeavor to keep this ingredient list accurate, please be advised that our ingredient list may change. We recommend you refer to the ingredient list on the individual product package for the most up to date ingredient list. Key Ingredients: Black Tea Reset Concentrate™: Rich in antioxidants and amino acids to help skin look healthier and more youthful Moisture-releasing capsules: Hyaluronic acid + ceramide encapsulated in squalane to deeply hydrate Niacinamide: Boosts radiance Allantoin: Soothes Full Ingredient List: Water / Aqua / Eau, Butylene Glycol, Glycerin, Dipropylene Glycol, Niacinamide, 1,2-Hexanediol, Squalane, Glyceryl Polymethacrylate, Cetearyl Alcohol, Ammonium Acryloyldimethyltaurate/VP Copolymer, Glyceryl Stearate, Xanthan Gum, Allantoin, Hydrogenated Lecithin, Ethylhexylglycerin, Stearic Acid, Polyglyceryl-3 Methylglucose Distearate, Adenosine, Palmitic Acid, Fragrance / Parfum, Disodium EDTA, Sodium Hyaluronate, Limonene, Camellia Sinensis Leaf Extract (Black Tea), Dextrin, Theobroma Cacao (Cocoa) Extract, Linalool, Citronellol, Myristic Acid, Pentylene Glycol, Lauric Acid, Tocopherol, Acrylates/Stearyl Methacrylate Copolymer, Tremella Fuciformis Sporocarp Extract, Hyaluronic Acid, Achillea Millefolium Extract, Ceramide NP For informational purposes only. While we endeavor to keep this ingredient list accurate, please be advised that our ingredient list may change. We recommend you refer to the ingredient list on the individual product package for the most up to date ingredient list.",Antioxidants Black Tea Niacinamide,"[""normal"", ""dry"", ""oily"", ""combination"", ""sensitive""]","[""dryness"", ""aging""]","[""hydrate"", ""brighten"", ""anti_aging""]",serum,,,https://us.innisfree.com/cdn/shop/files/1IF_BT-S_Packshot_2024_01_1080x1080_ee77b294-1d7f-40a7-a57a-58b364a2cd6f_1.jpg?v=1760451393,https://us.innisfree.com/products/black-tea-youth-enhancing-serum,,90,true,true,[],[],[],"[""usage_instruction"", ""warnings""]","{""care_goals"": [], ""category"": [], ""skin_concerns"": [], ""skin_types"": []}",USD,,0.3.0,2026-09-15T14:38:10.174420+00:00,
231171420,Black Tea Youth Enhancing Treatment Essence,innisfree,serum,46.00,USD,4.9floz,A watery essence with antioxidant-rich Black Tea and 8 different peptides that helps hydrate and promote healthy skin cell turnover to reveal a radiant complexion.,Hydration Nourishing Hydration Nourishing,"Key Ingredients: Black Tea Peptide Activator™: Rich in antioxidants and 8 types of peptides, this fermented form of Green Tea delivers visible anti-aging effects Glutathione + Niacinamide: Triple antioxidant ingredients that help deliver a clearer, brighter and refreshed complexion Hyaluronic Acid+ Cica + Ectoin: Triple protective ingredients that help deeply hydrate, soothe stressed skin and protect skin from environmental stressors Full Ingredient List: Water / Aqua / Eau, Propanediol, Glycerin, Niacinamide, 1,2-Hexanediol, Camellia Sinensis Leaf Extract (Black Tea), Ethylhexylglycerin, Adenosine, Dextrin, Ectoin, Hyaluronic Acid, 3-O-Ethyl Ascorbic Acid, Glutathione, Mannitol, Saccharomyces Cerevisiae Extract, Butylene Glycol, Centella Asiatica Flower/Leaf/Stem Extract, Glycine Max (Soybean) Polypeptide, Arginine/Lysine Polypeptide, Copper Tripeptide-1, Disodium Edta, Acetyl Tetrapeptide-11, Caprylyl Glycol, Acetyl Heptapeptide-4, Sorbic Acid, Hexapeptide-9, Acetyl Hexapeptide-8, Sodium Hydroxide, Acetyl Octapeptide-3 For informational purposes only. While we endeavor to keep this ingredient list accurate, please be advised that our ingredient list may change. We recommend you refer to the ingredient list on the individual product package for the most up to date ingredient list. Key Ingredients: Black Tea Peptide Activator™: Rich in antioxidants and 8 types of peptides, this fermented form of Green Tea delivers visible anti-aging effects Glutathione + Niacinamide: Triple antioxidant ingredients that help deliver a clearer, brighter and refreshed complexion Hyaluronic Acid+ Cica + Ectoin: Triple protective ingredients that help deeply hydrate, soothe stressed skin and protect skin from environmental stressors Full Ingredient List: Water / Aqua / Eau, Propanediol, Glycerin, Niacinamide, 1,2-Hexanediol, Camellia Sinensis Leaf Extract (Black Tea), Ethylhexylglycerin, Adenosine, Dextrin, Ectoin, Hyaluronic Acid, 3-O-Ethyl Ascorbic Acid, Glutathione, Mannitol, Saccharomyces Cerevisiae Extract, Butylene Glycol, Centella Asiatica Flower/Leaf/Stem Extract, Glycine Max (Soybean) Polypeptide, Arginine/Lysine Polypeptide, Copper Tripeptide-1, Disodium Edta, Acetyl Tetrapeptide-11, Caprylyl Glycol, Acetyl Heptapeptide-4, Sorbic Acid, Hexapeptide-9, Acetyl Hexapeptide-8, Sodium Hydroxide, Acetyl Octapeptide-3 For informational purposes only. While we endeavor to keep this ingredient list accurate, please be advised that our ingredient list may change. We recommend you refer to the ingredient list on the individual product package for the most up to date ingredient list.",Antioxidants,"[""normal"", ""dry"", ""oily"", ""combination"", ""sensitive""]","[""dryness""]","[""hydrate""]",essence,,,https://us.innisfree.com/cdn/shop/files/1IF_BT-E_Packshot_2024_1080x1080_6d1eac52-3d0b-48ce-8074-9af1c2865566_1.jpg?v=1760451020,https://us.innisfree.com/products/black-tea-youth-enhancing-treatment-essence,,90,true,true,[],[],[],"[""usage_instruction"", ""warnings""]","{""care_goals"": [], ""category"": [], ""skin_concerns"": [], ""skin_types"": []}",USD,,0.3.0,2026-09-15T14:38:11.328717+00:00,
231171392,Cherry Blossom Glow Jam Cleanser,innisfree,cleanser,14.00,USD,5.07floz,"This gentle daily cleanser features a bouncy jelly texture and is infused with Cherry Blossom Extract and betaine to leave skin feeling fresh, hydrated, and visibly luminous. This K-beauty gel cleanser is vegan & cruelty-free, sulfate free, and suitable for all skin types and helps promote a radiant, healthy-looking glow.",AM & PM Cleansing Soothing AM & PM Cleansing Soothing,"Key Ingredients: Cherry Blossom Extract + Betaine: Boost radiance and hydrate Micellar Cleansing Complex: Thoroughly cleanses skin and helps gently remove residual impurities Soapbark Extract: A plant-derived extract that naturally suds Full Ingredient List: Water / Aqua / Eau, Glycerin, Sodium Cocoyl Alaninate, Disodium Cocoamphodiacetate, Lauryl Hydroxysultaine, Betaine, 1,2-Hexanediol, Acrylates/C10-30 Alkyl Acrylate Crosspolymer, Xanthan Gum, Caprylyl Glycol, Sodium Chloride, Coco-Glucoside, Fragrance / Parfum, Sodium Cocoyl Isethionate, Sodium Phytate, Propanediol, Hexylene Glycol, Quillaja Saponaria Bark Extract, Prunus Yedoensis Leaf Extract, Cyanocobalamin For informational purposes only. While we endeavor to keep this ingredient list accurate, please be advised that our ingredient list may change. We recommend you refer to the ingredient list on the individual product package for the most up to date ingredient list. Key Ingredients: Cherry Blossom Extract + Betaine: Boost radiance and hydrate Micellar Cleansing Complex: Thoroughly cleanses skin and helps gently remove residual impurities Soapbark Extract: A plant-derived extract that naturally suds Full Ingredient List: Water / Aqua / Eau, Glycerin, Sodium Cocoyl Alaninate, Disodium Cocoamphodiacetate, Lauryl Hydroxysultaine, Betaine, 1,2-Hexanediol, Acrylates/C10-30 Alkyl Acrylate Crosspolymer, Xanthan Gum, Caprylyl Glycol, Sodium Chloride, Coco-Glucoside, Fragrance / Parfum, Sodium Cocoyl Isethionate, Sodium Phytate, Propanediol, Hexylene Glycol, Quillaja Saponaria Bark Extract, Prunus Yedoensis Leaf Extract, Cyanocobalamin For informational purposes only. While we endeavor to keep this ingredient list accurate, please be advised that our ingredient list may change. We recommend you refer to the ingredient list on the individual product package for the most up to date ingredient list.",Cherry Blossom,"[""normal"", ""dry"", ""oily"", ""combination"", ""sensitive""]",[],"[""cleanse"", ""hydrate"", ""brighten"", ""soothe""]",gel,,,https://us.innisfree.com/cdn/shop/files/01_IF_CB-CF_Packshot_2024_01_1080x1080_572e4108-0b74-4971-99c8-2d6445d8de37_1.jpg?v=1760456836,https://us.innisfree.com/products/cherry-blossom-glow-jam-cleanser,,80,true,true,[],[],[],"[""skin_concerns"", ""usage_instruction"", ""warnings""]","{""care_goals"": [], ""category"": [], ""skin_concerns"": [], ""skin_types"": []}",USD,,0.3.0,2026-09-15T14:38:19.052479+00:00,
231171391,Jeju’s Cherry Blossom Glow Jelly Cream: Ultimate Moisturizer for Radiant Skin,innisfree,moisturizer,30.00,USD,1.69floz,"A bouncy, lightweight gel cream with niacinamide and Cherry Blossom Flavonoids that visibly brightens and soothes to deliver a dewy, glowing complexion.",Hydration,"Key Ingredients: Cherry Blossom Flavonoids : Soothe Niacinamide: Brightens Betaine: Derived from sugar beets to hydrate Full Ingredient List: Water / Aqua / Eau, Glycerin, Propanediol, Dipropylene Glycol, Niacinamide, Betaine, 1,2-Hexanediol, Carbomer, Tromethamine, Sodium Metaphosphate, Ammonium Acryloyldimethyltaurate/Beheneth-25 Methacrylate Crosspolymer, Ethylhexylglycerin, Fragrance / Parfum, Prunus Yedoensis Leaf Extract, Tocopherol For informational purposes only. While we endeavor to keep this ingredient list accurate, please be advised that our ingredient list may change. We recommend you refer to the ingredient list on the individual product package for the most up to date ingredient list. Key Ingredients: Cherry Blossom Flavonoids : Soothe Niacinamide: Brightens Betaine: Derived from sugar beets to hydrate Full Ingredient List: Water / Aqua / Eau, Glycerin, Propanediol, Dipropylene Glycol, Niacinamide, Betaine, 1,2-Hexanediol, Carbomer, Tromethamine, Sodium Metaphosphate, Ammonium Acryloyldimethyltaurate/Beheneth-25 Methacrylate Crosspolymer, Ethylhexylglycerin, Fragrance / Parfum, Prunus Yedoensis Leaf Extract, Tocopherol For informational purposes only. While we endeavor to keep this ingredient list accurate, please be advised that our ingredient list may change. We recommend you refer to the ingredient list on the individual product package for the most up to date ingredient list.",Cherry Blossom,"[""combination"", ""dry"", ""normal"", ""oily""]",[],"[""hydrate"", ""brighten"", ""soothe""]",gel-cream,,,https://us.innisfree.com/cdn/shop/files/01_IF_CB-JC_Packshot_2024_01_1080x1080_c8ec9552-baa1-4450-8500-021b480c6e92_1.jpg?v=1759872279,https://us.innisfree.com/products/cherry-blossom-glow-jelly-cream,,80,true,true,[],[],[],"[""skin_concerns"", ""usage_instruction"", ""warnings""]","{""care_goals"": [], ""category"": [], ""skin_concerns"": [], ""skin_types"": []}",USD,,0.3.0,2026-09-15T14:38:20.576802+00:00,
231171521,Daily Gentle Retinol Salicylic Toner Pads,innisfree,toner,28.00,USD,170ml,"Biodegradable, daily toner pads with Gentle Retinol + salicylic acid to calm redness, hydrate, and gently exfoliate.",Acne Prone Care AM & PM Soothing Acne Prone Care AM & PM Soothing,"Key Ingredients: Gentle Retinol Technology + Salicylic Acid: Balanced dose of retinol + salicylic acid to gently purify pores & enhance skin turnover Green Tea Soothing Complex: Calms redness & helps maintain skin's barrier health Cica & Allatoin: Soothe skin Full Ingredient List: Water / Aqua / Eau, Glycereth-26, Glycerin, Niacinamide, Dipropylene Glycol, 1,2-Hexanediol, Centella Asiatica Extract, Butylene Glycol, Hydroxyethyl Urea, Polyglyceryl-10 Laurate, Lactobacillus Ferment Lysate, Allantoin, Erythritol, Hydroxyethyl Acrylate/Sodium Acryloyldimethyl Taurate Copolymer, Dipotassium Glycyrrhizate, Ethylhexylglycerin, Butyrospermum Parkii (Shea) Butter, Adenosine, Olea Europaea (Olive) Fruit Oil, Caprylic/Capric Triglyceride, Hydrogenated Lecithin, Squalane, Acrylates/C10-30 Alkyl Acrylate Crosspolymer, Arginine, Sodium Phytate, Ammonium Acryloyldimethyltaurate/Vp Copolymer, Hydroxyethylcellulose, Polyglutamic Acid, Glycine Soja (Soybean) Oil, Sorbitan Isostearate, Methyl Diisopropyl Propionamide, Camellia Sinensis Seed Extract, Retinol, Ceramide NP, Cholesterol, Phytosphingosine, Salicylic Acid For informational purposes only. While we endeavor to keep this ingredient list accurate, please be advised that our ingredient list may change. We recommend you refer to the ingredient list on the individual product package for the most up to date ingredient list. Key Ingredients: Gentle Retinol Technology + Salicylic Acid: Balanced dose of retinol + salicylic acid to gently purify pores & enhance skin turnover Green Tea Soothing Complex: Calms redness & helps maintain skin's barrier health Cica & Allatoin: Soothe skin Full Ingredient List: Water / Aqua / Eau, Glycereth-26, Glycerin, Niacinamide, Dipropylene Glycol, 1,2-Hexanediol, Centella Asiatica Extract, Butylene Glycol, Hydroxyethyl Urea, Polyglyceryl-10 Laurate, Lactobacillus Ferment Lysate, Allantoin, Erythritol, Hydroxyethyl Acrylate/Sodium Acryloyldimethyl Taurate Copolymer, Dipotassium Glycyrrhizate, Ethylhexylglycerin, Butyrospermum Parkii (Shea) Butter, Adenosine, Olea Europaea (Olive) Fruit Oil, Caprylic/Capric Triglyceride, Hydrogenated Lecithin, Squalane, Acrylates/C10-30 Alkyl Acrylate Crosspolymer, Arginine, Sodium Phytate, Ammonium Acryloyldimethyltaurate/Vp Copolymer, Hydroxyethylcellulose, Polyglutamic Acid, Glycine Soja (Soybean) Oil, Sorbitan Isostearate, Methyl Diisopropyl Propionamide, Camellia Sinensis Seed Extract, Retinol, Ceramide NP, Cholesterol, Phytosphingosine, Salicylic Acid For informational purposes only. While we endeavor to keep this ingredient list accurate, please be advised that our ingredient list may change. We recommend you refer to the ingredient list on the individual product package for the most up to date ingredient list.",BHA Hyaluronic Acid Niacinamide Retinol,"[""normal"", ""dry"", ""oily"", ""combination"", ""sensitive""]","[""acne"", ""redness""]","[""cleanse"", ""hydrate"", ""anti_acne"", ""soothe"", ""exfoliate""]",pads,"Gentle Daily Exfoliation After cleansing, swipe the pad green-side down across your face to exfoliate, balance pH, and prep skin Targeted Instant, Soothing Relief Apply a pad directly to a redness-prone area like a mini sheet mask. Leave on for 10 minutes to calm + hydrate skin Variety of Ways Stretch or cut in half with clean scissors for a customized fit on your face + under eyes. Store in fridge for extra cooling benefits Gentle Daily Exfoliation After cleansing, swipe the pad green-side down across your face to exfoliate, balance pH, and prep skin Gentle Daily Exfoliation After cleansing, swipe the pad green-side down across your face to exfoliate, balance pH, and prep skin Targeted Instant, Soothing Relief Apply a pad directly to a redness-prone area like a mini sheet mask. Leave on for 10 minutes to calm + hydrate skin Targeted Instant, Soothing Relief Apply a pad directly to a redness-prone area like a mini sheet mask. Leave on for 10 minutes to calm + hydrate skin Variety of Ways Stretch or cut in half with clean scissors for a customized fit on your face + under eyes. Store in fridge for extra cooling benefits Variety of Ways Stretch or cut in half with clean scissors for a customized fit on your face + under eyes. Store in fridge for extra cooling benefits",,https://us.innisfree.com/cdn/shop/files/01_IF_RC-AP_Packshot_2024_01_1080x1080_91e5479d-c450-4e6c-be3d-182183e60c36_1.jpg?v=1760384171,https://us.innisfree.com/products/daily-gentle-retinol-salicylic-toner-pads,,96,true,true,[],[],[],"[""warnings""]","{""care_goals"": [], ""category"": [], ""skin_concerns"": [], ""skin_types"": []}",USD,,0.3.0,2026-09-15T14:38:22.621148+00:00,
231171342,Daily UV Defense Mineral Sunscreen Broad Spectrum SPF 45 with Color Correcting - 50ML,innisfree,sunscreen,12.00,USD,50ml,Allure 2025 Best of Beauty Award Winner* A green-tinted mineral sunscreen with 8 types of hyaluronic acid and soothing Cica that protects while neutralizing visible redness.,Hydration UV Protection Hydration UV Protection,"Key Ingredients: 8 Types of Hyaluronic Acid + Olive-Derived Squalane: Deeply hydrate and nourish Cica: Soothes skin Neutralizing Green Tint: Color corrects redness Full Ingredient List: Active Ingredient: Zinc Oxide (17%) Inactive Ingredients: Water / Aqua / Eau, Propylheptyl Caprylate, Butyloctyl Salicylate, Propanediol, Caprylyl Methicone, Disiloxane, Polyglyceryl-3 Polydimethylsiloxyethyl Dimethicone, Polymethylsilsesquioxane,Polyglyceryl-2 Dipolyhydroxystearate, Disteardimonium Hectorite, Magnesium Sulfate, Triethoxycaprylylsilane, 1,2-Hexanediol, Silica, Lauryl Polyglyceryl-3 Polydimethylsiloxyethyl Dimethicone,Synthetic Fluorphlogopite, Dicaprylyl Carbonate,Caprylyl Glycol, Glyceryl Caprylate, Chromium Oxide Greens (CI77288), Mica, Ethylhexylglycerin, Sodium Hyaluronate, Tocopherol, Squalane, Ceramide NP, Niacinamide, Hydrolyzed Sodium Hyaluronate, Panthenol, Butylene Glycol, Centella Asiatica Extract, Centella Asiatica Leaf Extract, Saccharomyces Ferment, Centella Asiatica Root Extract, Hydroxypropyltrimonium Hyaluronate, Asiaticoside, Madecassoside, Hydrolyzed Hyaluronic Acid, Sodium Acetylated Hyaluronate, Hyaluronic Acid,Sodium Hyaluronate Crosspolymer, Potassium Hyaluronate, Asiatic Acid, Madecassic Acid For informational purposes only. While we endeavor to keep this ingredient list accurate, please be advised that our ingredient list may change. We recommend you refer to the ingredient list on the individual product package for the most up to date ingredient list. Key Ingredients: 8 Types of Hyaluronic Acid + Olive-Derived Squalane: Deeply hydrate and nourish Cica: Soothes skin Neutralizing Green Tint: Color corrects redness Full Ingredient List: Active Ingredient: Zinc Oxide (17%) Inactive Ingredients: Water / Aqua / Eau, Propylheptyl Caprylate, Butyloctyl Salicylate, Propanediol, Caprylyl Methicone, Disiloxane, Polyglyceryl-3 Polydimethylsiloxyethyl Dimethicone, Polymethylsilsesquioxane,Polyglyceryl-2 Dipolyhydroxystearate, Disteardimonium Hectorite, Magnesium Sulfate, Triethoxycaprylylsilane, 1,2-Hexanediol, Silica, Lauryl Polyglyceryl-3 Polydimethylsiloxyethyl Dimethicone,Synthetic Fluorphlogopite, Dicaprylyl Carbonate,Caprylyl Glycol, Glyceryl Caprylate, Chromium Oxide Greens (CI77288), Mica, Ethylhexylglycerin, Sodium Hyaluronate, Tocopherol, Squalane, Ceramide NP, Niacinamide, Hydrolyzed Sodium Hyaluronate, Panthenol, Butylene Glycol, Centella Asiatica Extract, Centella Asiatica Leaf Extract, Saccharomyces Ferment, Centella Asiatica Root Extract, Hydroxypropyltrimonium Hyaluronate, Asiaticoside, Madecassoside, Hydrolyzed Hyaluronic Acid, Sodium Acetylated Hyaluronate, Hyaluronic Acid,Sodium Hyaluronate Crosspolymer, Potassium Hyaluronate, Asiatic Acid, Madecassic Acid For informational purposes only. While we endeavor to keep this ingredient list accurate, please be advised that our ingredient list may change. We recommend you refer to the ingredient list on the individual product package for the most up to date ingredient list.",8 Types of Hyaluronic Acid + Olive-Derived Squalane: Deeply hydrate and nourish Cica: Soothes skin Neutralizing Green Tint: Color corrects redness,"[""normal"", ""dry"", ""oily"", ""combination"", ""sensitive""]","[""dryness"", ""redness""]","[""hydrate"", ""soothe"", ""sun_protection""]",,,,http://us.innisfree.com/cdn/shop/files/1IF_SUN-M_Packshot_2024_01_1080x1080_c6988a82-43b8-4e13-a8b8-4c6407c0239c_1.jpg?v=1759867600,https://us.innisfree.com/products/daily-uv-defense-mineral-sunscreen,,88,true,true,[],[],[],"[""usage_instruction"", ""warnings"", ""texture""]","{""care_goals"": [], ""category"": [], ""skin_concerns"": [], ""skin_types"": []}",USD,,0.3.0,2026-09-15T14:38:54.433962+00:00,
231171502,Daily UV Defense Sunscreen Broad Spectrum SPF 50+ - 50ML,innisfree,sunscreen,10.00,USD,50ml,"Our Korean SPF 50+ PA++++ sunscreen offers advanced UVA protection in a weightless, invisible formula. No white cast, no pilling, and won't trigger breakouts —just advanced UVA protection, with a glowy finish. Fit for daily wear under makeup or on bare skin for face + body.",AM No White Cast UV Protection AM No White Cast UV Protection,"Key Ingredients: Green Tea: Hydrates Sunflower Seed Oil: Nourishes Cica: Soothes Active Ingredients: Avobenzone (2.5%), Homosalate (7.0%), Octisalate (4.3%) Inactive Ingredients: Water / Aqua / Eau, Butyloctyl Salicylate, Dipropylene Glycol, Ethylhexyl Methoxycrylene, Glycerin, Silica, 1,2-Hexanediol, Arachidyl Alcohol, Behenyl Alcohol, Cetyl Alcohol, Pentylene Glycol, Arachidyl Glucoside, Ammonium Polyacryloyldimethyl Taurate, Glyceryl Stearate, PEG-100 Stearate, Fragrance / Parfum, Ethylhexylglycerin, Limonene, T-Butyl Alcohol, Linalool, Tocopherol, Simmondsia Chinensis (Jojoba) Seed Oil, Helianthus Annuus (Sunflower) Seed Oil, Hamamelis Virginiana (Witch Hazel) Flower Water, Butylene Glycol, Camellia Sinensis Leaf Extract, Centella Asiatica Extract, Caprylyl Glycol *This sunscreen is formulated without Oxybenzone and Octinoxate For informational purposes only. While we endeavor to keep this ingredient list accurate, please be advised that our ingredient list may change. We recommend you refer to the ingredient list on the individual product package for the most up to date ingredient list. Key Ingredients: Green Tea: Hydrates Sunflower Seed Oil: Nourishes Cica: Soothes Active Ingredients: Avobenzone (2.5%), Homosalate (7.0%), Octisalate (4.3%) Inactive Ingredients: Water / Aqua / Eau, Butyloctyl Salicylate, Dipropylene Glycol, Ethylhexyl Methoxycrylene, Glycerin, Silica, 1,2-Hexanediol, Arachidyl Alcohol, Behenyl Alcohol, Cetyl Alcohol, Pentylene Glycol, Arachidyl Glucoside, Ammonium Polyacryloyldimethyl Taurate, Glyceryl Stearate, PEG-100 Stearate, Fragrance / Parfum, Ethylhexylglycerin, Limonene, T-Butyl Alcohol, Linalool, Tocopherol, Simmondsia Chinensis (Jojoba) Seed Oil, Helianthus Annuus (Sunflower) Seed Oil, Hamamelis Virginiana (Witch Hazel) Flower Water, Butylene Glycol, Camellia Sinensis Leaf Extract, Centella Asiatica Extract, Caprylyl Glycol *This sunscreen is formulated without Oxybenzone and Octinoxate For informational purposes only. While we endeavor to keep this ingredient list accurate, please be advised that our ingredient list may change. We recommend you refer to the ingredient list on the individual product package for the most up to date ingredient list.",Cica Green Tea,"[""normal"", ""dry"", ""oily"", ""combination"", ""sensitive""]","[""acne""]","[""brighten"", ""anti_acne"", ""sun_protection""]",,,,http://us.innisfree.com/cdn/shop/files/01_FullSize_IF_SUN-DUV50-50ml_Packshot_2025_02.jpg?v=1770841908,https://us.innisfree.com/products/daily-uv-defense-sunscreen-spf-50,,88,true,true,[],[],[],"[""usage_instruction"", ""warnings"", ""texture""]","{""care_goals"": [], ""category"": [], ""skin_concerns"": [], ""skin_types"": []}",USD,,0.3.0,2026-09-15T14:39:08.205227+00:00,
231171517,Daily UV Defense Sunscreen Stick Broad Spectrum SPF 50+,innisfree,sunscreen,22.00,USD,,"Korean SPF 50+ sunscreen stick delivers water-resistant UVA/UVB defense in a weightless, non-greasy formula. No white cast, breakout friendly, and pore-blurring for a smooth satin finish—perfect for everyday wear under makeup or on bare skin, anytime, anywhere.",AM No White Cast UV Protection AM No White Cast UV Protection,"Key Ingredients: Green Tea: Hydrates Sunflower Seed Oil: Nourishes Cica: Soothes Active Ingredients: Avobenzone 2.7%, Homosalate 6.8%, Octisalate 4.5% Inactive Ingredients: Synthetic Wax, Propylheptyl Caprylate, Silica, Butylene Glycol Dicaprylate/Dicaprate, Dimethicone, Dicaprylyl Carbonate, Synthetic Fluorphlogopite, Butyloctyl Salicylate, Ethylhexyl Methoxycrylene, Silica Silylate, Acrylates Copolymer, Microcrystalline Wax/Cera Microcristallina/Cire Microcristalline, Triethoxycaprylylsilane, Caprylyl Glycol, Lauryl Polyglyceryl-3 Polydimethylsiloxyethyl Dimethicone, Fragrance/Parfum, Ethylhexylglycerin, Limonene, Tocopherol, Linalool, Water/Aqua/Eau, Simmondsia Chinensis (Jojoba) Seed Oil, Helianthus Annuus (Sunflower) Seed Oil, Butylene Glycol, 1,2-Hexanediol, Camellia Sinensis Leaf Extract, Centella Asiatica Extract *This sunscreen is formulated without Oxybenzone and Octinoxate For informational purposes only. While we endeavor to keep this ingredient list accurate, please be advised that our ingredient list may change. We recommend you refer to the ingredient list on the individual product package for the most up to date ingredient list. Key Ingredients: Green Tea: Hydrates Sunflower Seed Oil: Nourishes Cica: Soothes Active Ingredients: Avobenzone 2.7%, Homosalate 6.8%, Octisalate 4.5% Inactive Ingredients: Synthetic Wax, Propylheptyl Caprylate, Silica, Butylene Glycol Dicaprylate/Dicaprate, Dimethicone, Dicaprylyl Carbonate, Synthetic Fluorphlogopite, Butyloctyl Salicylate, Ethylhexyl Methoxycrylene, Silica Silylate, Acrylates Copolymer, Microcrystalline Wax/Cera Microcristallina/Cire Microcristalline, Triethoxycaprylylsilane, Caprylyl Glycol, Lauryl Polyglyceryl-3 Polydimethylsiloxyethyl Dimethicone, Fragrance/Parfum, Ethylhexylglycerin, Limonene, Tocopherol, Linalool, Water/Aqua/Eau, Simmondsia Chinensis (Jojoba) Seed Oil, Helianthus Annuus (Sunflower) Seed Oil, Butylene Glycol, 1,2-Hexanediol, Camellia Sinensis Leaf Extract, Centella Asiatica Extract *This sunscreen is formulated without Oxybenzone and Octinoxate For informational purposes only. While we endeavor to keep this ingredient list accurate, please be advised that our ingredient list may change. We recommend you refer to the ingredient list on the individual product package for the most up to date ingredient list.",Cica Green Tea,"[""normal"", ""dry"", ""oily"", ""combination"", ""sensitive""]","[""acne"", ""large_pores""]","[""anti_acne"", ""sun_protection""]",stick,,,https://us.innisfree.com/cdn/shop/files/01_IF_SUN-DUV-S_Packshot_2025_02.jpg?v=1770840278,https://us.innisfree.com/products/daily-uv-defense-sunscreen-stick-spf-50,,88,true,true,[],[],[],"[""usage_instruction"", ""warnings"", ""volume""]","{""care_goals"": [], ""category"": [], ""skin_concerns"": [], ""skin_types"": []}",USD,,0.3.0,2026-09-15T14:39:13.050732+00:00,
231171536,Daily UV Invisible Barrier Sunscreen Serum Broad Spectrum SPF 47 with Green Tea,innisfree,serum,20.00,USD,1.69floz,"Sensitive skin friendly, Korean sunscreen that's also your favorite hydrating serum. Its weightless, non-greasy texture won't pill under makeup + melts effortlessly into skin delivering invisible SPF 47 sun protection. The instantly cooling, skincare-forward formula includes Jeju-grown Green Tea for antioxidant care + barrier-boosting Hyaluronic Acid capsules for lasting hydration.",AM No White Cast UV Protection AM No White Cast UV Protection,"Key Ingredients: 2% Green Tea: Antioxidant rich, extracted using innisfree's unique 'double squeeze' technology for hydration​ Hyaluronic Acid Capsules: Absorb better and stay on the skin longer for lasting hydration (vs. non-capsulated hyaluronic acid)​ Panthenol + Madecassoside: Strengthen skin's moisture barrier + soothe skin Vitamin E: Antioxidant-rich​ Active Ingredients: Avobenzone (2.5%), Homosalate (5.0%), Octisalate (4.5%) Inactive Ingredients: Water / Aqua / Eau, Glycerin, Ethylhexyl Methoxycrylene, Phenyl Trimethicone, Caprylyl Methicone, 1,2-Hexanediol, Behenyl Alcohol, Glyceryl Polymethacrylate, Panthenol, Sodium Polyacryloyl-dimethyl Taurate, Arachidyl Alcohol, Propanediol, Butylene Glycol, Ethylhexylglycerin, Caprylyl Glycol, Polyacrylate Crosspolymer-6, Arachidyl Glucoside, Niacinamide, Tocopherol, Sodium Metaphosphate, Madecassoside, Sodium Hyaluronate, Hyaluronic Acid, Cetyl-PG Hydroxyethyl Palmitamide, Glyceryl Oleate, Tromethamine, Lecithin, Lauryl Glucoside, Polyglyceryl‑6 Laurate, Myristyl Glucoside, Camellia Sinensis Leaf Extract, Camellia Sinensis Flower Extract, Xanthan Gum. *This sunscreen is formulated without Oxybenzone and Octinoxate For informational purposes only. While we endeavor to keep this ingredient list accurate, please be advised that our ingredient list may change. We recommend you refer to the ingredient list on the individual product package for the most up to date ingredient list. Key Ingredients: 2% Green Tea: Antioxidant rich, extracted using innisfree's unique 'double squeeze' technology for hydration​ Hyaluronic Acid Capsules: Absorb better and stay on the skin longer for lasting hydration (vs. non-capsulated hyaluronic acid)​ Panthenol + Madecassoside: Strengthen skin's moisture barrier + soothe skin Vitamin E: Antioxidant-rich​ Active Ingredients: Avobenzone (2.5%), Homosalate (5.0%), Octisalate (4.5%) Inactive Ingredients: Water / Aqua / Eau, Glycerin, Ethylhexyl Methoxycrylene, Phenyl Trimethicone, Caprylyl Methicone, 1,2-Hexanediol, Behenyl Alcohol, Glyceryl Polymethacrylate, Panthenol, Sodium Polyacryloyl-dimethyl Taurate, Arachidyl Alcohol, Propanediol, Butylene Glycol, Ethylhexylglycerin, Caprylyl Glycol, Polyacrylate Crosspolymer-6, Arachidyl Glucoside, Niacinamide, Tocopherol, Sodium Metaphosphate, Madecassoside, Sodium Hyaluronate, Hyaluronic Acid, Cetyl-PG Hydroxyethyl Palmitamide, Glyceryl Oleate, Tromethamine, Lecithin, Lauryl Glucoside, Polyglyceryl‑6 Laurate, Myristyl Glucoside, Camellia Sinensis Leaf Extract, Camellia Sinensis Flower Extract, Xanthan Gum. *This sunscreen is formulated without Oxybenzone and Octinoxate For informational purposes only. While we endeavor to keep this ingredient list accurate, please be advised that our ingredient list may change. We recommend you refer to the ingredient list on the individual product package for the most up to date ingredient list.",Green Tea Hyaluronic Acid Madecassoside Panthenol,"[""normal"", ""dry"", ""oily"", ""combination"", ""sensitive""]","[""sensitivity""]","[""hydrate"", ""sun_protection""]",serum,1. Apply a generous amount to face + neck 2. Reapply every 2 hours 3. Wear alone or under makeup 1. Apply a generous amount to face + neck 2. Reapply every 2 hours 3. Wear alone or under makeup,,https://us.innisfree.com/cdn/shop/files/1_IF_GT-SS_50ml_Packshot_2026_01_1080x1080_602573e9-cffd-492c-a3c0-2820b9c99e33.jpg?v=1778707312,https://us.innisfree.com/products/daily-uv-invisible-barrier-sunscreen-serum-broad-spectrum-spf-47-with-green-tea,,96,true,true,[],[],[],"[""warnings""]","{""care_goals"": [], ""category"": [], ""skin_concerns"": [], ""skin_types"": []}",USD,,0.3.0,2026-09-15T14:39:16.832390+00:00,
231171444,Energy Sheet Mask - Aloe Energy - Refresh,innisfree,mask,2.50,USD,74floz,"Innisfree Energy Sheet Mask is a hydrating sheet mask that refreshes tired skin and boosts your natural glow. This Korean sheet mask features biodegradable sheets infused with botanical essences for instant moisture and dewy, balanced skin. Choose from nature-inspired variants: Green Tea, Aloe, Pomegranate, and Kombucha to bring a spa-like glow to your daily skincare ritual.",AM & PM Glow Hydration Nourishing Refreshing Revitalizing AM & PM Glow Hydration Nourishing Refreshing Revitalizing,"Water Type (Kombucha): A hydrating sheet mask that helps rebalance and refresh skin, promoting a healthy-looking, radiant complexion Serum Type (Aloe, Green Tea, Pomegranate): A Korean sheet mask for dull skin that deeply quenches dryness and boosts your natural glow with botanical extracts Full Ingredient List: Aloe: Water / Aqua / Eau, Butylene Glycol, Dipropylene Glycol, Glycerin, Aloe Barbadensis Leaf Juice, Glyceryl Polymethacrylate, 1,2-Hexanediol, Polyglyceryl-10 Laurate, Carbomer, Arginine, Glyceryl Caprylate, Xanthan Gum, Ethylhexylglycerin, Paeonia Suffruticosa Root Extract, Centella Asiatica Extract, Disodium EDTA, Chamomilla Recutita (Matricaria) Flower Extract, Fragrance / Parfum, Diethylhexyl Sodium Sulfosuccinate, Sodium Hyaluronate Green Tea: Water / Aqua / Eau, Butylene Glycol, Dipropylene Glycol, Glycerin, Glyceryl Polymethacrylate, 1,2-Hexanediol, Polyglyceryl-10 Laurate, Carbomer, Arginine, Glyceryl Caprylate, Xanthan Gum, Ethylhexylglycerin, Camellia Sinensis Leaf Extract, Paeonia Suffruticosa Root Extract, Centella Asiatica Extract, Disodium EDTA, Chamomilla Recutita (Matricaria) Flower Extract, Rosa Damascena Flower Water, Pyrus Communis (Pear) Fruit Extract, Cucumis Melo (Melon) Seed Extract, Diethylhexyl Sodium Sulfosuccinate, Iris Florentina Root Extract, Sodium Hyaluronate, Vetiveria Zizanoides Root Oil Pomegranate: Water / Aqua / Eau, Butylene Glycol, Dipropylene Glycol, Glycerin, Punica Granatum Fruit Juice, Glyceryl Polymethacrylate, 1,2-Hexanediol, Polyglyceryl-10 Laurate, Carbomer, Arginine, Glyceryl Caprylate, Xanthan Gum, Ethylhexylglycerin, Paeonia Suffruticosa Root Extract, Centella Asiatica Extract, Disodium EDTA, Chamomilla Recutita (Matricaria) Flower Extract, Diethylhexyl Sodium Sulfosuccinate, Vanilla Planifolia Fruit Extract, Pyrus Communis (Pear) Fruit Extract, Prunus Persica (Peach) Fruit Extract, Rubus Suavissimus (Raspberry) Leaf Extract, Prunus Armeniaca (Apricot) Fruit Extract, Sodium Hyaluronate, Pyrus Malus (Apple) Fruit Extract, Hedera Helix (Ivy) Leaf/Stem Extract Kombucha: Water / Aqua / Eau, Dipropylene Glycol, Butylene Glycol, 1,2-Hexanediol, Polyglyceryl-10 Laurate, Glyceryl Caprylate, Carbomer, Arginine, Xanthan Gum, Ethylhexylglycerin, Paeonia Suffruticosa Root Extract, Centella Asiatica Extract, Disodium EDTA, Chamomilla Recutita (Matricaria) Flower Extract, Viola Odorata Leaf Extract, Lactobacillus Ferment, Vanilla Planifolia Fruit Extract, Crataegus Monogyna Fruit Extract, Diethylhexyl Sodium Sulfosuccinate, Prunus Amygdalus Amara (Bitter Almond) Seed Extract, Hedera Helix (Ivy) Leaf/Stem Extract, Sodium Hyaluronate, Amyris Balsamifera Bark Oil For informational purposes only. While we endeavor to keep this ingredient list accurate, please be advised that our ingredient list may change. We recommend you refer to the ingredient list on the individual product package for the most up to date ingredient list. Water Type (Kombucha): A hydrating sheet mask that helps rebalance and refresh skin, promoting a healthy-looking, radiant complexion Serum Type (Aloe, Green Tea, Pomegranate): A Korean sheet mask for dull skin that deeply quenches dryness and boosts your natural glow with botanical extracts Full Ingredient List: Aloe: Water / Aqua / Eau, Butylene Glycol, Dipropylene Glycol, Glycerin, Aloe Barbadensis Leaf Juice, Glyceryl Polymethacrylate, 1,2-Hexanediol, Polyglyceryl-10 Laurate, Carbomer, Arginine, Glyceryl Caprylate, Xanthan Gum, Ethylhexylglycerin, Paeonia Suffruticosa Root Extract, Centella Asiatica Extract, Disodium EDTA, Chamomilla Recutita (Matricaria) Flower Extract, Fragrance / Parfum, Diethylhexyl Sodium Sulfosuccinate, Sodium Hyaluronate Green Tea: Water / Aqua / Eau, Butylene Glycol, Dipropylene Glycol, Glycerin, Glyceryl Polymethacrylate, 1,2-Hexanediol, Polyglyceryl-10 Laurate, Carbomer, Arginine, Glyceryl Caprylate, Xanthan Gum, Ethylhexylglycerin, Camellia Sinensis Leaf Extract, Paeonia Suffruticosa Root Extract, Centella Asiatica Extract, Disodium EDTA, Chamomilla Recutita (Matricaria) Flower Extract, Rosa Damascena Flower Water, Pyrus Communis (Pear) Fruit Extract, Cucumis Melo (Melon) Seed Extract, Diethylhexyl Sodium Sulfosuccinate, Iris Florentina Root Extract, Sodium Hyaluronate, Vetiveria Zizanoides Root Oil Pomegranate: Water / Aqua / Eau, Butylene Glycol, Dipropylene Glycol, Glycerin, Punica Granatum Fruit Juice, Glyceryl Polymethacrylate, 1,2-Hexanediol, Polyglyceryl-10 Laurate, Carbomer, Arginine, Glyceryl Caprylate, Xanthan Gum, Ethylhexylglycerin, Paeonia Suffruticosa Root Extract, Centella Asiatica Extract, Disodium EDTA, Chamomilla Recutita (Matricaria) Flower Extract, Diethylhexyl Sodium Sulfosuccinate, Vanilla Planifolia Fruit Extract, Pyrus Communis (Pear) Fruit Extract, Prunus Persica (Peach) Fruit Extract, Rubus Suavissimus (Raspberry) Leaf Extract, Prunus Armeniaca (Apricot) Fruit Extract, Sodium Hyaluronate, Pyrus Malus (Apple) Fruit Extract, Hedera Helix (Ivy) Leaf/Stem Extract Kombucha: Water / Aqua / Eau, Dipropylene Glycol, Butylene Glycol, 1,2-Hexanediol, Polyglyceryl-10 Laurate, Glyceryl Caprylate, Carbomer, Arginine, Xanthan Gum, Ethylhexylglycerin, Paeonia Suffruticosa Root Extract, Centella Asiatica Extract, Disodium EDTA, Chamomilla Recutita (Matricaria) Flower Extract, Viola Odorata Leaf Extract, Lactobacillus Ferment, Vanilla Planifolia Fruit Extract, Crataegus Monogyna Fruit Extract, Diethylhexyl Sodium Sulfosuccinate, Prunus Amygdalus Amara (Bitter Almond) Seed Extract, Hedera Helix (Ivy) Leaf/Stem Extract, Sodium Hyaluronate, Amyris Balsamifera Bark Oil For informational purposes only. While we endeavor to keep this ingredient list accurate, please be advised that our ingredient list may change. We recommend you refer to the ingredient list on the individual product package for the most up to date ingredient list.",,"[""normal"", ""dry"", ""oily"", ""combination"", ""sensitive""]","[""redness""]","[""hydrate"", ""brighten""]",sheet mask,,,http://us.innisfree.com/cdn/shop/files/1IF_PDP_Sheetmask_packshot_4pk_1080x1080_1_989a7955-dbc8-4ae6-b32b-f82338cb6748.jpg?v=1760636961,https://us.innisfree.com/products/energy-sheet-mask,,80,true,true,[],[],[],"[""key_ingredients"", ""usage_instruction"", ""warnings""]","{""care_goals"": [], ""category"": [], ""skin_concerns"": [], ""skin_types"": []}",USD,,0.3.0,2026-09-15T14:39:37.695844+00:00,
231171571,Firm + Smooth Set,innisfree,toner,39.00,USD,1.69floz,"Embrace slow-aging with our Firm + Smooth Set!Inspired by the viral Korean PDRN treatment, this limited-edition duo features our Green Tea PDRN™ Firming Serum and exclusive first look at the Green Tea PDRN™ Toner. Instantly smooths and visibly firms for glowing, glassy skin.",AM & PM Glow Visibly Firms AM & PM Glow Visibly Firms,"Key Ingredients: Green Tea PDRN™ Serum: - 56% Green Tea PDRN™: Prevents loss of skin's natural collagen ​ - 1% Triple Retinol Complex™: Promotes cell turnover for instant smoothing & lasting firming benefits Green Tea PDRN™ Toner: - 7% Green Tea PDRN™ for glass skin​ - Retinol smooths & firms​ Full Ingredient List: Green Tea PDRN™ Firming Serum: Lactobacillus Ferment Ly­sate*, Glycerin, Propanediol, Water / Aq­ua / Eau, Dipropylene Glycol, Butylene Glycol, Niacinamide, 1,2­Hexanediol, Sq­ualane, Glyceryl Polymethacrylate, Dimethyl Isosorbide, Methyl Trimethico­ne, Cetearyl Alcohol, Hydroxyethyl U­rea, Ammonium Acryloyldimethyltaur­ate/VP Copolymer, Helianthus Annuus (Sunflower) Seed Oil, Glycine Soja (Soy ­Bean) Oil, Allantoin, Glyceryl Stearate, Xanthan Gum, Tocopherol, Tocopherylacetate, Pentylene Glycol, Dipotassium Glycyrrhizate, Sodium Stearoyl Gluta­mate, Hydrogenated Lecithin, Daucus Carota Sativa (Carrot) Root Extract, Hydroxypinacolone Retinoate, Stear­ic Acid, Polyglyceryl­3 Methylglucose Distearate, Sodium Polyacrylate, Sodium Metaphosphate, Kojyl Methylened­ioxycinnamate, Palmitic Acid, Ethylhe­xylglycerin, Adenosine, Retinol, Sodiu­m Hyaluronate, Hyaluronic Acid, Hyd­rolyzed Vegetable Protein, Achillea Mi­llefolium Extract, Beta­carotene, My­ristic Acid, Lauric Acid, Pullulan, Zein, Camellia Sinensis Leaf Extract, Pectin, Citric Acid *Green Tea PDRN™ -A proprietary Green Tea probiotic-derived lactobacillus ferment lysate that helps visibly rejuvenate skin Green Tea PDRN™ Skinbooster Toner: Water / Aqua / Eau, Butylene Glycol, Lactobacillus Ferment Lysate, Glycerin, Niacinamide, Polyglycerin-3, 1,2-Hexanediol, Propanediol, PPG-13-Decyltetradeceth-24, Glycine Soja (Soybean) Oil, Ethylhexylglycerin, Panthenol, Adenosine, Sodium Polyacrylate, Sodium Metaphosphate, Retinol, Tocopherol, Sodium Hyaluronate, Camellia Sinensis Leaf Extract, Hydrolyzed Hyaluronic Acid, Sodium Hyaluronate Crosspolymer, Hyaluronic Acid, Sodium Acetylated Hyaluronate For informational purposes only. While we endeavor to keep this ingredient list accurate, please be advised that our ingredient list may change. We recommend you refer to the ingredient list on the individual product package for the most up to date ingredient list. Key Ingredients: Green Tea PDRN™ Serum: - 56% Green Tea PDRN™: Prevents loss of skin's natural collagen ​ - 1% Triple Retinol Complex™: Promotes cell turnover for instant smoothing & lasting firming benefits Green Tea PDRN™ Toner: - 7% Green Tea PDRN™ for glass skin​ - Retinol smooths & firms​ Full Ingredient List: Green Tea PDRN™ Firming Serum: Lactobacillus Ferment Ly­sate*, Glycerin, Propanediol, Water / Aq­ua / Eau, Dipropylene Glycol, Butylene Glycol, Niacinamide, 1,2­Hexanediol, Sq­ualane, Glyceryl Polymethacrylate, Dimethyl Isosorbide, Methyl Trimethico­ne, Cetearyl Alcohol, Hydroxyethyl U­rea, Ammonium Acryloyldimethyltaur­ate/VP Copolymer, Helianthus Annuus (Sunflower) Seed Oil, Glycine Soja (Soy ­Bean) Oil, Allantoin, Glyceryl Stearate, Xanthan Gum, Tocopherol, Tocopherylacetate, Pentylene Glycol, Dipotassium Glycyrrhizate, Sodium Stearoyl Gluta­mate, Hydrogenated Lecithin, Daucus Carota Sativa (Carrot) Root Extract, Hydroxypinacolone Retinoate, Stear­ic Acid, Polyglyceryl­3 Methylglucose Distearate, Sodium Polyacrylate, Sodium Metaphosphate, Kojyl Methylened­ioxycinnamate, Palmitic Acid, Ethylhe­xylglycerin, Adenosine, Retinol, Sodiu­m Hyaluronate, Hyaluronic Acid, Hyd­rolyzed Vegetable Protein, Achillea Mi­llefolium Extract, Beta­carotene, My­ristic Acid, Lauric Acid, Pullulan, Zein, Camellia Sinensis Leaf Extract, Pectin, Citric Acid *Green Tea PDRN™ -A proprietary Green Tea probiotic-derived lactobacillus ferment lysate that helps visibly rejuvenate skin Green Tea PDRN™ Skinbooster Toner: Water / Aqua / Eau, Butylene Glycol, Lactobacillus Ferment Lysate, Glycerin, Niacinamide, Polyglycerin-3, 1,2-Hexanediol, Propanediol, PPG-13-Decyltetradeceth-24, Glycine Soja (Soybean) Oil, Ethylhexylglycerin, Panthenol, Adenosine, Sodium Polyacrylate, Sodium Metaphosphate, Retinol, Tocopherol, Sodium Hyaluronate, Camellia Sinensis Leaf Extract, Hydrolyzed Hyaluronic Acid, Sodium Hyaluronate Crosspolymer, Hyaluronic Acid, Sodium Acetylated Hyaluronate For informational purposes only. While we endeavor to keep this ingredient list accurate, please be advised that our ingredient list may change. We recommend you refer to the ingredient list on the individual product package for the most up to date ingredient list.",Green Tea PDRN™ Hyaluronic Acid Retinol,"[""combination"", ""dry"", ""normal"", ""oily""]","[""aging""]","[""brighten"", ""anti_aging""]",serum,,,https://us.innisfree.com/cdn/shop/files/01_Packshot.jpg?v=1760032960,https://us.innisfree.com/products/firm-smooth-set,,90,true,true,[],[],[],"[""usage_instruction"", ""warnings""]","{""care_goals"": [], ""category"": [], ""skin_concerns"": [], ""skin_types"": []}",USD,,0.3.0,2026-09-15T14:39:48.250906+00:00,
231171515,Gentle Retinol Salicylic Acne Serum,innisfree,serum,34.00,USD,30ml,A gentle & effective daily retinol serum for all skin types with 2% salicylic acid that treats + prevents acne & soothes redness without irritating.,Acne Prone Care AM & PM Spot Care Acne Prone Care AM & PM Spot Care,"Key Ingredients: Gentle Retinol Technology: An optimized dose of retinol that gently enhances skin turnover 2% Salicylic Acid: Clears blackheads + blemishes Green Tea Soothing Complex: A blend of Green Tea Ceramide + Biome to hydrate & soothe redness Full Ingredient List: Active Ingredient: Salicylic Acid (2%) Inactive Ingredients: Water / Aqua / Eau, Glycerin, Butylene Glycol, Niacinamide, Dicaprylyl Carbonate, Tromethamine, Betaine, 1,2-Hexanediol, Hydrogenated Lecithin, Ammonium Acryloyldimethyltaurate/VP Copolymer, Caprylic/Capric Triglyceride, Hydroxyethyl Acrylate/Sodium Acryloyldimethyl Taurate Copolymer, Cholesterol, Helianthus Annuus (Sunflower) Seed Oil, Allantoin, Lactobacillus Ferment Lysate, Glycine Soja (Soybean) Oil, Tocopherol, Tocopheryl Acetate, Sodium Methyl Stearoyl Taurate, Propanediol, Daucus Carota Sativa (Carrot) Root Extract, Ethylhexylglycerin, Adenosine, Sorbitan Isostearate, Camellia Sinensis Seed Extract, Asiaticoside, Madecassic Acid, Retinol, Asiatic Acid, Phytosphingosine, Stearyl Glycyrrhetinate, Hyaluronic Acid, Ceramide NP, Beta-Glucan, Beta-Carotene For informational purposes only. While we endeavor to keep this ingredient list accurate, please be advised that our ingredient list may change. We recommend you refer to the ingredient list on the individual product package for the most up to date ingredient list. Key Ingredients: Gentle Retinol Technology: An optimized dose of retinol that gently enhances skin turnover 2% Salicylic Acid: Clears blackheads + blemishes Green Tea Soothing Complex: A blend of Green Tea Ceramide + Biome to hydrate & soothe redness Full Ingredient List: Active Ingredient: Salicylic Acid (2%) Inactive Ingredients: Water / Aqua / Eau, Glycerin, Butylene Glycol, Niacinamide, Dicaprylyl Carbonate, Tromethamine, Betaine, 1,2-Hexanediol, Hydrogenated Lecithin, Ammonium Acryloyldimethyltaurate/VP Copolymer, Caprylic/Capric Triglyceride, Hydroxyethyl Acrylate/Sodium Acryloyldimethyl Taurate Copolymer, Cholesterol, Helianthus Annuus (Sunflower) Seed Oil, Allantoin, Lactobacillus Ferment Lysate, Glycine Soja (Soybean) Oil, Tocopherol, Tocopheryl Acetate, Sodium Methyl Stearoyl Taurate, Propanediol, Daucus Carota Sativa (Carrot) Root Extract, Ethylhexylglycerin, Adenosine, Sorbitan Isostearate, Camellia Sinensis Seed Extract, Asiaticoside, Madecassic Acid, Retinol, Asiatic Acid, Phytosphingosine, Stearyl Glycyrrhetinate, Hyaluronic Acid, Ceramide NP, Beta-Glucan, Beta-Carotene For informational purposes only. While we endeavor to keep this ingredient list accurate, please be advised that our ingredient list may change. We recommend you refer to the ingredient list on the individual product package for the most up to date ingredient list.",BHA Niacinamide Retinol,"[""combination"", ""oily"", ""normal"", ""dry"", ""sensitive""]","[""acne"", ""redness""]","[""anti_acne"", ""soothe""]",serum,,,https://us.innisfree.com/cdn/shop/files/1IF_RC-AS_Packshot_2024_01_1080x1080_32d96c93-4e97-4f4a-bbdc-31ce8cffa318_1.jpg?v=1759951053,https://us.innisfree.com/products/gentle-retinol-salicylic-acne-serum,,90,true,true,[],[],[],"[""usage_instruction"", ""warnings""]","{""care_goals"": [], ""category"": [], ""skin_concerns"": [], ""skin_types"": []}",USD,,0.3.0,2026-09-15T14:39:50.807313+00:00,
231171433,Green Tea Amino Acid Cleansing Foam – Gentle Face Cleanser,innisfree,cleanser,14.00,USD,5.07floz,"Refresh and revitalize your skin with our Green Tea Cleansing Foam, a gentle daily face cleanser that cleanses away dirt and impurities without overstripping. Formulated with antioxidant-rich Green Tea extract, this cleanser helps maintain your skin’s natural moisture balance while promoting healthy, glowing skin.",AM & PM Cleansing Hydration AM & PM Cleansing Hydration,"List: Water / Aqua / Eau, Glycerin, Myristic Acid, Lauric Acid, Potassium Hydroxide, Stearic Acid, Glyceryl Stearate, Palmitic Acid, Glycol Distearate, Lauryl Hydroxysultaine, Propanediol, Polyquaternium-22, Fragrance / Parfum, Lauryl Glucoside, Sodium Chloride, Disodium Cocoyl Glutamate, 1,2-Hexanediol, Hydrolyzed Corn Starch, Pinus Densiflora Leaf Extract, Sodium Metaphosphate, Arginine, Aspartic Acid, Glutamic Acid, Ethylhexylglycerin, Camellia Sinensis Leaf Extract, Butylene Glycol, Acorus Calamus Root Extract For informational purposes only. While we endeavor to keep this ingredient list accurate, please be advised that our ingredient list may change. We recommend you refer to the ingredient list on the individual product package for the most up to date ingredient list.",Amino Acids Green Tea,"[""normal"", ""dry"", ""oily"", ""combination"", ""sensitive""]",[],"[""cleanse"", ""hydrate"", ""brighten""]",foam,,,https://us.innisfree.com/cdn/shop/files/01_IF_GT-CF_Packshot_2024_01_1080x1080_daa6d2d0-d10c-4a1e-9a79-288ac1fa1fa1_1.jpg?v=1759866930,https://us.innisfree.com/products/green-tea-amino-acid-cleansing-foam,,80,true,true,[],[],[],"[""skin_concerns"", ""usage_instruction"", ""warnings""]","{""care_goals"": [], ""category"": [], ""skin_concerns"": [], ""skin_types"": []}",USD,,0.3.0,2026-09-15T14:39:55.160694+00:00,
231171435,Green Tea Amino Acid Cleansing Oil,innisfree,cleanser,24.00,USD,5.07floz,"A hydrating cleansing oil with Green Tea extract and Amino Acids that helps dissolve makeup, SPF, and excess sebum. This gentle cleanser is non-stripping, leaving skin feeling soothed, balanced, and refreshed. Perfect for a double cleanse routine!",AM & PM Cleansing Hydration AM & PM Cleansing Hydration,"Key Ingredients: Green Tea Water: Rich in antioxidants and amino acids that provide deep hydration Amino Acid: Helps add moisture to deliver hydration for a non-stripping cleanse Botanical Oils: A blend of green tea seed, apricot, jojoba, rice, and sweet almond oils to help break down impurities Full Ingredient List: Cetyl Ethylhexanoate, Isopropyl Palmitate, Sorbeth-30 Tetraoleate, Caprylic/Capric Triglyceride, Decyl Cocoate, C9-12 Alkane, Diisostearyl Malate, Fragrance / Parfum, Coco-Caprylate/Caprate, Prunus Armeniaca (Apricot) Kernel Oil, Simmondsia Chinensis (Jojoba) Seed Oil, Oryza Sativa (Rice) Bran Oil, Camellia Sinensis Seed Oil, Prunus Amygdalus Dulcis (Sweet Almond) Oil, Water / Aqua / Eau, Arginine, Butylene Glycol, Propanediol, 1,2-Hexanediol, Acorus Calamus Root Extract, Ethylhexylglycerin, Sodium Metaphosphate, Camellia Sinensis Leaf Extract For informational purposes only. While we endeavor to keep this ingredient list accurate, please be advised that our ingredient list may change. We recommend you refer to the ingredient list on the individual product package for the most up to date ingredient list. Key Ingredients: Green Tea Water: Rich in antioxidants and amino acids that provide deep hydration Amino Acid: Helps add moisture to deliver hydration for a non-stripping cleanse Botanical Oils: A blend of green tea seed, apricot, jojoba, rice, and sweet almond oils to help break down impurities Full Ingredient List: Cetyl Ethylhexanoate, Isopropyl Palmitate, Sorbeth-30 Tetraoleate, Caprylic/Capric Triglyceride, Decyl Cocoate, C9-12 Alkane, Diisostearyl Malate, Fragrance / Parfum, Coco-Caprylate/Caprate, Prunus Armeniaca (Apricot) Kernel Oil, Simmondsia Chinensis (Jojoba) Seed Oil, Oryza Sativa (Rice) Bran Oil, Camellia Sinensis Seed Oil, Prunus Amygdalus Dulcis (Sweet Almond) Oil, Water / Aqua / Eau, Arginine, Butylene Glycol, Propanediol, 1,2-Hexanediol, Acorus Calamus Root Extract, Ethylhexylglycerin, Sodium Metaphosphate, Camellia Sinensis Leaf Extract For informational purposes only. While we endeavor to keep this ingredient list accurate, please be advised that our ingredient list may change. We recommend you refer to the ingredient list on the individual product package for the most up to date ingredient list.",Amino Acids Green Tea,"[""normal"", ""dry"", ""oily"", ""combination"", ""sensitive""]","[""oiliness""]","[""cleanse"", ""hydrate"", ""soothe""]",oil,,,https://us.innisfree.com/cdn/shop/files/01_IF_GT-CO_Packshot_2024_01_1080x1080_9846d7af-e680-4846-8661-0dbf9c77cc5a_1.jpg?v=1760451832,https://us.innisfree.com/products/green-tea-amino-acid-cleansing-oil,,90,true,true,[],[],[],"[""usage_instruction"", ""warnings""]","{""care_goals"": [], ""category"": [], ""skin_concerns"": [], ""skin_types"": []}",USD,,0.3.0,2026-09-15T14:39:56.781972+00:00,
231171434,Green Tea Amino Acid Cleansing Water,innisfree,makeup_remover,19.00,USD,10.82floz,A mild micellar water with Green Tea and a moisturizing Amino Acid Complex that cleanses away light makeup and impurities while refreshing skin.,Hydration,"Water / Aqua / Eau, Propanediol, Glycerin, Polysorbate 20, Glycereth-26, Hexylene Glycol, 1,2-Hexanediol, Disodium Cocoamphodiacetate, Sodium Citrate, Disodium EDTA, Ethylhexylglycerin, Sodium Chloride, Fragrance / Parfum, Citric Acid, Camellia Sinensis Leaf Extract, Arginine, Aspartic Acid, Glutamic Acid, Linalool, Limonene, Disodium Cocoyl Glutamate, Butylene Glycol, Acorus Calamus Root Extract, Tocopherol For informational purposes only. While we endeavor to keep this ingredient list accurate, please be advised that our ingredient list may change. We recommend you refer to the ingredient list on the individual product package for the most up to date ingredient list.","Green Tea Water: Rich in antioxidants and amino acids that provide deep hydration Amino Acid Complex: A blend of arginine, glutamic acid and aspartic acid to deliver hydration for a non-stripping cleanse","[""normal"", ""dry"", ""oily"", ""combination"", ""sensitive""]","[""dryness""]","[""cleanse"", ""hydrate""]",,,,https://us.innisfree.com/cdn/shop/files/101_IF_GT-CW_Packshot_2024_01_1080x1080_1f527490-fdb6-4d9f-94a3-9d3a21e564dd_1.jpg?v=1760460816,https://us.innisfree.com/products/green-tea-amino-acid-cleansing-water,,88,true,true,[],[],[],"[""usage_instruction"", ""warnings"", ""texture""]","{""care_goals"": [], ""category"": [], ""skin_concerns"": [], ""skin_types"": []}",USD,,0.3.0,2026-09-15T14:39:58.376269+00:00,
231171425,Green Tea Caffeine Bright-Eye Serum,innisfree,eye_care,22.00,USD,0.33floz,"Refresh and revive tired eyes with this hydrating eye serum, powered by caffeine and niacinamide to de-puff, brighten dark circles, and refresh tired eyes. This under-eye treatment has a cooling rollerball applicator to boost circulation leaving a refreshed, well-rested look.",AM & PM Brightening Hydration AM & PM Brightening Hydration,"Key Ingredients: Green Tea: Rich in amino acids and antioxidants, it helps provide moisture to the skin 5 types of Hyaluronic Acid: Provide deeper, amplified hydration 2% Caffeine: Helps energize and visibly depuff 3% Niacinamide: Helps brighten dull areas Full Ingredient List: Water / Aqua / Eau, Butylene Glycol, Glycerin, Propanediol, Niacinamide, Dimethicone, Phenyl Trimethicone, Caffeine, 1,2-Hexanediol, Squalane, Polysorbate 20, PolyMineral Oil-11, Carbomer, Pca Dimethicone, Polyacrylate Crosspolymer-6, Tromethamine, Boron Nitride, Sodium Polyacryloyldimethyl Taurate, Titanium Dioxide (Ci 77891), Dimethiconol, Synthetic Fluorphlogopite, Glyceryl Caprylate, Sodium Metaphosphate, Ethylhexylglycerin, Adenosine, Camellia Sinensis Leaf Extract, Arginine, Cyclodextrin, Hydroxypropyl Cyclodextrin, Maltodextrin, Citric Acid, Sodium Hyaluronate, Tin Oxide, Hydrolyzed Hyaluronic Acid, Sodium Hyaluronate Crosspolymer, Hyaluronic Acid, Tocopherol, Sodium Acetylated Hyaluronate For informational purposes only. While we endeavor to keep this ingredient list accurate, please be advised that our ingredient list may change. We recommend you refer to the ingredient list on the individual product package for the most up to date ingredient list. Key Ingredients: Green Tea: Rich in amino acids and antioxidants, it helps provide moisture to the skin 5 types of Hyaluronic Acid: Provide deeper, amplified hydration 2% Caffeine: Helps energize and visibly depuff 3% Niacinamide: Helps brighten dull areas Full Ingredient List: Water / Aqua / Eau, Butylene Glycol, Glycerin, Propanediol, Niacinamide, Dimethicone, Phenyl Trimethicone, Caffeine, 1,2-Hexanediol, Squalane, Polysorbate 20, PolyMineral Oil-11, Carbomer, Pca Dimethicone, Polyacrylate Crosspolymer-6, Tromethamine, Boron Nitride, Sodium Polyacryloyldimethyl Taurate, Titanium Dioxide (Ci 77891), Dimethiconol, Synthetic Fluorphlogopite, Glyceryl Caprylate, Sodium Metaphosphate, Ethylhexylglycerin, Adenosine, Camellia Sinensis Leaf Extract, Arginine, Cyclodextrin, Hydroxypropyl Cyclodextrin, Maltodextrin, Citric Acid, Sodium Hyaluronate, Tin Oxide, Hydrolyzed Hyaluronic Acid, Sodium Hyaluronate Crosspolymer, Hyaluronic Acid, Tocopherol, Sodium Acetylated Hyaluronate For informational purposes only. While we endeavor to keep this ingredient list accurate, please be advised that our ingredient list may change. We recommend you refer to the ingredient list on the individual product package for the most up to date ingredient list.",Green Tea Hyaluronic Acid Niacinamide,"[""normal"", ""dry"", ""oily"", ""combination"", ""sensitive""]",[],"[""hydrate"", ""brighten""]",serum,,,https://us.innisfree.com/cdn/shop/files/IF_GT-ES_Packshot_2026_1080x1080_c00f6490-9d78-4af0-9c06-86d8187fab67.jpg?v=1783012188,https://us.innisfree.com/products/green-tea-caffeine-bright-eye-serum,,80,true,true,[],[],[],"[""skin_concerns"", ""usage_instruction"", ""warnings""]","{""care_goals"": [], ""category"": [], ""skin_concerns"": [], ""skin_types"": []}",USD,,0.3.0,2026-09-15T14:39:59.825541+00:00,
231171647,Green Tea Ceramide Cleansing Balm,innisfree,cleanser,19.00,USD,100g,"Remove waterproof makeup, sunscreen, + daily impurities in just one step. The soft balm texture gently glides on to melt away heavy makeup while Green Tea Moisturizing Complex hydrates + strengthens skin’s moisture barrier. Plus, our Korean cleansing balm comes in a sanitary, mess-free tube.",AM & PM Cleansing Hydration AM & PM Cleansing Hydration,"Key Ingredient: Green Tea Moisturizing Complex : A blend of Green Tea Water, Green Tea Seed Oil, and Green Tea Ceramide hydrate and strengthen skin’s moisture barrier Full Ingredient List: Sorbethyl Tetraoleate, Cetyl Ethylhexanoate, Caprylic/Capric Triglyceride, Isopropyl Palmitate, Triethylhexanoin, Kaolin, Hydrated Silica, Isododecane, Silica Dimethyl Silylate, Synthetic Wax, Water (Aqua/Eau), Fragrance (Parfum), Propanediol, Camellia Sinensis Seed Oil, Polyglyceryl‑2 Triisostearate, Blue 1 Lake (CI 42090), 1,2‑Hexanediol, Ceramide NP, Helianthus Annuus (Sunflower) Seed Oil, Ethylhexylglycerin, Sodium Metaphosphate, Beta‑Carotene, Camellia Sinensis Leaf Extract, Dextrin, Lactobacillus Ferment Lysate, Linalool, Geraniol. For informational purposes only. While we endeavor to keep this ingredient list accurate, please be advised that our ingredient list may change. We recommend you refer to the ingredient list on the individual product package for the most up to date ingredient list. Key Ingredient: Green Tea Moisturizing Complex : A blend of Green Tea Water, Green Tea Seed Oil, and Green Tea Ceramide hydrate and strengthen skin’s moisture barrier Full Ingredient List: Sorbethyl Tetraoleate, Cetyl Ethylhexanoate, Caprylic/Capric Triglyceride, Isopropyl Palmitate, Triethylhexanoin, Kaolin, Hydrated Silica, Isododecane, Silica Dimethyl Silylate, Synthetic Wax, Water (Aqua/Eau), Fragrance (Parfum), Propanediol, Camellia Sinensis Seed Oil, Polyglyceryl‑2 Triisostearate, Blue 1 Lake (CI 42090), 1,2‑Hexanediol, Ceramide NP, Helianthus Annuus (Sunflower) Seed Oil, Ethylhexylglycerin, Sodium Metaphosphate, Beta‑Carotene, Camellia Sinensis Leaf Extract, Dextrin, Lactobacillus Ferment Lysate, Linalool, Geraniol. For informational purposes only. While we endeavor to keep this ingredient list accurate, please be advised that our ingredient list may change. We recommend you refer to the ingredient list on the individual product package for the most up to date ingredient list.",Green Tea Moisturizing Complex,"[""normal"", ""dry"", ""oily"", ""combination"", ""sensitive""]","[""dryness""]","[""cleanse"", ""hydrate""]",balm,,,https://us.innisfree.com/cdn/shop/files/1_IF_GT-CB-NoTexture_Packshot_1080x1080_590d5bb0-85cb-4a19-ad88-fdb4d6885105.jpg?v=1782411967,https://us.innisfree.com/products/green-tea-ceramide-cleansing-balm,,90,true,true,[],[],[],"[""usage_instruction"", ""warnings""]","{""care_goals"": [], ""category"": [], ""skin_concerns"": [], ""skin_types"": []}",USD,,0.3.0,2026-09-15T14:40:01.610097+00:00,
231171583,Green Tea Ceramide Cream,innisfree,moisturizer,30.00,USD,50ml,"Daily, breathable rescue cream to soothe skin + restore skin’s moisture barrier. Powered by 7 types of ceramides + colloidal oatmeal, this fast-acting Korean daily cream is perfect for dry, sensitive, or eczema-prone skin. Breathable formula with hyaluronic acid, ectoin, and Green Tea Ceramide to soothe, strengthen skin's moisture barrier, and helps improve visible redness*. *Instrumental result, 31 women, post physical stimulation, after 1 week of use",AM & PM Glow Hydration AM & PM Glow Hydration,"Key Ingredients: Super Green Tea™: Micro-sized Green Tea liposomes deliver deep hydration + antioxidant protection​​ Green Tea Ceramide: Natural Green Tea ceramides replenish & repair skin's protective barrier​​ Colloidal Oatmeal + Ectoin: Help soothe & calm​​ 7 Types of Ceramide + Cholesterol: Help nourish skin Full Ingredient List: Water / Aqua / Eau, Butylene Glycol, Propanediol, Glycerin, Squalane, Dipropylene Glycol, Caprylic/Capric Triglyceride, Simmondsia Chinensis (Jojoba) Seed Oil, 1,2-Hexanediol, Glyceryl Stearate, Ethylhexyl Palmitate, Cetearyl Alcohol, Methyl Trimethicone, Dimethicone, Cetyl Ethylhexanoate, Cetearyl Olivate, Dicaprylyl Ether, Polyglyceryl-3 Methylglucose Distearate, Colloidal Oatmeal, Palmitic Acid, Stearic Acid, Sorbitan Olivate, Hydrogenated Poly(C6-14 Olefin), Carbomer, Tromethamine, Dimethicone/Vinyl Dimethicone Crosspolymer, Ethylhexylglycerin, Cetearyl Glucoside, Xanthan Gum, Caprylyl Glycol, Ceramide NP, Sodium Metaphosphate, Hydrogenated Lecithin, Ectoin, Cetyl-PG Hydroxyethyl Palmitamide, Polyglyceryl-10 Stearate, Camellia Sinensis Seed Extract, Sodium Stearoyl Glutamate, Phytosterols, Camellia Sinensis Seed Oil, Tocopherol, Phytosphingosine, Camellia Sinensis Leaf Extract, Ceramide NS, Cholesterol, Ceramide AP, Ceramide AS, Ceramide EOP For informational purposes only. While we endeavor to keep this ingredient list accurate, please be advised that our ingredient list may change. We recommend you refer to the ingredient list on the individual product package for the most up to date ingredient list. Key Ingredients: Super Green Tea™: Micro-sized Green Tea liposomes deliver deep hydration + antioxidant protection​​ Green Tea Ceramide: Natural Green Tea ceramides replenish & repair skin's protective barrier​​ Colloidal Oatmeal + Ectoin: Help soothe & calm​​ 7 Types of Ceramide + Cholesterol: Help nourish skin Full Ingredient List: Water / Aqua / Eau, Butylene Glycol, Propanediol, Glycerin, Squalane, Dipropylene Glycol, Caprylic/Capric Triglyceride, Simmondsia Chinensis (Jojoba) Seed Oil, 1,2-Hexanediol, Glyceryl Stearate, Ethylhexyl Palmitate, Cetearyl Alcohol, Methyl Trimethicone, Dimethicone, Cetyl Ethylhexanoate, Cetearyl Olivate, Dicaprylyl Ether, Polyglyceryl-3 Methylglucose Distearate, Colloidal Oatmeal, Palmitic Acid, Stearic Acid, Sorbitan Olivate, Hydrogenated Poly(C6-14 Olefin), Carbomer, Tromethamine, Dimethicone/Vinyl Dimethicone Crosspolymer, Ethylhexylglycerin, Cetearyl Glucoside, Xanthan Gum, Caprylyl Glycol, Ceramide NP, Sodium Metaphosphate, Hydrogenated Lecithin, Ectoin, Cetyl-PG Hydroxyethyl Palmitamide, Polyglyceryl-10 Stearate, Camellia Sinensis Seed Extract, Sodium Stearoyl Glutamate, Phytosterols, Camellia Sinensis Seed Oil, Tocopherol, Phytosphingosine, Camellia Sinensis Leaf Extract, Ceramide NS, Cholesterol, Ceramide AP, Ceramide AS, Ceramide EOP For informational purposes only. While we endeavor to keep this ingredient list accurate, please be advised that our ingredient list may change. We recommend you refer to the ingredient list on the individual product package for the most up to date ingredient list.",Ceramide Green Tea,"[""oily"", ""normal"", ""dry"", ""combination"", ""sensitive""]","[""acne"", ""redness"", ""sensitivity""]","[""hydrate"", ""brighten"", ""anti_acne"", ""soothe""]",cream,,,https://us.innisfree.com/cdn/shop/files/01_IF_PDP_GT-C-50ml_Packshot_1080x1080_de0bcf14-f35f-48a5-a4fc-95cd766e6b05.jpg?v=1765565961,https://us.innisfree.com/products/green-tea-ceramide-cream,,90,true,true,[],[],[],"[""usage_instruction"", ""warnings""]","{""care_goals"": [], ""category"": [], ""skin_concerns"": [], ""skin_types"": []}",USD,,0.3.0,2026-09-15T14:40:03.116366+00:00,
231171652,Green Tea Ceramide Mist,innisfree,toner,17.00,USD,3.04floz,Hands-free hydration that moves with you! Ectoin + Panthenol instantly reduce visible redness and soothe skin. Super Green Tea™ + Green Tea Ceramide provide deep hydration and repair moisture barrier. Apply as a toner seamlessly throughout the day without disrupting makeup or triggering breakouts.,AM & PM Hydration Soothing AM & PM Hydration Soothing,"Key Ingredients: Super Green Tea™: Micro-sized Green Tea liposomes deliver deep hydration + antioxidant protection Green Tea Ceramide: Replenishes + repairs skin's barrier 9 Types of Hyaluronic Acid: Deeply hydrate Ectoin + Panthenol: Soothe and strengthen skin's moisture barrier Full Ingredient List: Water / Aqua / Eau, Glycerin, Butylene Glycol, Propanediol, Hydrogenated Rice Bran Oil, Betaine, Mannitol, Pentylene Glycol, PPG-13-Decyltetradeceth-24, Hydrogenated Lecithin, Ethylhexylglycerin, Caprylyl Glycol, Panthenol, Caprylic/Capric Triglyceride, Sodium Stearoyl Glutamate, Sodium Metaphosphate, Niacinamide, Polyglyceryl-10 Stearate, Ectoin, 1,2-Hexanediol, Hyaluronic Acid, Ceramide NP, Phytosterols, Camellia Sinensis Seed Oil, Tocopherol, Sodium Hyaluronate, Camellia Sinensis Leaf Extract, Propylene Glycol, Glyceryl Oleate, Tromethamine, Lecithin, Lauryl Glucoside, Hydrolyzed Hyaluronic Acid, Polyglyceryl-6 Laurate, Myristyl Glucoside, Sodium Hyaluronate Crosspolymer, Glyceryl Caprylate, Sodium Trimethaphosphate, Xanthan Gum, Sodium Acetylated Hyaluronate, Acetyl Tetrapeptide-2.​ For informational purposes only. While we endeavor to keep this ingredient list accurate, please be advised that our ingredient list may change. We recommend you refer to the ingredient list on the individual product package for the most up to date ingredient list. Key Ingredients: Super Green Tea™: Micro-sized Green Tea liposomes deliver deep hydration + antioxidant protection Green Tea Ceramide: Replenishes + repairs skin's barrier 9 Types of Hyaluronic Acid: Deeply hydrate Ectoin + Panthenol: Soothe and strengthen skin's moisture barrier Full Ingredient List: Water / Aqua / Eau, Glycerin, Butylene Glycol, Propanediol, Hydrogenated Rice Bran Oil, Betaine, Mannitol, Pentylene Glycol, PPG-13-Decyltetradeceth-24, Hydrogenated Lecithin, Ethylhexylglycerin, Caprylyl Glycol, Panthenol, Caprylic/Capric Triglyceride, Sodium Stearoyl Glutamate, Sodium Metaphosphate, Niacinamide, Polyglyceryl-10 Stearate, Ectoin, 1,2-Hexanediol, Hyaluronic Acid, Ceramide NP, Phytosterols, Camellia Sinensis Seed Oil, Tocopherol, Sodium Hyaluronate, Camellia Sinensis Leaf Extract, Propylene Glycol, Glyceryl Oleate, Tromethamine, Lecithin, Lauryl Glucoside, Hydrolyzed Hyaluronic Acid, Polyglyceryl-6 Laurate, Myristyl Glucoside, Sodium Hyaluronate Crosspolymer, Glyceryl Caprylate, Sodium Trimethaphosphate, Xanthan Gum, Sodium Acetylated Hyaluronate, Acetyl Tetrapeptide-2.​ For informational purposes only. While we endeavor to keep this ingredient list accurate, please be advised that our ingredient list may change. We recommend you refer to the ingredient list on the individual product package for the most up to date ingredient list.",Ectoin Green Tea Ceramide Hyaluronic Acid Panthenol Super Green Tea™,"[""oily"", ""normal"", ""dry"", ""combination"", ""sensitive""]","[""acne"", ""redness""]","[""hydrate"", ""anti_acne"", ""repair"", ""soothe""]",mist,,,https://us.innisfree.com/cdn/shop/files/1_IF_GT-CMM-90ml_Packshot_1080x1080_268e45e2-b8f4-4b88-90b5-8e85feaf71e8.jpg?v=1787241354,https://us.innisfree.com/products/green-tea-ceramide-mist,,90,true,true,[],[],[],"[""usage_instruction"", ""warnings""]","{""care_goals"": [], ""category"": [], ""skin_concerns"": [], ""skin_types"": []}",USD,,0.3.0,2026-09-15T14:40:06.556032+00:00,
231171485,Green Tea Ceramide Plump Cream,innisfree,moisturizer,35.00,USD,50ml,"Achieve plumper, smoother skin with this cream for face powered by green tea-derived ceramide to boost hydration, elasticity, and firmness. This lightweight ceramide cream strengthens the skin barrier for a more resilient, radiant complexion and absorbs easily without greasiness. This formulated without fragrance, noncomedogenic plumping cream is perfect for all skin types and part of any slow-aging Korean skincare routine.",Hydration PM Visibly Firms Hydration PM Visibly Firms,"Key Ingredients: Ceramide Complex: A blend of Green Tea Ceramide that helps preserve skin's elasticity better than animal alternatives Peptides + Adenosine: Visibly improve elasticity + wrinkles Sugarcane-Derived Squalane: Helps fortify skin's moisture barrier Full Ingredient List: Water / Aqua / Eau, Glycerin, Butylene Glycol, Niacinamide, Squalane, Dicaprylyl Carbonate, Methyl Trimethicone, Sucrose Polystearate, Pentaerythrityl Tetraethylhexanoate, 1,2 Hexanediol, Glyceryl Stearate, Hydroxyethyl Urea, Polyglyceryl 3 Distearate, Cetearyl Alcohol, Poly C10 30Alkyl Acrylate, Hydrogenated Polyisobutene, Palmitic Acid, Diphenyl Dimethicone, Bis Hydroxyethoxypropyl Dimethicone, Stearic Acid, Hydroxyethyl Acrylate/Sodium Acryloyldimethyl Taurate Copolymer, Xanthan Gum, Lithospermum Erythrorhizon Root Extract, Hydrolyzed Extensin, Simmondsia Chinensis (Jojoba) Seed Oil, Acrylates/C10 30 Alkyl Acrylate Crosspolymer, Sodium Metaphosphate, Glyceryl Caprylate, Polyglyceryl 10 Laurate, Tromethamine, Helianthus Annuus (Sunflower) Seed Oil, Glyceryl Stearate Citrate, Ethylhexylglycerin, Adenosine, Caprylyl Glycol, Sorbitan Isostearate, Hydrogenated Lecithin, Daucus Carota Sativa (Carrot) Root Extract, Ceramide NP, Tocopherol, Beta Carotene, Acetyl Tetrapeptide 2, Soluble Collagen For informational purposes only. While we endeavor to keep this ingredient list accurate, please be advised that our ingredient list may change. We recommend you refer to the ingredient list on the individual product package for the most up to date ingredient list. Key Ingredients: Ceramide Complex: A blend of Green Tea Ceramide that helps preserve skin's elasticity better than animal alternatives Peptides + Adenosine: Visibly improve elasticity + wrinkles Sugarcane-Derived Squalane: Helps fortify skin's moisture barrier Full Ingredient List: Water / Aqua / Eau, Glycerin, Butylene Glycol, Niacinamide, Squalane, Dicaprylyl Carbonate, Methyl Trimethicone, Sucrose Polystearate, Pentaerythrityl Tetraethylhexanoate, 1,2 Hexanediol, Glyceryl Stearate, Hydroxyethyl Urea, Polyglyceryl 3 Distearate, Cetearyl Alcohol, Poly C10 30Alkyl Acrylate, Hydrogenated Polyisobutene, Palmitic Acid, Diphenyl Dimethicone, Bis Hydroxyethoxypropyl Dimethicone, Stearic Acid, Hydroxyethyl Acrylate/Sodium Acryloyldimethyl Taurate Copolymer, Xanthan Gum, Lithospermum Erythrorhizon Root Extract, Hydrolyzed Extensin, Simmondsia Chinensis (Jojoba) Seed Oil, Acrylates/C10 30 Alkyl Acrylate Crosspolymer, Sodium Metaphosphate, Glyceryl Caprylate, Polyglyceryl 10 Laurate, Tromethamine, Helianthus Annuus (Sunflower) Seed Oil, Glyceryl Stearate Citrate, Ethylhexylglycerin, Adenosine, Caprylyl Glycol, Sorbitan Isostearate, Hydrogenated Lecithin, Daucus Carota Sativa (Carrot) Root Extract, Ceramide NP, Tocopherol, Beta Carotene, Acetyl Tetrapeptide 2, Soluble Collagen For informational purposes only. While we endeavor to keep this ingredient list accurate, please be advised that our ingredient list may change. We recommend you refer to the ingredient list on the individual product package for the most up to date ingredient list.",Green Tea Niacinamide,"[""normal"", ""dry"", ""oily"", ""combination"", ""sensitive""]","[""aging""]","[""hydrate"", ""anti_aging"", ""repair""]",cream,,,https://us.innisfree.com/cdn/shop/files/1IF_GT-CC_Packshot_2024_1080x1080_01_1_1.jpg?v=1759873358,https://us.innisfree.com/products/green-tea-ceramide-plump-cream,,90,true,true,[],[],[],"[""usage_instruction"", ""warnings""]","{""care_goals"": [], ""category"": [], ""skin_concerns"": [], ""skin_types"": []}",USD,,0.3.0,2026-09-15T14:40:08.326086+00:00,
231171382,Green Tea Enzyme PHA Toner,innisfree,toner,24.00,USD,5.07floz,"The Innisfree Green Tea Enzyme PHA Toner is a gentle, leave-on PHA toner with 7% PHA and green tea enzyme that hydrates, smooths, and refines rough texture. This hydrating toner for sensitive skin evens out tone while leaving skin plump, soft, and glowing. Perfect as part of your Korean skincare toner routine, it refreshes daily, supports healthy-looking skin, and preps your complexion to absorb serums and moisturizers. Use morning or night for a soothing, radiant finish and enjoy visibly smoother, balanced, and hydrated skin with every use.",AM & PM Exfoliating Hydration AM & PM Exfoliating Hydration,"Key Ingredients: Green Tea-derived Enzyme: Helps gently exfoliate the skin 7% PHA: Helps visibly improve skin texture Green Tea + 5 types of Hyaluronic Acid: Helps provide moisture and deeply hydrates Full Ingredient List: Water / Aqua / Eau, Gluconolactone, Glycerin, Butylene Glycol, Tromethamine, 1,2-Hexanediol, Betaine, Dextrin, Propanediol, Sodium Metaphosphate, Ethylhexylglycerin, Cyclodextrin, Protease, Sodium Hyaluronate, Hydrolyzed Hyaluronic Acid, Camellia Sinensis Leaf Extract, Sodium Hyaluronate Crosspolymer, Hyaluronic Acid, Tocopherol, Sodium Acetylated Hyaluronate ﻿For informational purposes only. While we endeavor to keep this ingredient list accurate, please be advised that our ingredient list may change. We recommend you refer to the ingredient list on the individual product package for the most up to date ingredient list. Key Ingredients: Green Tea-derived Enzyme: Helps gently exfoliate the skin 7% PHA: Helps visibly improve skin texture Green Tea + 5 types of Hyaluronic Acid: Helps provide moisture and deeply hydrates Full Ingredient List: Water / Aqua / Eau, Gluconolactone, Glycerin, Butylene Glycol, Tromethamine, 1,2-Hexanediol, Betaine, Dextrin, Propanediol, Sodium Metaphosphate, Ethylhexylglycerin, Cyclodextrin, Protease, Sodium Hyaluronate, Hydrolyzed Hyaluronic Acid, Camellia Sinensis Leaf Extract, Sodium Hyaluronate Crosspolymer, Hyaluronic Acid, Tocopherol, Sodium Acetylated Hyaluronate ﻿For informational purposes only. While we endeavor to keep this ingredient list accurate, please be advised that our ingredient list may change. We recommend you refer to the ingredient list on the individual product package for the most up to date ingredient list.",AHA (PHA) Green Tea Hyaluronic Acid,"[""normal"", ""dry"", ""oily"", ""combination"", ""sensitive""]","[""uneven_texture"", ""sensitivity""]","[""hydrate"", ""brighten"", ""soothe"", ""exfoliate""]",,,,https://us.innisfree.com/cdn/shop/files/IF_GT-PHAT_Packshot_2024_01_1080x1080_1.jpg?v=1760721224,https://us.innisfree.com/products/green-tea-enzyme-pha-toner,,88,true,true,[],[],[],"[""usage_instruction"", ""warnings"", ""texture""]","{""care_goals"": [], ""category"": [], ""skin_concerns"": [], ""skin_types"": []}",USD,,0.3.0,2026-09-15T14:40:12.834004+00:00,
231171394,Green Tea Enzyme Vitamin C Brightening Serum – Best for Glowing Skin - 30ML,innisfree,serum,32.00,USD,30ml,"A rapid Vitamin C Brightening Serum that helps visibly smooth and fade dark spots, including sun spots and post-breakout marks, for a more radiant, even-toned complexion. Powered by a potent blend of Vitamin C + Green Tea Enzyme, this lightweight Vitamin C Serum deliveres a double dose of brightening to refine uneven skin tone.",AM & PM Brightening AM & PM Brightening,"Key Ingredients: Green Tea-derived Enzyme: Helps gently exfoliate and refine skin texture Vitamin C + Vitamin E + Ferulic Acid: Potent antioxidants that help brighten and fade dark spots & protect from external aggressors Tangerine Peel Extract + Niacinamide: Help even tone and give skin extra radiance Hyaluronic Acid + Panthenol + Squalane: Deeply hydrate and nourish skin Full Ingredient List: Water / Aqua / Eau, Propanediol, 1,2-Hexanediol, Glycerin, 3-O-Ethyl Ascorbic Acid, Butylene Glycol, Lactobacillus Ferment Lysate, Squalane, Helianthus Annuus (Sunflower) Seed Oil, Dextrin, Acrylates/C10-30 Alkyl Acrylate Crosspolymer, Caprylic/Capric Triglyceride, Tromethamine, Xanthan Gum, Gluconolactone, Citrus Reticulata (Tangerine) Peel Extract, Panthenol, Niacinamide, Allantoin, Daucus Carota Sativa (Carrot) Root Extract, Hyaluronic Acid, Pentylene Glycol, Sodium Metaphosphate, Silica Dimethyl Silylate, Cyclodextrin, Tocopherol, Ethylhexylglycerin, Madecassoside, Hydrogenated Poly(C6-20 Olefin), Protease, Ascorbyl Tetraisopalmitate, Glutathione, Achillea Millefolium Extract, Hdi/Trimethylol Hexyllactone Crosspolymer, Beta-Carotene, Ferulic Acid For informational purposes only. While we endeavor to keep this ingredient list accurate, please be advised that our ingredient list may change. We recommend you refer to the ingredient list on the individual product package for the most up to date ingredient list. Key Ingredients: Green Tea-derived Enzyme: Helps gently exfoliate and refine skin texture Vitamin C + Vitamin E + Ferulic Acid: Potent antioxidants that help brighten and fade dark spots & protect from external aggressors Tangerine Peel Extract + Niacinamide: Help even tone and give skin extra radiance Hyaluronic Acid + Panthenol + Squalane: Deeply hydrate and nourish skin Full Ingredient List: Water / Aqua / Eau, Propanediol, 1,2-Hexanediol, Glycerin, 3-O-Ethyl Ascorbic Acid, Butylene Glycol, Lactobacillus Ferment Lysate, Squalane, Helianthus Annuus (Sunflower) Seed Oil, Dextrin, Acrylates/C10-30 Alkyl Acrylate Crosspolymer, Caprylic/Capric Triglyceride, Tromethamine, Xanthan Gum, Gluconolactone, Citrus Reticulata (Tangerine) Peel Extract, Panthenol, Niacinamide, Allantoin, Daucus Carota Sativa (Carrot) Root Extract, Hyaluronic Acid, Pentylene Glycol, Sodium Metaphosphate, Silica Dimethyl Silylate, Cyclodextrin, Tocopherol, Ethylhexylglycerin, Madecassoside, Hydrogenated Poly(C6-20 Olefin), Protease, Ascorbyl Tetraisopalmitate, Glutathione, Achillea Millefolium Extract, Hdi/Trimethylol Hexyllactone Crosspolymer, Beta-Carotene, Ferulic Acid For informational purposes only. While we endeavor to keep this ingredient list accurate, please be advised that our ingredient list may change. We recommend you refer to the ingredient list on the individual product package for the most up to date ingredient list.",Green Tea Hyaluronic Acid Niacinamide Vitamin C,"[""normal"", ""dry"", ""oily"", ""combination"", ""sensitive""]","[""acne"", ""dark_spot""]","[""brighten"", ""anti_acne""]",serum,,,http://us.innisfree.com/cdn/shop/files/IF_GT-VCS_Packshot_2024_01_1080x1080_780f9363-b297-42b0-b82c-b90143b0e5e4.jpg?v=1707249888,https://us.innisfree.com/products/green-tea-enzyme-vitamin-c-brightening-serum,,90,true,true,[],[],[],"[""usage_instruction"", ""warnings""]","{""care_goals"": [], ""category"": [], ""skin_concerns"": [], ""skin_types"": []}",USD,,0.3.0,2026-09-15T14:40:16.232715+00:00,
231171505,Green Tea Enzyme Vitamin C Brightening Toner Pads - 60 PADS,innisfree,toner,12.00,USD,5.74floz,"Revitalize your skin with Vitamin C Toner Pads - gentle brightening toner pads infused with Vitamin C and Green Tea Enzyme. These green tea daily toner pads gently exfoliate to fade dark spots, smooth, and boost radiance. Perfect for morning or evening use, they prep skin for serums and moisturizers while supporting a healthy glow. Safe for all skin types, these Korean toner pads deliver daily brightening and hydration, leaving your complexion soft, luminous, and refreshed.",AM & PM Brightening Exfoliating AM & PM Brightening Exfoliating,"Key Ingredients: Pure Vitamin C + Niacinamide: Help brighten + fade dark spots, including post-breakout marks & sun spots Green Tea-derived Enzyme + PHA: Help gently exfoliate + dissolve dead skin cells Hydro-Soothing Complex: A blend of Hyaluronic Acid + Madecassoside + Allantoin + Panthenol that hydrates skin + cushions the formula to soothe skin Full Ingredient List: Water / Aqua / Eau, Butylene Glycol, Glycerin, Niacinamide, 1,2-Hexanediol, Panthenol, Allantoin, Magnesium Ascorbyl Phosphate, Hydroxyethylcellulose, Citric Acid, Ethylhexylglycerin, Polyglyceryl-10 Laurate, Dipropylene Glycol, Dipotassium Glycyrrhizate, Sodium Phytate, Dextrin, Sodium Hyaluronate, Sodium Citrate, Gluconolactone, Methyl Diisopropyl Propionamide, Propanediol, Cyclodextrin, Beta-Glucan, Protease, Citrus Reticulata (Tangerine) Peel Extract, Tocopherol, Glutathione, Ferulic Acid, Madecassoside For informational purposes only. While we endeavor to keep this ingredient list accurate, please be advised that our ingredient list may change. We recommend you refer to the ingredient list on the individual product package for the most up to date ingredient list. Key Ingredients: Pure Vitamin C + Niacinamide: Help brighten + fade dark spots, including post-breakout marks & sun spots Green Tea-derived Enzyme + PHA: Help gently exfoliate + dissolve dead skin cells Hydro-Soothing Complex: A blend of Hyaluronic Acid + Madecassoside + Allantoin + Panthenol that hydrates skin + cushions the formula to soothe skin Full Ingredient List: Water / Aqua / Eau, Butylene Glycol, Glycerin, Niacinamide, 1,2-Hexanediol, Panthenol, Allantoin, Magnesium Ascorbyl Phosphate, Hydroxyethylcellulose, Citric Acid, Ethylhexylglycerin, Polyglyceryl-10 Laurate, Dipropylene Glycol, Dipotassium Glycyrrhizate, Sodium Phytate, Dextrin, Sodium Hyaluronate, Sodium Citrate, Gluconolactone, Methyl Diisopropyl Propionamide, Propanediol, Cyclodextrin, Beta-Glucan, Protease, Citrus Reticulata (Tangerine) Peel Extract, Tocopherol, Glutathione, Ferulic Acid, Madecassoside For informational purposes only. While we endeavor to keep this ingredient list accurate, please be advised that our ingredient list may change. We recommend you refer to the ingredient list on the individual product package for the most up to date ingredient list.",Green Tea Hyaluronic Acid Niacinamide Vitamin C,"[""normal"", ""dry"", ""oily"", ""combination"", ""sensitive""]","[""dark_spot""]","[""hydrate"", ""brighten"", ""exfoliate""]",pads,,,http://us.innisfree.com/cdn/shop/files/1IF_GT-VCTP_Packshot_2024_1080x1080_01_1.jpg?v=1759949818,https://us.innisfree.com/products/green-tea-enzyme-vitamin-c-brightening-toner-pads,,90,true,true,[],[],[],"[""usage_instruction"", ""warnings""]","{""care_goals"": [], ""category"": [], ""skin_concerns"": [], ""skin_types"": []}",USD,,0.3.0,2026-09-15T14:40:18.433898+00:00,
231171607,Green Tea Mini Double Cleanse + Hydrate Trio,innisfree,cleanser,22.00,USD,3.04floz,"Dual cleanse + hydrate with our limited-edition Green Tea Cleansing trio! Melt away makeup + impurities with our Cleansing Oil, purify with our Cleansing Foam, then lock in lasting moisture with our best-selling Green Tea Hyaluronic Cream.",AM & PM Cleansing Hydration AM & PM Cleansing Hydration,"Key Ingredients: Green Tea Water (Cleansing Oil + Foam): Rich in antioxidants and amino acids that provide deep hydration Green Tea Barrier Complex (Cream): Hydrates and helps fortify skin's barrier with Squalane + Ceramide Full Ingredient List: Green Tea Amino Acid Cleansing Oil: Cetyl Ethylhexanoate, Isopropyl Palmitate, Sorbeth-30 Tetraoleate, Caprylic/Capric Triglyceride, Decyl Cocoate, C9-12 Alkane, Diisostearyl Malate, Fragrance / Parfum, Coco-Caprylate/Caprate, Prunus Armeniaca (Apricot) Kernel Oil, Simmondsia Chinensis (Jojoba) Seed Oil, Oryza Sativa (Rice) Bran Oil, Camellia Sinensis Seed Oil, Prunus Amygdalus Dulcis (Sweet Almond) Oil, Water / Aqua / Eau, Arginine, Butylene Glycol, Propanediol, 1,2-Hexanediol, Acorus Calamus Root Extract, Ethylhexylglycerin, Sodium Metaphosphate, Camellia Sinensis Leaf Extract Green Tea Amino Acid Cleansing Foam: Water / Aqua / Eau, Glycerin, Myristic Acid, Lauric Acid, Potassium Hydroxide, Stearic Acid, Glyceryl Stearate, Palmitic Acid, Glycol Distearate, Lauryl Hydroxysultaine, Propanediol, Polyquaternium-22, Fragrance / Parfum, Lauryl Glucoside, Sodium Chloride, Disodium Cocoyl Glutamate, 1,2-Hexanediol, Hydrolyzed Corn Starch, Pinus Densiflora Leaf Extract, Sodium Metaphosphate, Arginine, Aspartic Acid, Glutamic Acid, Ethylhexylglycerin, Camellia Sinensis Leaf Extract, Butylene Glycol, Acorus Calamus Root Extract Green Tea Seed Hyaluronic Acid Cream: Water / Aqua / Eau, Propanediol, Glycerin, Stearyl Dimethicone, Methyl Trimethicone, Pentaerythrityl Tetraethylhexanoate, Butylene Glycol Dicaprylate/Dicaprate, Glyceryl Polymethacrylate, 1,2-Hexanediol, Polymethylsilsesquioxane, Squalane, Hydroxyethyl Acrylate/Sodium Acryloyldimethyl Taurate Copolymer, Polyglyceryl-3 Methylglucose Distearate, Carbomer, Hydrogenated Lecithin, Cholesterol, Glyceryl Stearate, Tromethamine, Sodium Stearoyl Glutamate, Lactobacillus Ferment Lysate, Hyaluronic Acid, Panthenol, Allantoin, Sodium Metaphosphate, Camellia Sinensis Seed Oil, Cetearyl Alcohol, Xanthan Gum, Glyceryl Caprylate, Butylene Glycol, Ethylhexylglycerin, Sorbitan Isostearate, Sodium Hyaluronate, Camellia Sinensis Leaf Extract, Madecassoside, Lactic Acid, Dextrin, Theobroma Cacao (Cocoa) Extract, Hydrolyzed Hyaluronic Acid, Sodium Hyaluronate Crosspolymer, Camellia Sinensis Seed Extract, Ceramide NP, Tocopherol, Phytosphingosine, Sodium Acetylated Hyaluronate For informational purposes only. While we endeavor to keep this ingredient list accurate, please be advised that our ingredient list may change. We recommend you refer to the ingredient list on the individual product package for the most up to date ingredient list. Key Ingredients: Green Tea Water (Cleansing Oil + Foam): Rich in antioxidants and amino acids that provide deep hydration Green Tea Barrier Complex (Cream): Hydrates and helps fortify skin's barrier with Squalane + Ceramide Full Ingredient List: Green Tea Amino Acid Cleansing Oil: Cetyl Ethylhexanoate, Isopropyl Palmitate, Sorbeth-30 Tetraoleate, Caprylic/Capric Triglyceride, Decyl Cocoate, C9-12 Alkane, Diisostearyl Malate, Fragrance / Parfum, Coco-Caprylate/Caprate, Prunus Armeniaca (Apricot) Kernel Oil, Simmondsia Chinensis (Jojoba) Seed Oil, Oryza Sativa (Rice) Bran Oil, Camellia Sinensis Seed Oil, Prunus Amygdalus Dulcis (Sweet Almond) Oil, Water / Aqua / Eau, Arginine, Butylene Glycol, Propanediol, 1,2-Hexanediol, Acorus Calamus Root Extract, Ethylhexylglycerin, Sodium Metaphosphate, Camellia Sinensis Leaf Extract Green Tea Amino Acid Cleansing Foam: Water / Aqua / Eau, Glycerin, Myristic Acid, Lauric Acid, Potassium Hydroxide, Stearic Acid, Glyceryl Stearate, Palmitic Acid, Glycol Distearate, Lauryl Hydroxysultaine, Propanediol, Polyquaternium-22, Fragrance / Parfum, Lauryl Glucoside, Sodium Chloride, Disodium Cocoyl Glutamate, 1,2-Hexanediol, Hydrolyzed Corn Starch, Pinus Densiflora Leaf Extract, Sodium Metaphosphate, Arginine, Aspartic Acid, Glutamic Acid, Ethylhexylglycerin, Camellia Sinensis Leaf Extract, Butylene Glycol, Acorus Calamus Root Extract Green Tea Seed Hyaluronic Acid Cream: Water / Aqua / Eau, Propanediol, Glycerin, Stearyl Dimethicone, Methyl Trimethicone, Pentaerythrityl Tetraethylhexanoate, Butylene Glycol Dicaprylate/Dicaprate, Glyceryl Polymethacrylate, 1,2-Hexanediol, Polymethylsilsesquioxane, Squalane, Hydroxyethyl Acrylate/Sodium Acryloyldimethyl Taurate Copolymer, Polyglyceryl-3 Methylglucose Distearate, Carbomer, Hydrogenated Lecithin, Cholesterol, Glyceryl Stearate, Tromethamine, Sodium Stearoyl Glutamate, Lactobacillus Ferment Lysate, Hyaluronic Acid, Panthenol, Allantoin, Sodium Metaphosphate, Camellia Sinensis Seed Oil, Cetearyl Alcohol, Xanthan Gum, Glyceryl Caprylate, Butylene Glycol, Ethylhexylglycerin, Sorbitan Isostearate, Sodium Hyaluronate, Camellia Sinensis Leaf Extract, Madecassoside, Lactic Acid, Dextrin, Theobroma Cacao (Cocoa) Extract, Hydrolyzed Hyaluronic Acid, Sodium Hyaluronate Crosspolymer, Camellia Sinensis Seed Extract, Ceramide NP, Tocopherol, Phytosphingosine, Sodium Acetylated Hyaluronate For informational purposes only. While we endeavor to keep this ingredient list accurate, please be advised that our ingredient list may change. We recommend you refer to the ingredient list on the individual product package for the most up to date ingredient list.",Green Tea Hyaluronic Acid,"[""normal"", ""dry"", ""oily"", ""combination"", ""sensitive""]",[],"[""cleanse"", ""hydrate""]",cream,,,https://us.innisfree.com/cdn/shop/files/GTCleanse_Hydrate_1080x1080_0111703c-8af8-4d24-a371-477cbcd82fd7.jpg?v=1771005447,https://us.innisfree.com/products/green-tea-mini-double-cleanse-hydrate-trio,,80,true,true,[],[],[],"[""skin_concerns"", ""usage_instruction"", ""warnings""]","{""care_goals"": [], ""category"": [], ""skin_concerns"": [], ""skin_types"": []}",USD,,0.3.0,2026-09-15T14:40:23.214032+00:00,
231171646,Green Tea Panthenol Calming Toner Pads,innisfree,toner,25.00,USD,5.74floz,Lock in hydration + cool skin with our lightweight Korean toner pads. Your skin will instantly soak up skin-quenching amino acids and antioxidants from Green Tea Water + feel the soothing relief of Panthenol. Skin will be left calm and refreshed with no sticky finish.,AM & PM Hydration Soothing AM & PM Hydration Soothing,"Key Ingredients: Green Tea + Hyaluronic Acid: Hydrate and help retain skin’s moisture Panthenol + Allantoin : Soothe Erythritol : Provides a cooling effect Full Ingredient List: Water / Aqua / Eau, Glycerin, Methylpropanediol, Butylene Glycol, 1,2-Hexanediol, Xylitol, Erythritol, Propanediol, Allantoin, Ethylhexylglycerin, Panthenol, Xanthan Gum, Polyglyceryl-10 Laurate, Polyglyceryl-10 Myristate, Sodium Hyaluronate, Sodium Phytate, Biosaccharide Gum-1, Aloe Barbadensis Leaf Extract, Eucalyptus Globulus Leaf Extract, Mentha Arvensis Extract, Cymbopogon Citratus Extract, Citric Acid, Hyaluronic Acid, Sodium Metaphosphate, Camellia Sinensis Leaf Extract, Sodium Citrate, Capryloyl Salicylic Acid, Propylene Glycol, Glyceryl Oleate, Tromethamine, Tocopherol, Lecithin, Lauryl Glucoside, Hydrolyzed Hyaluronic Acid, Polyglyceryl-6 Laurate, Myristyl Glucoside, Sodium Hyaluronate Crosspolymer, Glyceryl Caprylate, Sodium Trimetaphosphate, Sodium Acetylated Hyaluronate. For informational purposes only. While we endeavor to keep this ingredient list accurate, please be advised that our ingredient list may change. We recommend you refer to the ingredient list on the individual product package for the most up to date ingredient list. Key Ingredients: Green Tea + Hyaluronic Acid: Hydrate and help retain skin’s moisture Panthenol + Allantoin : Soothe Erythritol : Provides a cooling effect Full Ingredient List: Water / Aqua / Eau, Glycerin, Methylpropanediol, Butylene Glycol, 1,2-Hexanediol, Xylitol, Erythritol, Propanediol, Allantoin, Ethylhexylglycerin, Panthenol, Xanthan Gum, Polyglyceryl-10 Laurate, Polyglyceryl-10 Myristate, Sodium Hyaluronate, Sodium Phytate, Biosaccharide Gum-1, Aloe Barbadensis Leaf Extract, Eucalyptus Globulus Leaf Extract, Mentha Arvensis Extract, Cymbopogon Citratus Extract, Citric Acid, Hyaluronic Acid, Sodium Metaphosphate, Camellia Sinensis Leaf Extract, Sodium Citrate, Capryloyl Salicylic Acid, Propylene Glycol, Glyceryl Oleate, Tromethamine, Tocopherol, Lecithin, Lauryl Glucoside, Hydrolyzed Hyaluronic Acid, Polyglyceryl-6 Laurate, Myristyl Glucoside, Sodium Hyaluronate Crosspolymer, Glyceryl Caprylate, Sodium Trimetaphosphate, Sodium Acetylated Hyaluronate. For informational purposes only. While we endeavor to keep this ingredient list accurate, please be advised that our ingredient list may change. We recommend you refer to the ingredient list on the individual product package for the most up to date ingredient list.",Allantoin Erythritol Green Tea Hyaluronic Acid Panthenol,"[""normal"", ""dry"", ""oily"", ""combination"", ""sensitive""]",[],"[""cleanse"", ""hydrate"", ""soothe""]",pads,"Quick + Easy, All-Over Visible Hydration After cleansing, sweep over face and neck Targeted Instant Cooling Hydration Apply to areas of concern for 5-10 minutes as mini sheet masks Quick + Easy, All-Over Visible Hydration After cleansing, sweep over face and neck Quick + Easy, All-Over Visible Hydration After cleansing, sweep over face and neck Targeted Instant Cooling Hydration Apply to areas of concern for 5-10 minutes as mini sheet masks Targeted Instant Cooling Hydration Apply to areas of concern for 5-10 minutes as mini sheet masks",,https://us.innisfree.com/cdn/shop/files/1_IF_GT-TP-NoTexture_Packshot_1080x1080_d7c18424-f218-4a0a-bf52-1a511b876028.jpg?v=1782409296,https://us.innisfree.com/products/green-tea-panthenol-calming-toner-pads,,86,true,true,[],[],[],"[""skin_concerns"", ""warnings""]","{""care_goals"": [], ""category"": [], ""skin_concerns"": [], ""skin_types"": []}",USD,,0.3.0,2026-09-15T14:40:26.473131+00:00,
231171671,Green Tea Panthenol Gel Cream,innisfree,moisturizer,30.00,USD,1.69floz,"Reduce excess oil for a balanced complexion with our lightweight Korean gel cream. Infused with our Oil Comfort Complex™, it helps manage moisture levels while non-menthol cooling agents give skin an instant refresh. Balance oily skin for a fresh finish with less shine.",AM & PM Soothing AM & PM Soothing,"Key Ingredients: Oil Comfort Complex™ (Inositol, Silica, and LHA): Reduce excess sebum and dead skin cells Super Green Tea™: Delivers balanced hydration Panthenol + Soothing Capsules (Squalane, Phytosterol, and Vitamin E): Calm skin Erythritol : Provides cooling sensation Full Ingredient List: Water / Aqua / Eau, Propanediol, Camellia Sinensis Leaf Water, Caprylic/Capric Triglyceride, Dimethicone, Glycerin, 1,2-Hexanediol, Squalane, Xylitol, Erythritol, Panthenol, Behenyl Alcohol, Tromethamine, Butylene Glycol, Carbomer, Acrylates/C1030 Alkyl Acrylate Crosspolymer, Arachidyl Alcohol, Ethylhexylglycerin, Pentylene Glycol, Arachidyl Glucoside, Sodium Gluconate, Phytosterols, Tocopherol, Coptis Japonica Root Extract, Sodium Metaphosphate, Polyglyceryl10 Oleate, Guaiazulene, Inositol, Hydrogenated Lecithin, Silica, Capryloyl Salicylic Acid, Polyglyceryl-10 Stearate, Camellia Sinensis Leaf Extract, Methicone, Sodium Stearoylglutamate, Camellia Sinensis Seed Oil, Oryza Sativa (Rice) Bran Oil. For informational purposes only. While we endeavor to keep this ingredient list accurate, please be advised that our ingredient list may change. We recommend you refer to the ingredient list on the individual product package for the most up to date ingredient list. Key Ingredients: Oil Comfort Complex™ (Inositol, Silica, and LHA): Reduce excess sebum and dead skin cells Super Green Tea™: Delivers balanced hydration Panthenol + Soothing Capsules (Squalane, Phytosterol, and Vitamin E): Calm skin Erythritol : Provides cooling sensation Full Ingredient List: Water / Aqua / Eau, Propanediol, Camellia Sinensis Leaf Water, Caprylic/Capric Triglyceride, Dimethicone, Glycerin, 1,2-Hexanediol, Squalane, Xylitol, Erythritol, Panthenol, Behenyl Alcohol, Tromethamine, Butylene Glycol, Carbomer, Acrylates/C1030 Alkyl Acrylate Crosspolymer, Arachidyl Alcohol, Ethylhexylglycerin, Pentylene Glycol, Arachidyl Glucoside, Sodium Gluconate, Phytosterols, Tocopherol, Coptis Japonica Root Extract, Sodium Metaphosphate, Polyglyceryl10 Oleate, Guaiazulene, Inositol, Hydrogenated Lecithin, Silica, Capryloyl Salicylic Acid, Polyglyceryl-10 Stearate, Camellia Sinensis Leaf Extract, Methicone, Sodium Stearoylglutamate, Camellia Sinensis Seed Oil, Oryza Sativa (Rice) Bran Oil. For informational purposes only. While we endeavor to keep this ingredient list accurate, please be advised that our ingredient list may change. We recommend you refer to the ingredient list on the individual product package for the most up to date ingredient list.","Erythritol, Oil Comfort Complex™, Panthenol, Soothing Capsules, Super Green Tea™","[""normal"", ""dry"", ""oily"", ""combination"", ""sensitive""]","[""oiliness""]","[""hydrate"", ""soothe""]",gel-cream,,,https://us.innisfree.com/cdn/shop/files/1_PDP_GT-PGC_Packshot_1080x1080_c8e8aa37-74df-44a4-bd02-ddcd77252704.jpg?v=1782407537,https://us.innisfree.com/products/green-tea-panthenol-gel-cream,,90,true,true,[],[],[],"[""usage_instruction"", ""warnings""]","{""care_goals"": [], ""category"": [], ""skin_concerns"": [], ""skin_types"": []}",USD,,0.3.0,2026-09-15T14:40:28.367962+00:00,
231171610,Green Tea PDRN™ Bounce Booster Eye & Lip Serum,innisfree,serum,26.00,USD,0.50floz,"Smooth early fine lines + wrinkles while boosting skin’s elasticity with our innovative eye + lip serum inspired by the viral Korean PDRN treatment. Green Tea PDRN™, Green Tea Exosomes, + gentle Encapsulated Retinol Complex target delicate fine lines around eyes + lips. You can even use directly on lips for a fuller pout!",AM & PM Visibly Firms AM & PM Visibly Firms,"Key Ingredients: Green Tea PDRN™ (15% Concentration): A vegan alternative to salmon-derived PDRN sourced from Jeju Island Green Tea to help boost skin rejuvenation ​ Green Tea Exosomes + Peptide Complex: Help improve elasticity 1% Encapsulated Retinol Complex: Pure retinol, encapsulated retinol and retinoid help firm skin & improve the look of fine lines Full Ingredient List: Water / Aqua / Eau, Lactobacillus Ferment Lysate*, Butylene Glycol, Propanediol, Pentaerythrityl Tetraethylhexanoate, Squalane, Methyl Trimethicone, Glycerin, Niacinamide, Glyceryl Stearate Citrate, Cetearyl Alcohol, PVP, Butyrospermum Parkii (Shea) Butter, 1,2-Hexanediol, Glyceryl Stearate, Hydrogenated Vegetable Oil, Synthetic Wax, Helianthus Annuus (Sunflower) Seed Oil, Palmitic Acid, Stearic Acid, Polyacrylate-13, Glycine Soja (Soybean) Oil, Cetearyl Glucoside, Tocopherol, Polyisobutene, Ethylhexylglycerin, Ethylene/Propylene Copolymer, Daucus Carota Sativa (Carrot) Root Extract, Sodium Polyacrylate, Kojyl Methylenedioxycinnamate, Polyglyceryl-6 Caprylate, Adenosine, Retinol, Polysorbate 20, Sodium Metaphosphate, Sorbitan Isostearate, Lactobacillus Extracellular Vesicles, Polyglyceryl-10 Laurate, Caprylyl Glycol, Lecithin, Pullulan, Beta-Carotene, Tromethamine, Acetyl Heptapeptide-4, Zein, Acetyl Tetrapeptide-2, Pectin, Acetyl Hexapeptide-8, Sodium Hydroxide, Acetyl Octapeptide-3. *Green Tea PDRN™- A proprietary Green Tea probiotic-derived lactobacillus ferment lysate that helps visibly rejuvenate skin. For informational purposes only. While we endeavor to keep this ingredient list accurate, please be advised that our ingredient list may change. We recommend you refer to the ingredient list on the individual product package for the most up to date ingredient list. Key Ingredients: Green Tea PDRN™ (15% Concentration): A vegan alternative to salmon-derived PDRN sourced from Jeju Island Green Tea to help boost skin rejuvenation ​ Green Tea Exosomes + Peptide Complex: Help improve elasticity 1% Encapsulated Retinol Complex: Pure retinol, encapsulated retinol and retinoid help firm skin & improve the look of fine lines Full Ingredient List: Water / Aqua / Eau, Lactobacillus Ferment Lysate*, Butylene Glycol, Propanediol, Pentaerythrityl Tetraethylhexanoate, Squalane, Methyl Trimethicone, Glycerin, Niacinamide, Glyceryl Stearate Citrate, Cetearyl Alcohol, PVP, Butyrospermum Parkii (Shea) Butter, 1,2-Hexanediol, Glyceryl Stearate, Hydrogenated Vegetable Oil, Synthetic Wax, Helianthus Annuus (Sunflower) Seed Oil, Palmitic Acid, Stearic Acid, Polyacrylate-13, Glycine Soja (Soybean) Oil, Cetearyl Glucoside, Tocopherol, Polyisobutene, Ethylhexylglycerin, Ethylene/Propylene Copolymer, Daucus Carota Sativa (Carrot) Root Extract, Sodium Polyacrylate, Kojyl Methylenedioxycinnamate, Polyglyceryl-6 Caprylate, Adenosine, Retinol, Polysorbate 20, Sodium Metaphosphate, Sorbitan Isostearate, Lactobacillus Extracellular Vesicles, Polyglyceryl-10 Laurate, Caprylyl Glycol, Lecithin, Pullulan, Beta-Carotene, Tromethamine, Acetyl Heptapeptide-4, Zein, Acetyl Tetrapeptide-2, Pectin, Acetyl Hexapeptide-8, Sodium Hydroxide, Acetyl Octapeptide-3. *Green Tea PDRN™- A proprietary Green Tea probiotic-derived lactobacillus ferment lysate that helps visibly rejuvenate skin. For informational purposes only. While we endeavor to keep this ingredient list accurate, please be advised that our ingredient list may change. We recommend you refer to the ingredient list on the individual product package for the most up to date ingredient list. Green Tea Exosomes + Peptide Complex: Help improve elasticity 1% Encapsulated Retinol Complex: Pure retinol, encapsulated retinol and retinoid help firm skin & improve the look of fine lines Full Ingredient List: Water / Aqua / Eau, Lactobacillus Ferment Lysate*, Butylene Glycol, Propanediol, Pentaerythrityl Tetraethylhexanoate, Squalane, Methyl Trimethicone, Glycerin, Niacinamide, Glyceryl Stearate Citrate, Cetearyl Alcohol, PVP, Butyrospermum Parkii (Shea) Butter, 1,2-Hexanediol, Glyceryl Stearate, Hydrogenated Vegetable Oil, Synthetic Wax, Helianthus Annuus (Sunflower) Seed Oil, Palmitic Acid, Stearic Acid, Polyacrylate-13, Glycine Soja (Soybean) Oil, Cetearyl Glucoside, Tocopherol, Polyisobutene, Ethylhexylglycerin, Ethylene/Propylene Copolymer, Daucus Carota Sativa (Carrot) Root Extract, Sodium Polyacrylate, Kojyl Methylenedioxycinnamate, Polyglyceryl-6 Caprylate, Adenosine, Retinol, Polysorbate 20, Sodium Metaphosphate, Sorbitan Isostearate, Lactobacillus Extracellular Vesicles, Polyglyceryl-10 Laurate, Caprylyl Glycol, Lecithin, Pullulan, Beta-Carotene, Tromethamine, Acetyl Heptapeptide-4, Zein, Acetyl Tetrapeptide-2, Pectin, Acetyl Hexapeptide-8, Sodium Hydroxide, Acetyl Octapeptide-3. *Green Tea PDRN™- A proprietary Green Tea probiotic-derived lactobacillus ferment lysate that helps visibly rejuvenate skin. For informational purposes only. While we endeavor to keep this ingredient list accurate, please be advised that our ingredient list may change. We recommend you refer to the ingredient list on the individual product package for the most up to date ingredient list.",Green Tea PDRN™ Peptide Retinol,"[""normal"", ""dry"", ""oily"", ""combination"", ""sensitive""]","[""aging""]","[""anti_aging""]",serum,,,https://us.innisfree.com/cdn/shop/files/01_IF_R-PDRN-EL-Packshot_15ml_2025_011080x1080_1_cb50e374-d65a-4c6a-8aca-daf9284d589b.jpg?v=1768918199,https://us.innisfree.com/products/green-tea-pdrn-bounce-booster-eye-lip-serum,,90,true,true,[],[],[],"[""usage_instruction"", ""warnings""]","{""care_goals"": [], ""category"": [], ""skin_concerns"": [], ""skin_types"": []}",USD,,0.3.0,2026-09-15T14:40:30.129376+00:00,
231171655,Green Tea PDRN™ Starter Set,innisfree,toner,39.00,USD,60ml,"Visibly smooth, firm, + plump skin for a revitalized complexion with our mini Green Tea PDRN™ routine. Start with Toner, follow up with Serum, + finish with Eye & Lip Serum.",AM & PM Glow Visibly Firms AM & PM Glow Visibly Firms,"Key Ingredient: Green Tea PDRN™ : Boosts skin rejuvenation​ Retinol Green Tea PDRN™ Skinbooster Toner ​ : Types of Hyaluronic Acid: Moisturize Retinol Green Tea PDRN™ Firming Serum​ : 1% Triple Retinol Complex™: Promotes cell turnover for instant smoothing + firming. Green Tea PDRN™ Bounce Booster Eye & Lip Serum : Green Tea Exosomes + Peptide Complex: Visibly improves skin elasticity Full Ingredient List: Retinol Green Tea PDRN™ Skinbooster Toner ​: Water / Aqua / Eau, Butylene Glycol, Lactobacillus Ferment Lysate*, Glycerin, Niacinamide, Polyglycerin-3, 1,2-Hexanediol, Propanediol, Ppg-13-Decyltetradeceth-24, Glycine Soja (Soybean) Oil, Ethylhexylglycerin, Panthenol, Adenosine, Sodium Polyacrylate, Sodium Metaphosphate, Retinol, Tocopherol, Sodium Hyaluronate, Camellia Sinensis Leaf Extract, Hydrolyzed Hyaluronic Acid, Sodium Hyaluronate Crosspolymer, Hyaluronic Acid, Sodium Acetylated Hyaluronate *Green Tea PDRN™- A proprietary Green Tea probiotic-derived lactobacillus ferment lysate that helps visibly rejuvenate skin. Retinol Green Tea PDRN™ Firming Serum​ : Lactobacillus Ferment Ly­sate*, Glycerin, Propanediol, Water / Aq­ua / Eau, Dipropylene Glycol, Butylene Glycol, Niacinamide, 1,2­Hexanediol, Sq­ualane, Glyceryl Polymethacrylate, Dimethyl Isosorbide, Methyl Trimethico­ne, Cetearyl Alcohol, Hydroxyethyl U­rea, Ammonium Acryloyldimethyltaur­ate/VP Copolymer, Helianthus Annuus (Sunflower) Seed Oil, Glycine Soja (Soy ­Bean) Oil, Allantoin, Glyceryl Stearate, Xanthan Gum, Tocopherol, Tocopherylacetate, Pentylene Glycol, Dipotassium Glycyrrhizate, Sodium Stearoyl Gluta­mate, Hydrogenated Lecithin, Daucus Carota Sativa (Carrot) Root Extract, Hydroxypinacolone Retinoate, Stear­ic Acid, Polyglyceryl­3 Methylglucose Distearate, Sodium Polyacrylate, Sodium Metaphosphate, Kojyl Methylened­ioxycinnamate, Palmitic Acid, Ethylhe­xylglycerin, Adenosine, Retinol, Sodiu­m Hyaluronate, Hyaluronic Acid, Hyd­rolyzed Vegetable Protein, Achillea Mi­llefolium Extract, Beta­carotene, My­ristic Acid, Lauric Acid, Pullulan, Zein, Camellia Sinensis Leaf Extract, Pectin, Citric Acid *Green Tea PDRN™- A proprietary Green Tea probiotic-derived lactobacillus ferment lysate that helps visibly rejuvenate skin. Green Tea PDRN™ Bounce Booster Eye & Lip Serum: Water / Aqua / Eau, Lactobacillus Ferment Lysate*, Butylene Glycol, Propanediol, Pentaerythrityl Tetraethylhexanoate, Squalane, Methyl Trimethicone, Glycerin, Niacinamide, Glyceryl Stearate Citrate, Cetearyl Alcohol, PVP, Butyrospermum Parkii (Shea) Butter, 1,2-Hexanediol, Glyceryl Stearate, Hydrogenated Vegetable Oil, Synthetic Wax, Helianthus Annuus (Sunflower) Seed Oil, Palmitic Acid, Stearic Acid, Polyacrylate-13, Glycine Soja (Soybean) Oil, Cetearyl Glucoside, Tocopherol, Polyisobutene, Ethylhexylglycerin, Ethylene/Propylene Copolymer, Daucus Carota Sativa (Carrot) Root Extract, Sodium Polyacrylate, Kojyl Methylenedioxycinnamate, Polyglyceryl-6 Caprylate, Adenosine, Retinol, Polysorbate 20, Sodium Metaphosphate, Sorbitan Isostearate, Lactobacillus Extracellular Vesicles, Polyglyceryl-10 Laurate, Caprylyl Glycol, Lecithin, Pullulan, Beta-Carotene, Tromethamine, Acetyl Heptapeptide-4, Zein, Acetyl Tetrapeptide-2, Pectin, Acetyl Hexapeptide-8, Sodium Hydroxide, Acetyl Octapeptide-3. *Green Tea PDRN™- A proprietary Green Tea probiotic-derived lactobacillus ferment lysate that helps visibly rejuvenate skin. For informational purposes only. While we endeavor to keep this ingredient list accurate, please be advised that our ingredient list may change. We recommend you refer to the ingredient list on the individual product package for the most up to date ingredient list. Key Ingredient: Green Tea PDRN™ : Boosts skin rejuvenation​ Retinol Green Tea PDRN™ Skinbooster Toner ​ : Types of Hyaluronic Acid: Moisturize Retinol Green Tea PDRN™ Firming Serum​ : 1% Triple Retinol Complex™: Promotes cell turnover for instant smoothing + firming. Green Tea PDRN™ Bounce Booster Eye & Lip Serum : Green Tea Exosomes + Peptide Complex: Visibly improves skin elasticity Full Ingredient List: Retinol Green Tea PDRN™ Skinbooster Toner ​: Water / Aqua / Eau, Butylene Glycol, Lactobacillus Ferment Lysate*, Glycerin, Niacinamide, Polyglycerin-3, 1,2-Hexanediol, Propanediol, Ppg-13-Decyltetradeceth-24, Glycine Soja (Soybean) Oil, Ethylhexylglycerin, Panthenol, Adenosine, Sodium Polyacrylate, Sodium Metaphosphate, Retinol, Tocopherol, Sodium Hyaluronate, Camellia Sinensis Leaf Extract, Hydrolyzed Hyaluronic Acid, Sodium Hyaluronate Crosspolymer, Hyaluronic Acid, Sodium Acetylated Hyaluronate *Green Tea PDRN™- A proprietary Green Tea probiotic-derived lactobacillus ferment lysate that helps visibly rejuvenate skin. Retinol Green Tea PDRN™ Firming Serum​ : Lactobacillus Ferment Ly­sate*, Glycerin, Propanediol, Water / Aq­ua / Eau, Dipropylene Glycol, Butylene Glycol, Niacinamide, 1,2­Hexanediol, Sq­ualane, Glyceryl Polymethacrylate, Dimethyl Isosorbide, Methyl Trimethico­ne, Cetearyl Alcohol, Hydroxyethyl U­rea, Ammonium Acryloyldimethyltaur­ate/VP Copolymer, Helianthus Annuus (Sunflower) Seed Oil, Glycine Soja (Soy ­Bean) Oil, Allantoin, Glyceryl Stearate, Xanthan Gum, Tocopherol, Tocopherylacetate, Pentylene Glycol, Dipotassium Glycyrrhizate, Sodium Stearoyl Gluta­mate, Hydrogenated Lecithin, Daucus Carota Sativa (Carrot) Root Extract, Hydroxypinacolone Retinoate, Stear­ic Acid, Polyglyceryl­3 Methylglucose Distearate, Sodium Polyacrylate, Sodium Metaphosphate, Kojyl Methylened­ioxycinnamate, Palmitic Acid, Ethylhe­xylglycerin, Adenosine, Retinol, Sodiu­m Hyaluronate, Hyaluronic Acid, Hyd­rolyzed Vegetable Protein, Achillea Mi­llefolium Extract, Beta­carotene, My­ristic Acid, Lauric Acid, Pullulan, Zein, Camellia Sinensis Leaf Extract, Pectin, Citric Acid *Green Tea PDRN™- A proprietary Green Tea probiotic-derived lactobacillus ferment lysate that helps visibly rejuvenate skin. Green Tea PDRN™ Bounce Booster Eye & Lip Serum: Water / Aqua / Eau, Lactobacillus Ferment Lysate*, Butylene Glycol, Propanediol, Pentaerythrityl Tetraethylhexanoate, Squalane, Methyl Trimethicone, Glycerin, Niacinamide, Glyceryl Stearate Citrate, Cetearyl Alcohol, PVP, Butyrospermum Parkii (Shea) Butter, 1,2-Hexanediol, Glyceryl Stearate, Hydrogenated Vegetable Oil, Synthetic Wax, Helianthus Annuus (Sunflower) Seed Oil, Palmitic Acid, Stearic Acid, Polyacrylate-13, Glycine Soja (Soybean) Oil, Cetearyl Glucoside, Tocopherol, Polyisobutene, Ethylhexylglycerin, Ethylene/Propylene Copolymer, Daucus Carota Sativa (Carrot) Root Extract, Sodium Polyacrylate, Kojyl Methylenedioxycinnamate, Polyglyceryl-6 Caprylate, Adenosine, Retinol, Polysorbate 20, Sodium Metaphosphate, Sorbitan Isostearate, Lactobacillus Extracellular Vesicles, Polyglyceryl-10 Laurate, Caprylyl Glycol, Lecithin, Pullulan, Beta-Carotene, Tromethamine, Acetyl Heptapeptide-4, Zein, Acetyl Tetrapeptide-2, Pectin, Acetyl Hexapeptide-8, Sodium Hydroxide, Acetyl Octapeptide-3. *Green Tea PDRN™- A proprietary Green Tea probiotic-derived lactobacillus ferment lysate that helps visibly rejuvenate skin. For informational purposes only. While we endeavor to keep this ingredient list accurate, please be advised that our ingredient list may change. We recommend you refer to the ingredient list on the individual product package for the most up to date ingredient list. Retinol Green Tea PDRN™ Firming Serum​ : Lactobacillus Ferment Ly­sate*, Glycerin, Propanediol, Water / Aq­ua / Eau, Dipropylene Glycol, Butylene Glycol, Niacinamide, 1,2­Hexanediol, Sq­ualane, Glyceryl Polymethacrylate, Dimethyl Isosorbide, Methyl Trimethico­ne, Cetearyl Alcohol, Hydroxyethyl U­rea, Ammonium Acryloyldimethyltaur­ate/VP Copolymer, Helianthus Annuus (Sunflower) Seed Oil, Glycine Soja (Soy ­Bean) Oil, Allantoin, Glyceryl Stearate, Xanthan Gum, Tocopherol, Tocopherylacetate, Pentylene Glycol, Dipotassium Glycyrrhizate, Sodium Stearoyl Gluta­mate, Hydrogenated Lecithin, Daucus Carota Sativa (Carrot) Root Extract, Hydroxypinacolone Retinoate, Stear­ic Acid, Polyglyceryl­3 Methylglucose Distearate, Sodium Polyacrylate, Sodium Metaphosphate, Kojyl Methylened­ioxycinnamate, Palmitic Acid, Ethylhe­xylglycerin, Adenosine, Retinol, Sodiu­m Hyaluronate, Hyaluronic Acid, Hyd­rolyzed Vegetable Protein, Achillea Mi­llefolium Extract, Beta­carotene, My­ristic Acid, Lauric Acid, Pullulan, Zein, Camellia Sinensis Leaf Extract, Pectin, Citric Acid *Green Tea PDRN™- A proprietary Green Tea probiotic-derived lactobacillus ferment lysate that helps visibly rejuvenate skin. Green Tea PDRN™ Bounce Booster Eye & Lip Serum: Water / Aqua / Eau, Lactobacillus Ferment Lysate*, Butylene Glycol, Propanediol, Pentaerythrityl Tetraethylhexanoate, Squalane, Methyl Trimethicone, Glycerin, Niacinamide, Glyceryl Stearate Citrate, Cetearyl Alcohol, PVP, Butyrospermum Parkii (Shea) Butter, 1,2-Hexanediol, Glyceryl Stearate, Hydrogenated Vegetable Oil, Synthetic Wax, Helianthus Annuus (Sunflower) Seed Oil, Palmitic Acid, Stearic Acid, Polyacrylate-13, Glycine Soja (Soybean) Oil, Cetearyl Glucoside, Tocopherol, Polyisobutene, Ethylhexylglycerin, Ethylene/Propylene Copolymer, Daucus Carota Sativa (Carrot) Root Extract, Sodium Polyacrylate, Kojyl Methylenedioxycinnamate, Polyglyceryl-6 Caprylate, Adenosine, Retinol, Polysorbate 20, Sodium Metaphosphate, Sorbitan Isostearate, Lactobacillus Extracellular Vesicles, Polyglyceryl-10 Laurate, Caprylyl Glycol, Lecithin, Pullulan, Beta-Carotene, Tromethamine, Acetyl Heptapeptide-4, Zein, Acetyl Tetrapeptide-2, Pectin, Acetyl Hexapeptide-8, Sodium Hydroxide, Acetyl Octapeptide-3. *Green Tea PDRN™- A proprietary Green Tea probiotic-derived lactobacillus ferment lysate that helps visibly rejuvenate skin. For informational purposes only. While we endeavor to keep this ingredient list accurate, please be advised that our ingredient list may change. We recommend you refer to the ingredient list on the individual product package for the most up to date ingredient list.",Green Tea PDRN™ Retinol,"[""normal"", ""dry"", ""oily"", ""combination"", ""sensitive""]",[],"[""brighten""]",serum,,,https://us.innisfree.com/cdn/shop/files/IF_PDP_PDRN_Packshot.jpg?v=1782835822,https://us.innisfree.com/products/green-tea-pdrn-starter-set,,80,true,true,[],[],[],"[""skin_concerns"", ""usage_instruction"", ""warnings""]","{""care_goals"": [], ""category"": [], ""skin_concerns"": [], ""skin_types"": []}",USD,,0.3.0,2026-09-15T14:40:35.362818+00:00,
231171643,Green Tea Seed Hyaluronic Serum - Face Serum - 130ML,innisfree,serum,25.00,USD,130ml,"Experience deep hydration with our Green Tea Serum, formulated with a skin-quenching blend that provides moisture while strengthening the skin barrier. This lightweight facial serum delivers lasting hydration and a healthy, radiant complexion for all skin types. We took tons of empties + transformed them into recycled packaging! There’s 25% innisfree recycled glass in every Green Tea Serum Jumbo bottle* *This packaging contains recycled glass from Innisfree's BOTTLE RE:PLAY campaign. A total of 6.86 tons of Innisfree glass bottles were collected, with a portion repurposed for the MakitoyLTD production:, making up 25% of the glass used in each serum bottle. The material composition per LTD unit is as follows: 40% virgin glass + 35% PCR glass + 25% Innisfree recycled glass.",AM & PM Glow Hydration AM & PM Glow Hydration,"Key Ingredients: Green Tea Water + Encapsulated Hyaluronic Acid: Amplified hydro-synergy creating higher hydration power than Hyaluronic Acid alone Green Tea Tri-biotics™: Helps support, strengthen, and balance skin's microbiome Panthenol: Hydrates and helps fortify skin's moisture barrier Niacinamide: Helps achieve a healthy looking glow Full Ingredient List: Water / Aqua / Eau, Propanediol, Glycerin, 1,2-Hexanediol, Niacinamide, Betaine, Saccharide Isomerate, Camellia Sinensis Seed Oil, Xylitol, Cetearyl Olivate, Hydrogenated Lecithin, Butylene Glycol, Sorbitan Olivate, Lactobacillus Ferment Lysate, Acrylates/C10-30 Alkyl Acrylate Crosspolymer, Squalane, Panthenol, Allantoin, Hydroxyethyl Acrylate/Sodium Acryloyldimethyl Taurate Copolymer, Tromethamine, Ethylhexylglycerin, Ceratonia Siliqua (Carob) Gum, Sodium Metaphosphate, Camellia Sinensis Leaf Extract, Dipotassium Glycyrrhizate, Sodium Hyaluronate, Hyaluronic Acid, Dextrin, Theobroma Cacao (Cocoa) Extract, 3-O-Ethyl Ascorbic Acid, Sorbitan Isostearate, Sodium Citrate, Citric Acid, Glyceryl Oleate, Tocopherol, Lecithin, Sucrose, Lauryl Glucoside, Polyglyceryl-6 Laurate, Myristyl Glucoside, Xanthan Gum, Lactic Acid, Hydrolyzed Hyaluronic Acid, Sodium Hyaluronate Crosspolymer, Sodium Acetylated Hyaluronate For informational purposes only. While we endeavor to keep this ingredient list accurate, please be advised that our ingredient list may change. We recommend you refer to the ingredient list on the individual product package for the most up to date ingredient list. Key Ingredients: Green Tea Water + Encapsulated Hyaluronic Acid: Amplified hydro-synergy creating higher hydration power than Hyaluronic Acid alone Green Tea Tri-biotics™: Helps support, strengthen, and balance skin's microbiome Panthenol: Hydrates and helps fortify skin's moisture barrier Niacinamide: Helps achieve a healthy looking glow Full Ingredient List: Water / Aqua / Eau, Propanediol, Glycerin, 1,2-Hexanediol, Niacinamide, Betaine, Saccharide Isomerate, Camellia Sinensis Seed Oil, Xylitol, Cetearyl Olivate, Hydrogenated Lecithin, Butylene Glycol, Sorbitan Olivate, Lactobacillus Ferment Lysate, Acrylates/C10-30 Alkyl Acrylate Crosspolymer, Squalane, Panthenol, Allantoin, Hydroxyethyl Acrylate/Sodium Acryloyldimethyl Taurate Copolymer, Tromethamine, Ethylhexylglycerin, Ceratonia Siliqua (Carob) Gum, Sodium Metaphosphate, Camellia Sinensis Leaf Extract, Dipotassium Glycyrrhizate, Sodium Hyaluronate, Hyaluronic Acid, Dextrin, Theobroma Cacao (Cocoa) Extract, 3-O-Ethyl Ascorbic Acid, Sorbitan Isostearate, Sodium Citrate, Citric Acid, Glyceryl Oleate, Tocopherol, Lecithin, Sucrose, Lauryl Glucoside, Polyglyceryl-6 Laurate, Myristyl Glucoside, Xanthan Gum, Lactic Acid, Hydrolyzed Hyaluronic Acid, Sodium Hyaluronate Crosspolymer, Sodium Acetylated Hyaluronate For informational purposes only. While we endeavor to keep this ingredient list accurate, please be advised that our ingredient list may change. We recommend you refer to the ingredient list on the individual product package for the most up to date ingredient list.",Green Tea Hyaluronic Acid Niacinamide,"[""normal"", ""dry"", ""oily"", ""combination"", ""sensitive""]","[""aging""]","[""hydrate"", ""brighten"", ""repair""]",serum,,,http://us.innisfree.com/cdn/shop/files/IF_BottleRePlay_Packshot.jpg?v=1775044946,https://us.innisfree.com/products/green-tea-seed-hyaluronic-serum,,90,true,true,[],[],[],"[""usage_instruction"", ""warnings""]","{""care_goals"": [], ""category"": [], ""skin_concerns"": [], ""skin_types"": []}",USD,,0.3.0,2026-09-15T14:40:43.835650+00:00,
231171519,Orchid Youth-Enriched Cream,innisfree,moisturizer,35.00,USD,50ml,"Revitalize your skin daily with this rejuvenating cream powered by Jeju Orchid, peptides, and adenosine - a glow-boosting blend that helps restore a youthful glow while targeting dryness, fine lines, and dullness. This rich yet lightweight formula deeply hydrates and visibly improves skin texture, making it an ideal choice for anyone looking to strengthen their skin barrier and reveal radiant, healthy-looking skin.",Nourishing Visibly Firms Nourishing Visibly Firms,"Key Ingredients: Orchidelixir TM + Orchid Flavonoids: Anti-aging + antioxidant-rich blend derived from Orchids Plant-Derived Hyaluronic Acid + Peptide + Adenosine: Deeply moisturize + provide firming benefits Plant-Derived Squalane: Helps fortify skin's moisture barrier Full Ingredient List: Water / Aqua / Eau, Cyclopentasiloxane, Propanediol, Glycerin, Cyclohexasiloxane, PEG-10 Dimethicone, Squalane, Niacinamide, Diphenylsiloxy Phenyl Trimethicone, Disteardimonium Hectorite, Sodium Chloride, 1,2-Hexanediol, Lauryl PEG-9 Polydimethylsiloxyethyl Dimethicone, Dimethicone, PolyMineral Oil-11, Dimethicone/Vinyl Dimethicone Crosspolymer, Fragrance / Parfum, Glyceryl Caprylate, Ethylhexylglycerin, Adenosine, Disodium EDTA, Hyaluronic Acid, Hexyl Cinnamal, Betaine, Linalool, Dextrin, Theobroma Cacao (Cocoa) Extract, Glucose, Orchid Extract, Iron Oxides (CI 77491), Tocopherol, Arginine/Lysine Polypeptide For informational purposes only. While we endeavor to keep this ingredient list accurate, please be advised that our ingredient list may change. We recommend you refer to the ingredient list on the individual product package for the most up to date ingredient list. Key Ingredients: Orchidelixir TM + Orchid Flavonoids: Anti-aging + antioxidant-rich blend derived from Orchids Plant-Derived Hyaluronic Acid + Peptide + Adenosine: Deeply moisturize + provide firming benefits Plant-Derived Squalane: Helps fortify skin's moisture barrier Full Ingredient List: Water / Aqua / Eau, Cyclopentasiloxane, Propanediol, Glycerin, Cyclohexasiloxane, PEG-10 Dimethicone, Squalane, Niacinamide, Diphenylsiloxy Phenyl Trimethicone, Disteardimonium Hectorite, Sodium Chloride, 1,2-Hexanediol, Lauryl PEG-9 Polydimethylsiloxyethyl Dimethicone, Dimethicone, PolyMineral Oil-11, Dimethicone/Vinyl Dimethicone Crosspolymer, Fragrance / Parfum, Glyceryl Caprylate, Ethylhexylglycerin, Adenosine, Disodium EDTA, Hyaluronic Acid, Hexyl Cinnamal, Betaine, Linalool, Dextrin, Theobroma Cacao (Cocoa) Extract, Glucose, Orchid Extract, Iron Oxides (CI 77491), Tocopherol, Arginine/Lysine Polypeptide For informational purposes only. While we endeavor to keep this ingredient list accurate, please be advised that our ingredient list may change. We recommend you refer to the ingredient list on the individual product package for the most up to date ingredient list. For informational purposes only. While we endeavor to keep this ingredient list accurate, please be advised that our ingredient list may change. We recommend you refer to the ingredient list on the individual product package for the most up to date ingredient list.",Hyaluronic Acid Niacinamide Orchid,"[""combination"", ""dry"", ""normal""]","[""dryness"", ""aging"", ""dullness""]","[""hydrate"", ""brighten"", ""anti_aging"", ""repair""]",cream,,,https://us.innisfree.com/cdn/shop/files/1IF_O-C_Packshot_2024_1080x1080_01_1.jpg?v=1760450181,https://us.innisfree.com/products/orchid-youth-enriched-cream,,90,true,true,[],[],[],"[""usage_instruction"", ""warnings""]","{""care_goals"": [], ""category"": [], ""skin_concerns"": [], ""skin_types"": []}",USD,,0.3.0,2026-09-15T14:40:53.566867+00:00,
231171518,Orchid Youth-Enriched Eye Cream,innisfree,eye_care,35.00,USD,30ml,"This anti-aging eye cream is a deeply hydrating, firming treatment designed to smooth fine lines and boost elasticity for youthful-looking skin. Infused with Jeju Orchid and niacinamide, this Korean moisturizer delivers targeted hydration and a radiant glow to tired under eyes, helping to refresh and revitalize your skin daily.",Nourishing Visibly Firms Nourishing Visibly Firms,"Key Ingredients: Orchidelixir TM + Orchid Flavonoids: Anti-aging + antioxidant-rich blend derived from Orchids Niacinamide + Caffeine: Help revitalize + improve dullness Plant-Derived Hyaluronic Acid: Provides deep moisturization Full Ingredient List: Water / Aqua / Eau, Butylene Glycol, Glycerin, Squalane, Cetylethylhexanoate, Limnanthes Alba (Meadowfoam) Seed Oil, Copernicia Cerifera (Carnauba) Wax / Copernicia Cerifera Cera / Cire De Carnauba, Niacinamide, Cyclopentasiloxane, Butyrospermum Parkii (Shea) Butter, Glyceryl Stearate, Cyclohexasiloxane, C14-22 Alcohols, 1,2-Hexanediol, Arachidyl Alcohol, Palmitic Acid, Stearic Acid, Cetearyl Alcohol, PEG-100 Stearate, Propanediol, Behenyl Alcohol, Polyacrylate-13, C12-20 Alkyl Glucoside, Arachidyl Glucoside, Fragrance / Parfum, Polyisobutene, Hydrogenated Lecithin, Glyceryl Caprylate, Polyglyceryl-3 Methylglucose Distearate, Ethylhexylglycerin, Xanthan Gum, Disodium EDTA, Adenosine, Polysorbate 20, Sorbitan Isostearate, Avena Sativa (Oat) Kernel Extract, Caffeine, Hyaluronic Acid, Mannitol, Hexyl Cinnamal, Linalool, Betaine, Myristic Acid, Glucose, Orchid Extract, Lauric Acid, Phenoxyethanol, Copper Tripeptide-1, Tocopherol, Acetyl Tetrapeptide-5, Acetyl Tetrapeptide-11 For informational purposes only. While we endeavor to keep this ingredient list accurate, please be advised that our ingredient list may change. We recommend you refer to the ingredient list on the individual product package for the most up to date ingredient list. Key Ingredients: Orchidelixir TM + Orchid Flavonoids: Anti-aging + antioxidant-rich blend derived from Orchids Niacinamide + Caffeine: Help revitalize + improve dullness Plant-Derived Hyaluronic Acid: Provides deep moisturization Full Ingredient List: Water / Aqua / Eau, Butylene Glycol, Glycerin, Squalane, Cetylethylhexanoate, Limnanthes Alba (Meadowfoam) Seed Oil, Copernicia Cerifera (Carnauba) Wax / Copernicia Cerifera Cera / Cire De Carnauba, Niacinamide, Cyclopentasiloxane, Butyrospermum Parkii (Shea) Butter, Glyceryl Stearate, Cyclohexasiloxane, C14-22 Alcohols, 1,2-Hexanediol, Arachidyl Alcohol, Palmitic Acid, Stearic Acid, Cetearyl Alcohol, PEG-100 Stearate, Propanediol, Behenyl Alcohol, Polyacrylate-13, C12-20 Alkyl Glucoside, Arachidyl Glucoside, Fragrance / Parfum, Polyisobutene, Hydrogenated Lecithin, Glyceryl Caprylate, Polyglyceryl-3 Methylglucose Distearate, Ethylhexylglycerin, Xanthan Gum, Disodium EDTA, Adenosine, Polysorbate 20, Sorbitan Isostearate, Avena Sativa (Oat) Kernel Extract, Caffeine, Hyaluronic Acid, Mannitol, Hexyl Cinnamal, Linalool, Betaine, Myristic Acid, Glucose, Orchid Extract, Lauric Acid, Phenoxyethanol, Copper Tripeptide-1, Tocopherol, Acetyl Tetrapeptide-5, Acetyl Tetrapeptide-11 For informational purposes only. While we endeavor to keep this ingredient list accurate, please be advised that our ingredient list may change. We recommend you refer to the ingredient list on the individual product package for the most up to date ingredient list.",Hyaluronic Acid Niacinamide Orchid,"[""normal"", ""dry"", ""oily"", ""combination"", ""sensitive""]","[""aging""]","[""hydrate"", ""brighten"", ""anti_aging""]",cream,,,https://us.innisfree.com/cdn/shop/files/1IF_O-EC_Packshot_2024_1080x1080_01_1_1.jpg?v=1760450639,https://us.innisfree.com/products/orchid-youth-enriched-eye-cream,,90,true,true,[],[],[],"[""usage_instruction"", ""warnings""]","{""care_goals"": [], ""category"": [], ""skin_concerns"": [], ""skin_types"": []}",USD,,0.3.0,2026-09-15T14:40:55.138495+00:00,
231171411,Retinol Cica Focusing Patch 2PK,innisfree,serum,24.00,USD,,"This microneedle acne patch delivers a deep delivery of intensive care with retinol, salicylic acid, Cica, and plant-derived hyaluronic acid to target spots, redness, and uneven texture. Perfect for overnight use, this soothing microneedle patch works as a powerful spot treatment for breakouts, helping to calm redness. The clinically tested formula offers soothing care in a lightweight, targeted solution.",Acne Prone Care AM & PM Soothing Acne Prone Care AM & PM Soothing,"Key Ingredients: Retinol + Salicylic Acid: Visibly improve rough skin texture and clear buildup Cica + Allantoin: Soothe skin and help calm the look of flare-ups Hyaluronic Acid: Derived from soybeans to hydrate Full Ingredient List: Trehalose, Sodium Hyaluronate, Cellulose Gum, Glycerin, Polyglyceryl-10 Laurate, Glycine Soja (Soybean) Oil, Allantoin, Dipotassium Glycyrrhizate, Adenosine, Retinol, Madecassoside, Hyaluronic Acid, Salicylic Acid, Asiaticoside, Madecassic Acid, Asiatic Acid For informational purposes only. While we endeavor to keep this ingredient list accurate, please be advised that our ingredient list may change. We recommend you refer to the ingredient list on the individual product package for the most up to date ingredient list. Key Ingredients: Retinol + Salicylic Acid: Visibly improve rough skin texture and clear buildup Cica + Allantoin: Soothe skin and help calm the look of flare-ups Hyaluronic Acid: Derived from soybeans to hydrate Full Ingredient List: Trehalose, Sodium Hyaluronate, Cellulose Gum, Glycerin, Polyglyceryl-10 Laurate, Glycine Soja (Soybean) Oil, Allantoin, Dipotassium Glycyrrhizate, Adenosine, Retinol, Madecassoside, Hyaluronic Acid, Salicylic Acid, Asiaticoside, Madecassic Acid, Asiatic Acid For informational purposes only. While we endeavor to keep this ingredient list accurate, please be advised that our ingredient list may change. We recommend you refer to the ingredient list on the individual product package for the most up to date ingredient list.",BHA Hyaluronic Acid Retinol,"[""normal"", ""dry"", ""oily"", ""combination"", ""sensitive""]","[""acne"", ""redness"", ""uneven_texture""]","[""anti_acne"", ""soothe""]",patch,,,https://us.innisfree.com/cdn/shop/files/1IF_RC-PBox_Packshot_2024_02_1080x1080_712af0c8-b05e-4101-b60f-b10f22201a21_1.jpg?v=1760459983,https://us.innisfree.com/products/retinol-cica-focusing-patch,,88,true,true,[],[],[],"[""usage_instruction"", ""warnings"", ""volume""]","{""care_goals"": [], ""category"": [], ""skin_concerns"": [], ""skin_types"": []}",USD,,0.3.0,2026-09-15T14:40:56.597020+00:00,
231171455,Retinol Cica Moisture Recovery Serum - Facial Serum,innisfree,serum,37.00,USD,1.01floz,A beginner retinol serum with cica that helps soothe + visibly smooth away dead skin cells.,AM & PM,"Key Ingredients: Retinol: Helps visibly improve rough skin texture Jeju Cica Liposomlogy™: Cushions formula with ceramide + soybean-derived hyaluronic acid Centella Asiatica: A blend of asiaticoside, madecassic acid and asiatic acid that help soothe skin Full Ingredient List: Water / Aqua / Eau, Glycerin, Propanediol, Niacinamide, Dibutyl Adipate, Butylene Glycol, Caprylic/Capric Triglyceride, 1,2-Hexanediol, Hydrogenated Lecithin, Ammonium Acryloyldimethyltaurate/VP Copolymer, Helianthus Annuus (Sunflower) Seed Oil, Cholesterol, Allantoin, Glycine Soja (Soybean) Oil, Tocopherol, Tocopheryl Acetate, Sodium Methyl Stearoyl Taurate, Daucus Carota Sativa (Carrot) Root Extract, Pentylene Glycol, Ethylhexylglycerin, Adenosine, Asiaticoside, Madecassic Acid, Camellia Sinensis Seed Extract, Asiatic Acid, Retinol, Stearyl Glycyrrhetinate, Hyaluronic Acid, Mannitol, Ceramide NP, Carbomer, Beta-Glucan, Beta-Carotene, Phytosphingosine, Salicylic Acid, Acacia Senegal Gum, Acetyl Tetrapeptide-11, Propylene Glycol Alginate For informational purposes only. While we endeavor to keep this ingredient list accurate, please be advised that our ingredient list may change. We recommend you refer to the ingredient list on the individual product package for the most up to date ingredient list. Key Ingredients: Retinol: Helps visibly improve rough skin texture Jeju Cica Liposomlogy™: Cushions formula with ceramide + soybean-derived hyaluronic acid Centella Asiatica: A blend of asiaticoside, madecassic acid and asiatic acid that help soothe skin Full Ingredient List: Water / Aqua / Eau, Glycerin, Propanediol, Niacinamide, Dibutyl Adipate, Butylene Glycol, Caprylic/Capric Triglyceride, 1,2-Hexanediol, Hydrogenated Lecithin, Ammonium Acryloyldimethyltaurate/VP Copolymer, Helianthus Annuus (Sunflower) Seed Oil, Cholesterol, Allantoin, Glycine Soja (Soybean) Oil, Tocopherol, Tocopheryl Acetate, Sodium Methyl Stearoyl Taurate, Daucus Carota Sativa (Carrot) Root Extract, Pentylene Glycol, Ethylhexylglycerin, Adenosine, Asiaticoside, Madecassic Acid, Camellia Sinensis Seed Extract, Asiatic Acid, Retinol, Stearyl Glycyrrhetinate, Hyaluronic Acid, Mannitol, Ceramide NP, Carbomer, Beta-Glucan, Beta-Carotene, Phytosphingosine, Salicylic Acid, Acacia Senegal Gum, Acetyl Tetrapeptide-11, Propylene Glycol Alginate For informational purposes only. While we endeavor to keep this ingredient list accurate, please be advised that our ingredient list may change. We recommend you refer to the ingredient list on the individual product package for the most up to date ingredient list.",BHA Retinol,"[""normal"", ""dry"", ""oily"", ""combination"", ""sensitive""]",[],"[""soothe"", ""exfoliate""]",serum,,,https://us.innisfree.com/cdn/shop/files/01_IF_RC-S_Packshot_2024_01_1080x1080_97dfceff-1091-4bc8-9aa7-691f6c878225_1.jpg?v=1759872787,https://us.innisfree.com/products/retinol-cica-moisture-recovery-serum,,80,true,true,[],[],[],"[""skin_concerns"", ""usage_instruction"", ""warnings""]","{""care_goals"": [], ""category"": [], ""skin_concerns"": [], ""skin_types"": []}",USD,,0.3.0,2026-09-15T14:40:58.134187+00:00,
231171563,Retinol Green Tea PDRN™ Firming Serum - 25ML,innisfree,serum,37.00,USD,25ml,"Discover the power of Green Tea PDRN™ inspired by the viral K-Beauty PDRN treatment. This vegan formula combines a 1% Triple Retinol Complex with 56% Green Tea PDRN™ to visibly firm skin, reduce fine lines, and boost elasticity for smoother, youthful-looking skin. Designed as a firming face serum that supports the skin barrier, it delivers hydration and renewal without irritation, ideal even as a retinol serum for sensitive skin. Experience this hydrating anti-aging treatment that helps refine texture, restore radiance, and reveal a more lifted, resilient complexion.",AM & PM Visibly Firms AM & PM Visibly Firms,"Key Ingredients: Green Tea PDRN™ (56% concentration): A vegan alternative to salmon-derived PDRN sourced from Jeju Island Green Tea to help promote healthy skin turnover + rejuvenate skin 1% Triple Retinol Complex™: A blend of pure retinol & dual retinoids that more effectively + gently delivers stable antioxidant & antiaging benefits than traditional retinol​ Low Molecular Hyaluronic Acid: Deeply hydrates​ Green Tea Peptides: Soothe skin​ Lethicin (derived from soybeans): Helps stabilize the retinol Full Ingredient List: Lactobacillus Ferment Ly­sate*, Glycerin, Propanediol, Water / Aq­ua / Eau, Dipropylene Glycol, Butylene Glycol, Niacinamide, 1,2­Hexanediol, Sq­ualane, Glyceryl Polymethacrylate, Dimethyl Isosorbide, Methyl Trimethico­ne, Cetearyl Alcohol, Hydroxyethyl U­rea, Ammonium Acryloyldimethyltaur­ate/VP Copolymer, Helianthus Annuus (Sunflower) Seed Oil, Glycine Soja (Soy ­Bean) Oil, Allantoin, Glyceryl Stearate, Xanthan Gum, Tocopherol, Tocopherylacetate, Pentylene Glycol, Dipotassium Glycyrrhizate, Sodium Stearoyl Gluta­mate, Hydrogenated Lecithin, Daucus Carota Sativa (Carrot) Root Extract, Hydroxypinacolone Retinoate, Stear­ic Acid, Polyglyceryl­3 Methylglucose Distearate, Sodium Polyacrylate, Sodium Metaphosphate, Kojyl Methylened­ioxycinnamate, Palmitic Acid, Ethylhe­xylglycerin, Adenosine, Retinol, Sodiu­m Hyaluronate, Hyaluronic Acid, Hyd­rolyzed Vegetable Protein, Achillea Mi­llefolium Extract, Beta­carotene, My­ristic Acid, Lauric Acid, Pullulan, Zein, Camellia Sinensis Leaf Extract, Pectin, Citric Acid *Green Tea PDRN™- A proprietary Green Tea probiotic-derived lactobacillus ferment lysate that helps visibly rejuvenate skin. For informational purposes only. While we endeavor to keep this ingredient list accurate, please be advised that our ingredient list may change. We recommend you refer to the ingredient list on the individual product package for the most up to date ingredient list. Key Ingredients: Green Tea PDRN™ (56% concentration): A vegan alternative to salmon-derived PDRN sourced from Jeju Island Green Tea to help promote healthy skin turnover + rejuvenate skin 1% Triple Retinol Complex™: A blend of pure retinol & dual retinoids that more effectively + gently delivers stable antioxidant & antiaging benefits than traditional retinol​ Low Molecular Hyaluronic Acid: Deeply hydrates​ Green Tea Peptides: Soothe skin​ Lethicin (derived from soybeans): Helps stabilize the retinol Full Ingredient List: Lactobacillus Ferment Ly­sate*, Glycerin, Propanediol, Water / Aq­ua / Eau, Dipropylene Glycol, Butylene Glycol, Niacinamide, 1,2­Hexanediol, Sq­ualane, Glyceryl Polymethacrylate, Dimethyl Isosorbide, Methyl Trimethico­ne, Cetearyl Alcohol, Hydroxyethyl U­rea, Ammonium Acryloyldimethyltaur­ate/VP Copolymer, Helianthus Annuus (Sunflower) Seed Oil, Glycine Soja (Soy ­Bean) Oil, Allantoin, Glyceryl Stearate, Xanthan Gum, Tocopherol, Tocopherylacetate, Pentylene Glycol, Dipotassium Glycyrrhizate, Sodium Stearoyl Gluta­mate, Hydrogenated Lecithin, Daucus Carota Sativa (Carrot) Root Extract, Hydroxypinacolone Retinoate, Stear­ic Acid, Polyglyceryl­3 Methylglucose Distearate, Sodium Polyacrylate, Sodium Metaphosphate, Kojyl Methylened­ioxycinnamate, Palmitic Acid, Ethylhe­xylglycerin, Adenosine, Retinol, Sodiu­m Hyaluronate, Hyaluronic Acid, Hyd­rolyzed Vegetable Protein, Achillea Mi­llefolium Extract, Beta­carotene, My­ristic Acid, Lauric Acid, Pullulan, Zein, Camellia Sinensis Leaf Extract, Pectin, Citric Acid *Green Tea PDRN™- A proprietary Green Tea probiotic-derived lactobacillus ferment lysate that helps visibly rejuvenate skin. For informational purposes only. While we endeavor to keep this ingredient list accurate, please be advised that our ingredient list may change. We recommend you refer to the ingredient list on the individual product package for the most up to date ingredient list.",Green Tea PDRN™ Hyaluronic Acid Retinol,"[""normal"", ""dry"", ""oily"", ""combination"", ""sensitive""]","[""aging"", ""redness"", ""sensitivity""]","[""hydrate"", ""brighten"", ""anti_aging"", ""repair""]",serum,,,http://us.innisfree.com/cdn/shop/files/01_NEW_IF_R-PDRN_25ml_Packshot_2025_01_1080x1080_8d45c793-8827-47d4-a5d7-7f40c864f56b_1.jpg?v=1759945405,https://us.innisfree.com/products/retinol-green-tea-pdrn-firming-serum,,90,true,true,[],[],[],"[""usage_instruction"", ""warnings""]","{""care_goals"": [], ""category"": [], ""skin_concerns"": [], ""skin_types"": []}",USD,,0.3.0,2026-09-15T14:40:59.620260+00:00,
231171562,Retinol Green Tea PDRN™ Skinbooster Toner,innisfree,toner,28.00,USD,5.74floz,"Daily, non-stripping toner inspired by the viral PDRN Korean treatment with 7% vegan Green Tea PDRN™ to instantly smooth + prep for glowy, glass skin. This dermatologically tested toner features 7% vegan Green Tea PDRN™ and retinol to visibly smooth, refine fine lines, and prep skin for a glassy, radiant base—perfect for layering skincare and flawless makeup.",AM & PM Glow Hydration AM & PM Glow Hydration,"Key Ingredients: 7% Green Tea PDRN™ : A vegan alternative to salmon-derived PDRN sourced from Jeju Island Green Tea to help promote healthy skin turnover + rejuvenate skin 5 Types of Hyaluronic Acid + Panthenol: Helps create a moisturizing and protective layer Retinol: Refines and smooths skin texture providing a visible anti-aging benefit Full Ingredient List: Water / Aqua / Eau, Butylene Glycol, Lactobacillus Ferment Lysate, Glycerin, Niacinamide, Polyglycerin-3, 1,2-Hexanediol, Propanediol, Ppg-13-Decyltetradeceth-24, Glycine Soja (Soybean) Oil, Ethylhexylglycerin, Panthenol, Adenosine, Sodium Polyacrylate, Sodium Metaphosphate, Retinol, Tocopherol, Sodium Hyaluronate, Camellia Sinensis Leaf Extract, Hydrolyzed Hyaluronic Acid, Sodium Hyaluronate Crosspolymer, Hyaluronic Acid, Sodium Acetylated Hyaluronate For informational purposes only. While we endeavor to keep this ingredient list accurate, please be advised that our ingredient list may change. We recommend you refer to the ingredient list on the individual product package for the most up to date ingredient list. Key Ingredients: 7% Green Tea PDRN™ : A vegan alternative to salmon-derived PDRN sourced from Jeju Island Green Tea to help promote healthy skin turnover + rejuvenate skin 5 Types of Hyaluronic Acid + Panthenol: Helps create a moisturizing and protective layer Retinol: Refines and smooths skin texture providing a visible anti-aging benefit Full Ingredient List: Water / Aqua / Eau, Butylene Glycol, Lactobacillus Ferment Lysate, Glycerin, Niacinamide, Polyglycerin-3, 1,2-Hexanediol, Propanediol, Ppg-13-Decyltetradeceth-24, Glycine Soja (Soybean) Oil, Ethylhexylglycerin, Panthenol, Adenosine, Sodium Polyacrylate, Sodium Metaphosphate, Retinol, Tocopherol, Sodium Hyaluronate, Camellia Sinensis Leaf Extract, Hydrolyzed Hyaluronic Acid, Sodium Hyaluronate Crosspolymer, Hyaluronic Acid, Sodium Acetylated Hyaluronate For informational purposes only. While we endeavor to keep this ingredient list accurate, please be advised that our ingredient list may change. We recommend you refer to the ingredient list on the individual product package for the most up to date ingredient list.",Green Tea PDRN™ Hyaluronic Acid Retinol,"[""normal"", ""dry"", ""oily"", ""combination"", ""sensitive""]","[""aging""]","[""hydrate"", ""brighten"", ""anti_aging""]",,,,https://us.innisfree.com/cdn/shop/files/01_IF_R-PDRN-T_Packshot_2025_02_1_4870eec1-b9bf-484a-8ede-c40f0a0602b9.jpg?v=1765331814,https://us.innisfree.com/products/retinol-green-tea-pdrn-skinbooster-toner,,88,true,true,[],[],[],"[""usage_instruction"", ""warnings"", ""texture""]","{""care_goals"": [], ""category"": [], ""skin_concerns"": [], ""skin_types"": []}",USD,,0.3.0,2026-09-15T14:41:01.110483+00:00,
231171600,Serum-Infused Sheet Mask 5 Pack - Green Tea PDRN™ Firming,innisfree,serum,10.00,USD,0.74floz,"Discover the ultimate skin revival with our trio of serum-infused masks. Retinol + Green Tea PDRN™ firm and smooth, Retinol + Cica calm and hydrate, and Vitamin C + Green Tea Enzyme brighten and fade dark spots. Each mask delivers targeted care for radiant, healthy skin. Each serum-infused sheet mask comes in a resealable 5 pack for convenient, daily masking.",AM & PM Brightening Glow Hydration Visibly Firms AM & PM Brightening Glow Hydration Visibly Firms,"Key Ingredients: Green Tea PDRN™ Firming Mask: -Green Tea PDRN™ + 6 Peptides: Rejuvenate skin + smooth skin's texture -Triple Retinol Complex™: Deliver stable antioxidant + anti-aging benefits -Panthenol + Squalane + Hyaluronic Acid: Hydrate + nourish Green Tea Ceramide Milk Mask: -Super Green Tea™: Delivers deep hydration + antioxidant protection ​ -Green Tea Ceramide: Replenish + repair skin's moisture barrier ​ -9 types of Hyaluronic Acid: Deeply hydrates ​ -Vitamin E + Rice Bran Oil: Nourishes Vitamin C Brightening Mask: -Vitamin C + Niacinamide: Brighten -Green Tea-derived Enzyme: Gently exfoliates -Panthenol + Hyaluronic Acid: Hydrate + nourish Retinol Cica Recovery Mask: -Retinol: Visibly improves skin texture -Centella Asiatica (Cica): Soothes -BHA (Salicylic Acid) + PHA (Lactobionic Acid): Gently exfoliates -Panthenol + Squalane + Hyaluronic Acid: Hydrate + nourish Full Ingredient List: Green Tea PDRN™ Firming Mask: Water / Aqua / Eau, Butylene Glycol, Lactobacillus Ferment Lysate*, Niacinamide, Glyceryl Glucoside, 1,2-Hexanediol, Glycerin, Cetyl Ethylhexanoate, Isopentyldiol, Polyglyceryl-10 Stearate, Propanediol, Hydrogenated Poly(C6-14) Olefin, Neopentyl Glycol Diheptanoate, Erythritol, Glyceryl Stearate SE, Carbomer, Panthenol, Arginine, Pullulan, Coptis Japonica Root Extract, Glycine Soja (Soybean) Oil, Ethylhexylglycerin, Xanthan Gum, Adenosine, Sodium Polyacrylate, Sodium Phytate, Allantoin, Dimethyl Isosorbide, Retinol, Hydroxypinacolone Retinoate, Squalane, Kojyl Methylenedioxycinnamate, Centella Asiatica Leaf Extract, Bifida Ferment Lysate, Lactococcus Ferment Lysate, Dipropylene Glycol, Gynostemma Pentaphyllum Leaf/Stem Extract, Gelidium Cartilagineum Extract, Hizikia Fusiforme Extract, Hydrogenated Lecithin, Asiaticoside, Asiatic Acid, Madecassic Acid, Sodium Hyaluronate, Nonapeptide-1, Beta-Glucan, Ceramide NP, Acetyl Hexapeptide-8, Palmitoyl Pentapeptide-4, Palmitoyl Tetrapeptide-7, Hexapeptide-9, Palmitoyl Tripeptide-1, Hyaluronic Acid, Sodium Hyaluronate Crosspolymer, Hydrolyzed Hyaluronic Acid, Hydrolyzed Sodium Hyaluronate, Hydroxypropyltrimonium Hyaluronate, Potassium Hyaluronate, Pentylene Glycol, Sodium Acetylated Hyaluronate *Green Tea PDRN™- A proprietary Green Tea probiotic-derived lactobacillus ferment lysate that helps visibly rejuvenate skin. Green Tea Ceramide Milk Mask: Water / Aqua / Eau, Glycerin, Butylene Glycol, Propanediol, Hydrogenated Rice Bran Oil, Betaine, 1,2-Hexanediol, Mannitol, Polyglycerin-3, PPG-13-Decyltetradeceth-24, Hydrogenated Lecithin, Pentylene Glycol, Glyceryl Caprylate, Xanthan Gum, Carbomer, Ethylhexylglycerin, Caprylic/Capric Triglyceride, Sodium Stearoyl Glutamate, Tromethamine, Hydroxyethyl Acrylate/Sodium Acryloyldimethyl Taurate Copolymer, Sodium Metaphosphate, Niacinamide, Polyglyceryl-10 Stearate, Sorbitan Isostearate, Hyaluronic Acid, Ceramide NP, Phytosterols, Camellia Sinensis Seed Oil, Tocopherol, Sodium Hyaluronate, Camellia Sinensis Leaf Extract, Caprylyl Glycol, Propylene Glycol, Glyceryl Oleate, Lecithin, Lauryl Glucoside, Hydrolyzed Hyaluronic Acid, Polyglyceryl-6 Laurate, Myristyl Glucoside, Sodium Hyaluronate Crosspolymer, Sodium Trimetaphosphate, Sodium Acetylated Hyaluronate, Acetyl Tetrapeptide-2.​ Vitamin C Brightening Mask: Water / Aqua / Eau, Butylene Glycol, Niacinamide, Propanediol, 1,2-Hexanediol, Glyceryl Glucoside, Glycerin, Erythritol, Carbomer, Arginine, Hydrogenated Lecithin, 3-O-Ethyl Ascorbic Acid, Citrus Reticulata (Tangerine) Peel Extract, Xanthan Gum, Allantoin, Ethylhexylglycerin, Polyglyceryl-10 Laurate, Glutathione, Coptis Japonica Root Extract, Gardenia Florida Fruit Extract, Sodium Hyaluronate, Sodium Phytate, Dextrin, Ascorbyl Tetraisopalmitate, Gluconolactone, Ferulic Acid, Centella Asiatica Leaf Extract, Ceramide NP, Cyclodextrin, Bifida Ferment Lysate, Lactobacillus Ferment Lysate, Lactococcus Ferment Lysate, Dipropylene Glycol, Protease, Panthenol, Asiaticoside, Asiatic Acid, Madecassic Acid, Beta-Glucan, Sodium Ascorbyl Phosphate, Hyaluronic Acid, Sodium Hyaluronate Crosspolymer, Hydrolyzed Hyaluronic Acid, Hydrolyzed Sodium Hyaluronate, Hydroxypropyltrimonium Hyaluronate, Potassium Hyaluronate, Pentylene Glycol, Sodium Acetylated Hyaluronate, Ascorbic Acid, Cyanocobalamin, Biotin, Folic Acid, Riboflavin, Pyridoxine, Thiamine HCl Retinol Cica Recovery Mask: Water / Aqua / Eau, Butylene Glycol, Niacinamide, 1,2-Hexanediol, Centella Asiatica Extract, Erythritol, Glycerin, Carbomer, Arginine, Allantoin, Sodium Hyaluronate, Butyrospermum Parkii (Shea) Butter, Olea Europaea (Olive) Fruit Oil, Caprylic/Capric Triglyceride, Hydrogenated Lecithin, Squalane, Ethylhexylglycerin, Polyglyceryl-10 Laurate, Xanthan Gum, Adenosine, Glycine Soja (Soybean) Oil, Coptis Japonica Root Extract, Ammonium Acryloyldimethyltaurate/VP Copolymer, Sodium Phytate, Glyceryl Acrylate/Acrylic Acid Copolymer, Retinol, Ceramide NP, Cholesterol, Centella Asiatica Leaf Extract, Phytosphingosine, Bifida Ferment Lysate, Lactobacillus Ferment Lysate, Lactococcus Ferment Lysate, Dipropylene Glycol, Panthenol, Asiaticoside, Asiatic Acid, Madecassic Acid, Beta-Glucan, Citric Acid, Salicylic Acid, Lactobionic Acid, Hyaluronic Acid, Sodium Hyaluronate Crosspolymer, Hydrolyzed Hyaluronic Acid, Hydrolyzed Sodium Hyaluronate, Hydroxypropyltrimonium Hyaluronate, Potassium Hyaluronate, Pentylene Glycol, Sodium Acetylated Hyaluronate For informational purposes only. While we endeavor to keep this ingredient list accurate, please be advised that our ingredient list may change. We recommend you refer to the ingredient list on the individual product package for the most up to date ingredient list. Key Ingredients: Green Tea PDRN™ Firming Mask: -Green Tea PDRN™ + 6 Peptides: Rejuvenate skin + smooth skin's texture -Triple Retinol Complex™: Deliver stable antioxidant + anti-aging benefits -Panthenol + Squalane + Hyaluronic Acid: Hydrate + nourish Green Tea Ceramide Milk Mask: -Super Green Tea™: Delivers deep hydration + antioxidant protection ​ -Green Tea Ceramide: Replenish + repair skin's moisture barrier ​ -9 types of Hyaluronic Acid: Deeply hydrates ​ -Vitamin E + Rice Bran Oil: Nourishes Vitamin C Brightening Mask: -Vitamin C + Niacinamide: Brighten -Green Tea-derived Enzyme: Gently exfoliates -Panthenol + Hyaluronic Acid: Hydrate + nourish Retinol Cica Recovery Mask: -Retinol: Visibly improves skin texture -Centella Asiatica (Cica): Soothes -BHA (Salicylic Acid) + PHA (Lactobionic Acid): Gently exfoliates -Panthenol + Squalane + Hyaluronic Acid: Hydrate + nourish Full Ingredient List: Green Tea PDRN™ Firming Mask: Water / Aqua / Eau, Butylene Glycol, Lactobacillus Ferment Lysate*, Niacinamide, Glyceryl Glucoside, 1,2-Hexanediol, Glycerin, Cetyl Ethylhexanoate, Isopentyldiol, Polyglyceryl-10 Stearate, Propanediol, Hydrogenated Poly(C6-14) Olefin, Neopentyl Glycol Diheptanoate, Erythritol, Glyceryl Stearate SE, Carbomer, Panthenol, Arginine, Pullulan, Coptis Japonica Root Extract, Glycine Soja (Soybean) Oil, Ethylhexylglycerin, Xanthan Gum, Adenosine, Sodium Polyacrylate, Sodium Phytate, Allantoin, Dimethyl Isosorbide, Retinol, Hydroxypinacolone Retinoate, Squalane, Kojyl Methylenedioxycinnamate, Centella Asiatica Leaf Extract, Bifida Ferment Lysate, Lactococcus Ferment Lysate, Dipropylene Glycol, Gynostemma Pentaphyllum Leaf/Stem Extract, Gelidium Cartilagineum Extract, Hizikia Fusiforme Extract, Hydrogenated Lecithin, Asiaticoside, Asiatic Acid, Madecassic Acid, Sodium Hyaluronate, Nonapeptide-1, Beta-Glucan, Ceramide NP, Acetyl Hexapeptide-8, Palmitoyl Pentapeptide-4, Palmitoyl Tetrapeptide-7, Hexapeptide-9, Palmitoyl Tripeptide-1, Hyaluronic Acid, Sodium Hyaluronate Crosspolymer, Hydrolyzed Hyaluronic Acid, Hydrolyzed Sodium Hyaluronate, Hydroxypropyltrimonium Hyaluronate, Potassium Hyaluronate, Pentylene Glycol, Sodium Acetylated Hyaluronate *Green Tea PDRN™- A proprietary Green Tea probiotic-derived lactobacillus ferment lysate that helps visibly rejuvenate skin. Green Tea Ceramide Milk Mask: Water / Aqua / Eau, Glycerin, Butylene Glycol, Propanediol, Hydrogenated Rice Bran Oil, Betaine, 1,2-Hexanediol, Mannitol, Polyglycerin-3, PPG-13-Decyltetradeceth-24, Hydrogenated Lecithin, Pentylene Glycol, Glyceryl Caprylate, Xanthan Gum, Carbomer, Ethylhexylglycerin, Caprylic/Capric Triglyceride, Sodium Stearoyl Glutamate, Tromethamine, Hydroxyethyl Acrylate/Sodium Acryloyldimethyl Taurate Copolymer, Sodium Metaphosphate, Niacinamide, Polyglyceryl-10 Stearate, Sorbitan Isostearate, Hyaluronic Acid, Ceramide NP, Phytosterols, Camellia Sinensis Seed Oil, Tocopherol, Sodium Hyaluronate, Camellia Sinensis Leaf Extract, Caprylyl Glycol, Propylene Glycol, Glyceryl Oleate, Lecithin, Lauryl Glucoside, Hydrolyzed Hyaluronic Acid, Polyglyceryl-6 Laurate, Myristyl Glucoside, Sodium Hyaluronate Crosspolymer, Sodium Trimetaphosphate, Sodium Acetylated Hyaluronate, Acetyl Tetrapeptide-2.​ Vitamin C Brightening Mask: Water / Aqua / Eau, Butylene Glycol, Niacinamide, Propanediol, 1,2-Hexanediol, Glyceryl Glucoside, Glycerin, Erythritol, Carbomer, Arginine, Hydrogenated Lecithin, 3-O-Ethyl Ascorbic Acid, Citrus Reticulata (Tangerine) Peel Extract, Xanthan Gum, Allantoin, Ethylhexylglycerin, Polyglyceryl-10 Laurate, Glutathione, Coptis Japonica Root Extract, Gardenia Florida Fruit Extract, Sodium Hyaluronate, Sodium Phytate, Dextrin, Ascorbyl Tetraisopalmitate, Gluconolactone, Ferulic Acid, Centella Asiatica Leaf Extract, Ceramide NP, Cyclodextrin, Bifida Ferment Lysate, Lactobacillus Ferment Lysate, Lactococcus Ferment Lysate, Dipropylene Glycol, Protease, Panthenol, Asiaticoside, Asiatic Acid, Madecassic Acid, Beta-Glucan, Sodium Ascorbyl Phosphate, Hyaluronic Acid, Sodium Hyaluronate Crosspolymer, Hydrolyzed Hyaluronic Acid, Hydrolyzed Sodium Hyaluronate, Hydroxypropyltrimonium Hyaluronate, Potassium Hyaluronate, Pentylene Glycol, Sodium Acetylated Hyaluronate, Ascorbic Acid, Cyanocobalamin, Biotin, Folic Acid, Riboflavin, Pyridoxine, Thiamine HCl Retinol Cica Recover",Cica Green Tea Green Tea PDRN™ Hyaluronic Acid Retinol Vitamin C,"[""oily"", ""normal"", ""dry"", ""combination"", ""sensitive""]","[""acne"", ""dark_spot""]","[""hydrate"", ""brighten"", ""anti_acne"", ""anti_aging"", ""soothe""]",sheet mask,,,http://us.innisfree.com/cdn/shop/files/MaskPackshots_Group_1080x1080_ed72f49e-ca97-4b90-b053-e877d7ce8b49.jpg?v=1783700862,https://us.innisfree.com/products/serum-infused-sheet-mask-5-pack,,90,true,true,[],[],[],"[""usage_instruction"", ""warnings""]","{""care_goals"": [], ""category"": [], ""skin_concerns"": [], ""skin_types"": []}",USD,,0.3.0,2026-09-15T14:41:02.798248+00:00,
231171611,Super Volcanic Pore Clay Mask – Deep Cleanse & Clear Face Pores - ORIGINAL,innisfree,mask,16.00,USD,80g,"A wash-off, cooling clay mask with Volcanic Clusters and AHA that helps control excess sebum and visibly minimize pores while providing skin-smoothing exfoliation.",Pore Solutions,"Key Ingredients: Volcanic Clusters: Made of volcanic ash that helps absorb excess sebum. AHA (Lactic Acid): Helps exfoliate dead skin cells and minimize the appearance of pores. Full Ingredient List: Original: Water / Aqua / Eau, Butylene Glycol, Titanium Dioxide (Ci 77891), Silica, Glycerin, Trehalose, Volcanic Ash, Caprylic/Capric Triglyceride, Polyvinyl Alcohol, Bentonite, Kaolin, Glyceryl Stearate, Cetearyl Alcohol, Pvp, 1,2-Hexanediol, Peg-100 Stearate, Polysorbate 60, Palmitic Acid, Stearic Acid, Iron Oxides (Ci 77499), Hydrogenated Vegetable Oil, Xanthan Gum, Juglans Regia (Walnut) Shell Powder, Sorbitan Stearate, Zea Mays (Corn) Starch, Polyacrylate-13, Polysorbate 20, Iron Oxides (Ci 77492), Mannitol, Microcrystalline Cellulose, Sodium Metaphosphate, Lactic Acid, Lactic Acid/Glycolic Acid Copolymer, Polyisobutene, Iron Oxides (Ci 77491), Menthoxypropanediol, Tetrasodium Pyrophosphate, Ethylhexylglycerin, Sorbitan Isostearate, Polyquaternium-10, Lecithin, Tocopherol Cool Mint: Water / Aqua / Eau, Butylene Glycol, Titanium Dioxide (CI 77891), Silica, Glycerin, Trehalose, Volcanic Ash, Polyvinyl Alcohol, Bentonite, Kaolin, Caprylic/Capric Triglyceride, 1,2-Hexanediol, Glyceryl Stearate, Cetearyl Alcohol, PVP, Vitis Vinifera (Grape) Seed Powder, PEG-100 Stearate, Polysorbate 60, Palmitic Acid, Stearic Acid, Chromium Oxide Greens (CI 77288), Hydrogenated Vegetable Oil, Xanthan Gum, Fragrance / Parfum, Juglans Regia (Walnut) Shell Powder, Sorbitan Stearate, Zea Mays (Corn) Starch, Polyacrylate-13, Polysorbate 20, Mannitol, Microcrystalline Cellulose, Sodium Metaphosphate, Lactic Acid, Lactic Acid/Glycolic Acid Copolymer, Polyisobutene, Menthoxypropanediol, Tetrasodium Pyrophosphate, Ethylhexylglycerin, Sorbitan Isostearate, Lactobacillus Ferment Lysate, Polyquaternium-10, Lecithin, Tocopherol For informational purposes only. While we endeavor to keep this ingredient list accurate, please be advised that our ingredient list may change. We recommend you refer to the ingredient list on the individual product package for the most up to date ingredient list. Key Ingredients: Volcanic Clusters: Made of volcanic ash that helps absorb excess sebum. AHA (Lactic Acid): Helps exfoliate dead skin cells and minimize the appearance of pores. Original: Water / Aqua / Eau, Butylene Glycol, Titanium Dioxide (Ci 77891), Silica, Glycerin, Trehalose, Volcanic Ash, Caprylic/Capric Triglyceride, Polyvinyl Alcohol, Bentonite, Kaolin, Glyceryl Stearate, Cetearyl Alcohol, Pvp, 1,2-Hexanediol, Peg-100 Stearate, Polysorbate 60, Palmitic Acid, Stearic Acid, Iron Oxides (Ci 77499), Hydrogenated Vegetable Oil, Xanthan Gum, Juglans Regia (Walnut) Shell Powder, Sorbitan Stearate, Zea Mays (Corn) Starch, Polyacrylate-13, Polysorbate 20, Iron Oxides (Ci 77492), Mannitol, Microcrystalline Cellulose, Sodium Metaphosphate, Lactic Acid, Lactic Acid/Glycolic Acid Copolymer, Polyisobutene, Iron Oxides (Ci 77491), Menthoxypropanediol, Tetrasodium Pyrophosphate, Ethylhexylglycerin, Sorbitan Isostearate, Polyquaternium-10, Lecithin, Tocopherol Cool Mint: Water / Aqua / Eau, Butylene Glycol, Titanium Dioxide (CI 77891), Silica, Glycerin, Trehalose, Volcanic Ash, Polyvinyl Alcohol, Bentonite, Kaolin, Caprylic/Capric Triglyceride, 1,2-Hexanediol, Glyceryl Stearate, Cetearyl Alcohol, PVP, Vitis Vinifera (Grape) Seed Powder, PEG-100 Stearate, Polysorbate 60, Palmitic Acid, Stearic Acid, Chromium Oxide Greens (CI 77288), Hydrogenated Vegetable Oil, Xanthan Gum, Fragrance / Parfum, Juglans Regia (Walnut) Shell Powder, Sorbitan Stearate, Zea Mays (Corn) Starch, Polyacrylate-13, Polysorbate 20, Mannitol, Microcrystalline Cellulose, Sodium Metaphosphate, Lactic Acid, Lactic Acid/Glycolic Acid Copolymer, Polyisobutene, Menthoxypropanediol, Tetrasodium Pyrophosphate, Ethylhexylglycerin, Sorbitan Isostearate, Lactobacillus Ferment Lysate, Polyquaternium-10, Lecithin, Tocopherol For informational purposes only. While we endeavor to keep this ingredient list accurate, please be advised that our ingredient list may change. We recommend you refer to the ingredient list on the individual product package for the most up to date ingredient list. Cool Mint: Water / Aqua / Eau, Butylene Glycol, Titanium Dioxide (CI 77891), Silica, Glycerin, Trehalose, Volcanic Ash, Polyvinyl Alcohol, Bentonite, Kaolin, Caprylic/Capric Triglyceride, 1,2-Hexanediol, Glyceryl Stearate, Cetearyl Alcohol, PVP, Vitis Vinifera (Grape) Seed Powder, PEG-100 Stearate, Polysorbate 60, Palmitic Acid, Stearic Acid, Chromium Oxide Greens (CI 77288), Hydrogenated Vegetable Oil, Xanthan Gum, Fragrance / Parfum, Juglans Regia (Walnut) Shell Powder, Sorbitan Stearate, Zea Mays (Corn) Starch, Polyacrylate-13, Polysorbate 20, Mannitol, Microcrystalline Cellulose, Sodium Metaphosphate, Lactic Acid, Lactic Acid/Glycolic Acid Copolymer, Polyisobutene, Menthoxypropanediol, Tetrasodium Pyrophosphate, Ethylhexylglycerin, Sorbitan Isostearate, Lactobacillus Ferment Lysate, Polyquaternium-10, Lecithin, Tocopherol",AHA (PHA),"[""combination"", ""oily""]","[""large_pores"", ""oiliness""]","[""cleanse"", ""oil_control"", ""exfoliate""]",clay,,,http://us.innisfree.com/cdn/shop/files/1-IF_V-CM_Packshot_2026_1080x1080_fd7e52ce-608a-49b9-a09b-62066dc4abd8.jpg?v=1776980885,https://us.innisfree.com/products/super-volcanic-pore-clay-mask,,90,true,true,[],[],[],"[""usage_instruction"", ""warnings""]","{""care_goals"": [], ""category"": [], ""skin_concerns"": [], ""skin_types"": []}",USD,,0.3.0,2026-09-15T14:41:06.971063+00:00,
231171636,Vitamin C Brightening Mask-To-Foam™ Facial Cleanser,innisfree,cleanser,16.00,USD,4.05floz,"Brighten + even skin tone while removing daily buildup + sunscreen with this 2-in-1 cleanser. The satisfying, stretchy formula transforms from a 1-min mask into a non-stripping foam. Smooth texture + boost radiance all while enjoying a refreshing tangerine scent.",AM & PM Brightening AM & PM Brightening,"List: Glycerin, Water / aqua / eau, Sodium cocoyl isethionate, Olea europaea (olive) fruit oil, Caprylic/capric triglyceride, Sorbeth-30 tetraoleate, Cetyl ethylhexanoate, Lauryl hydroxysultaine, Lauric acid, Glycol distearate, Polyglyceryl-10 diisostearate, Polyglyceryl-10 stearate, Sodium chloride, C14-22 alcohols, Disodium cocoamphodiacetate, Citrus aurantium dulcis (orange) peel oil, Citrus unshiu fruit water, Butylene glycol, Citrus limon (lemon) peel oil, Polyquaternium-7, Citrus aurantium bergamia (bergamot) fruit oil, C12-20 alkyl glucoside, Protease, Iron oxides (ci 77492), Sodium benzoate, 1,2-hexanediol, 3-o-ethyl ascorbic acid, Citric acid, Gluconolactone, Citrus unshiu peel extract, Propanediol, Ethylhexylglycerin, Citrus sphaerocarpa peel extract, Limonene, Citrus aurantium peel oil, Citrus aurantium bergamia (bergamot) peel oil, Pinene, Linalyl acetate, Linalool, Citral For informational purposes only. While we endeavor to keep this ingredient list accurate, please be advised that our ingredient list may change. We recommend you refer to the ingredient list on the individual product package for the most up to date ingredient list.",AHA (PHA) Green Tea Vitamin C,"[""normal"", ""dry"", ""oily"", ""combination"", ""sensitive""]",[],"[""cleanse"", ""brighten""]",foam,,,https://us.innisfree.com/cdn/shop/files/1IF_GT-VCMF-120g_Packshot_2025_01_1080x1080_30af883a-51dd-48c2-9662-ebc612cf77aa.jpg?v=1774905267,https://us.innisfree.com/products/vitamin-c-brightening-mask-to-foam-facial-cleanser,,80,true,true,[],[],[],"[""skin_concerns"", ""usage_instruction"", ""warnings""]","{""care_goals"": [], ""category"": [], ""skin_concerns"": [], ""skin_types"": []}",USD,,0.3.0,2026-09-15T14:41:54.971300+00:00,
231171635,Vitamin C Niacinamide Brightening Eye Serum,innisfree,eye_care,23.00,USD,0.33floz,"Visibly reduce dark under eye circles in just 7 days with our brightening eye serum. Powered by 7% Vitamin C + Niacinamide for instantly more awake-looking under eyes. Roll on daily with the circulation-boosting, cooling metal rollerball applicator.",AM & PM Brightening AM & PM Brightening,"List: Water / Aqua / Eau, Glycerin, Butylene Glycol, Niacinamide, Diethoxyethyl Succinate, 3‑O‑Ethyl Ascorbic Acid, Ammonium Acryloyldimethyltaurate/VP Copolymer, 1,2‑Hexanediol, Trehalose, Betaine, Titanium Dioxide (CI 77891), Citrus Unshiu Fruit Water, Citric Acid, Propanediol, Glyceryl Polymethacrylate, Mica, Hydroxyethyl Acrylate/Sodium Acryloyldimethyl Taurate Copolymer, Ethylhexylglycerin, Silica, Xanthan Gum, Dextrin, Carthamus Tinctorius (Safflower) Flower Extract, Citrus Sphaerocarpa Peel Extract, Sodium Citrate, Sodium Metaphosphate, Iron Oxides (CI 77491), Sorbitan Isostearate, Citrus Unshiu Peel Extract, Tin Oxide, Cyclodextrin, Protease, Caprylyl Glycol, Acetyl Heptapeptide‑4, Hexapeptide‑9, Acetyl Hexapeptide‑8, Sodium Hydroxide, Acetyl Octapeptide‑3, Acetyl Tetrapeptide-2. For informational purposes only. While we endeavor to keep this ingredient list accurate, please be advised that our ingredient list may change. We recommend you refer to the ingredient list on the individual product package for the most up to date ingredient list.",Green Tea Niacinamide Vitamin C,"[""normal"", ""dry"", ""oily"", ""combination"", ""sensitive""]",[],"[""brighten""]",serum,,,https://us.innisfree.com/cdn/shop/files/IF_GT-VCES-10ml_Packshot_2025_03_1080x1080_51d67917-9187-4a3d-9eeb-ad533bf3408e.jpg?v=1774033566,https://us.innisfree.com/products/vitamin-c-niacinamide-brightening-eye-serum,,80,true,true,[],[],[],"[""skin_concerns"", ""usage_instruction"", ""warnings""]","{""care_goals"": [], ""category"": [], ""skin_concerns"": [], ""skin_types"": []}",USD,,0.3.0,2026-09-15T14:41:56.581488+00:00,
231171396,Volcanic BHA Pore Cleansing Foam,innisfree,cleanser,14.00,USD,5.07floz,"This Korean foam cleanser with Jeju Volcanic Clusters and salicylic acid offers gentle yet effective cleansing for oily skin, helping to clear clogged pores, remove impurities, and control excess oil. Ideal as a cleanser for oily and combination skin, it supports daily pore care and helps cleanse & clear pores, leaving skin feeling clean, balanced, and smooth.",AM & PM Cleansing Pore Solutions AM & PM Cleansing Pore Solutions,"Key Ingredients: Volcanic Clusters: Absorb excess sebum Lactic + Glycolid + Salicylic Acid: AHAs and BHAs that helps exfoliate dead skin cells and minimize the appearance of pores Full Ingredient List: Water / Aqua / Eau, Glycerin, Myristic Acid, Stearic Acid, PEG-32, Potassium Hydroxide, Butylene Glycol, Palmitic Acid, Lauric Acid, Cocamidopropyl Betaine, Hydrated Silica, Lauryl Glucoside, Glyceryl Stearate, PEG-100 Stearate, Fragrance / Parfum, Sodium Chloride, Silica, Salicylic Acid, Polyquaternium-7, Zinc PCA, Volcanic Ash, Sodium Metaphosphate, Sodium Benzoate, Lactic Acid, Lactic Acid/Glycolic Acid Copolymer, Glycolic Acid, Madecassoside, Citric Acid, Polyquaternium-10 For informational purposes only. While we endeavor to keep this ingredient list accurate, please be advised that our ingredient list may change. We recommend you refer to the ingredient list on the individual product package for the most up to date ingredient list. Key Ingredients: Volcanic Clusters: Absorb excess sebum Lactic + Glycolid + Salicylic Acid: AHAs and BHAs that helps exfoliate dead skin cells and minimize the appearance of pores Full Ingredient List: Water / Aqua / Eau, Glycerin, Myristic Acid, Stearic Acid, PEG-32, Potassium Hydroxide, Butylene Glycol, Palmitic Acid, Lauric Acid, Cocamidopropyl Betaine, Hydrated Silica, Lauryl Glucoside, Glyceryl Stearate, PEG-100 Stearate, Fragrance / Parfum, Sodium Chloride, Silica, Salicylic Acid, Polyquaternium-7, Zinc PCA, Volcanic Ash, Sodium Metaphosphate, Sodium Benzoate, Lactic Acid, Lactic Acid/Glycolic Acid Copolymer, Glycolic Acid, Madecassoside, Citric Acid, Polyquaternium-10 For informational purposes only. While we endeavor to keep this ingredient list accurate, please be advised that our ingredient list may change. We recommend you refer to the ingredient list on the individual product package for the most up to date ingredient list.",AHA BHA,"[""combination"", ""dry"", ""oily""]","[""large_pores"", ""oiliness""]","[""cleanse"", ""oil_control""]",foam,,,https://us.innisfree.com/cdn/shop/files/01_IF_V-CF_Packshot_2024_01_1080x1080_4fec1f38-dc5c-4af5-9473-11d658c5bbdc_1.jpg?v=1760452237,https://us.innisfree.com/products/volcanic-bha-pore-cleansing-foam,,90,true,true,[],[],[],"[""usage_instruction"", ""warnings""]","{""care_goals"": [], ""category"": [], ""skin_concerns"": [], ""skin_types"": []}",USD,,0.3.0,2026-09-15T14:42:00.096342+00:00,
231171442,Volcanic PHA Pore Refining Toner,innisfree,toner,24.00,USD,5.07floz,"A bi-phase toner infused with Volcanic Clusters and PHA to help control excess sebum and minimize the look of pores for smooth, shine-free skin.",Hydration Pore Solutions Hydration Pore Solutions,"Key Ingredients: Volcanic Clusters + Silica: Absorb excess sebum Lactic + Glycolic Acid: AHAs that helps exfoliate dead skin cells and minimize the appearance of pores Gluconolactone: A PHA that gently exfoliates Full Ingredient List: Water / Aqua / Eau, Propanediol, 1,2-Hexanediol, Arginine, Gluconolactone, Silica, Lithium Magnesium Sodium Silicate (Nano), Caprylyl Glycol, Ethylhexylglycerin, Calcium Chloride, Sodium Metaphosphate, Volcanic Ash, Lactic Acid/Glycolic Acid Copolymer, Polyquaternium-10, Tocopherol For informational purposes only. While we endeavor to keep this ingredient list accurate, please be advised that our ingredient list may change. We recommend you refer to the ingredient list on the individual product package for the most up to date ingredient list. Key Ingredients: Volcanic Clusters + Silica: Absorb excess sebum Lactic + Glycolic Acid: AHAs that helps exfoliate dead skin cells and minimize the appearance of pores Gluconolactone: A PHA that gently exfoliates Full Ingredient List: Water / Aqua / Eau, Propanediol, 1,2-Hexanediol, Arginine, Gluconolactone, Silica, Lithium Magnesium Sodium Silicate (Nano), Caprylyl Glycol, Ethylhexylglycerin, Calcium Chloride, Sodium Metaphosphate, Volcanic Ash, Lactic Acid/Glycolic Acid Copolymer, Polyquaternium-10, Tocopherol For informational purposes only. While we endeavor to keep this ingredient list accurate, please be advised that our ingredient list may change. We recommend you refer to the ingredient list on the individual product package for the most up to date ingredient list.",Volcanic Clusters + Silica: Absorb excess sebum Lactic + Glycolic Acid: AHAs that helps exfoliate dead skin cells and minimize the appearance of pores Gluconolactone: A PHA that gently exfoliates,"[""normal"", ""dry"", ""oily"", ""combination"", ""sensitive""]","[""dryness"", ""large_pores"", ""oiliness""]","[""hydrate"", ""oil_control""]",,,,https://us.innisfree.com/cdn/shop/files/01_IF_V-T_Packshot_2024_01_1080x1080_871ad526-8151-41cd-b544-decac26cba9d_1.jpg?v=1760455484,https://us.innisfree.com/products/volcanic-pha-pore-refining-toner,,88,true,true,[],[],[],"[""usage_instruction"", ""warnings"", ""texture""]","{""care_goals"": [], ""category"": [], ""skin_concerns"": [], ""skin_types"": []}",USD,,0.3.0,2026-09-15T14:42:04.198559+00:00,
231171534,Volcanic Swirl Pore Mask,innisfree,mask,24.00,USD,110g,"Discover the clay mask for pores that purifies and hydrates in one swirl. This Korean clay mask combines volcanic gray clay to exfoliate and clear pores with a hydrating blue cream that softens and smooths skin. Powered by hyaluronic acid, niacinamide, and AHA/BHA, this volcanic clay mask refines texture, balances oil, and leaves skin visibly clearer and refreshed in just 3 minutes.",AM & PM Exfoliating Hydration Pore Solutions AM & PM Exfoliating Hydration Pore Solutions,"Key Ingredients: Gray Clay: ​ - AHAs/BHA Complex helps exfoliate dead skin cells + smooth skin texture​ - Volcanic Ash + Kaolin Clay absorb excess sebum + remove impurities​ Blue Cream: ​ - 5 types of Hyaluronic Acid instantly hydrate​ - Niacinamide + Madecassoside help brighten + soothe Full Ingredient List: Water/ Aqua / Eau, Kaolin, Butylene Glycol, Propanediol, Glycerin, Silica, Caprylic/Capric Triglyceride, Bentonite, Cetearyl Alcohol, 1,2-Hexanediol, Niacinamide, Tromethamine, Titanium Dioxide (CI 77891), Glycolic Acid, Sodium Lactate, Behenyl Alcohol, Potassium Cetyl Phosphate, Volcanic Ash, Microcrystalline Cellulose, Hydrated Silica, Xanthan Gum, Hydroxyethyl Acrylate/Sodium Acryloyldimethyl Taurate Copolymer, Cellulose Gum, Sodium Metaphosphate, Ethylhexylglycerin, Caprylyl Glycol, Lactic Acid, Lactic Acid/Glycolic Acid Copolymer, Ultramarines (CI 77007), Salicylic Acid, Sorbitan Isostearate, Madecassoside, Citric Acid, Maltodextrin, Polyquaternium-10, Hydrolyzed Gardenia Florida Extract, Triethoxycaprylylsilane, Sodium Hyaluronate, Tocopherol, Hydrolyzed Hyaluronic Acid, Sodium Hyaluronate Crosspolymer, Hyaluronic Acid, Sodium Acetylated Hyaluronate For informational purposes only. While we endeavor to keep this ingredient list accurate, please be advised that our ingredient list may change. We recommend you refer to the ingredient list on the individual product package for the most up to date ingredient list. Key Ingredients: Gray Clay: ​ - AHAs/BHA Complex helps exfoliate dead skin cells + smooth skin texture​ - Volcanic Ash + Kaolin Clay absorb excess sebum + remove impurities​ Blue Cream: ​ - 5 types of Hyaluronic Acid instantly hydrate​ - Niacinamide + Madecassoside help brighten + soothe Full Ingredient List: Water/ Aqua / Eau, Kaolin, Butylene Glycol, Propanediol, Glycerin, Silica, Caprylic/Capric Triglyceride, Bentonite, Cetearyl Alcohol, 1,2-Hexanediol, Niacinamide, Tromethamine, Titanium Dioxide (CI 77891), Glycolic Acid, Sodium Lactate, Behenyl Alcohol, Potassium Cetyl Phosphate, Volcanic Ash, Microcrystalline Cellulose, Hydrated Silica, Xanthan Gum, Hydroxyethyl Acrylate/Sodium Acryloyldimethyl Taurate Copolymer, Cellulose Gum, Sodium Metaphosphate, Ethylhexylglycerin, Caprylyl Glycol, Lactic Acid, Lactic Acid/Glycolic Acid Copolymer, Ultramarines (CI 77007), Salicylic Acid, Sorbitan Isostearate, Madecassoside, Citric Acid, Maltodextrin, Polyquaternium-10, Hydrolyzed Gardenia Florida Extract, Triethoxycaprylylsilane, Sodium Hyaluronate, Tocopherol, Hydrolyzed Hyaluronic Acid, Sodium Hyaluronate Crosspolymer, Hyaluronic Acid, Sodium Acetylated Hyaluronate For informational purposes only. While we endeavor to keep this ingredient list accurate, please be advised that our ingredient list may change. We recommend you refer to the ingredient list on the individual product package for the most up to date ingredient list.",AHA BHA Hyaluronic Acid Niacinamide,"[""normal"", ""dry"", ""oily"", ""combination"", ""sensitive""]","[""large_pores""]","[""hydrate"", ""exfoliate""]",cream,,,https://us.innisfree.com/cdn/shop/files/01_IF_V-SPM_Packshots_2025_product_1080x1080_2621f03b-cdff-4f82-a43a-a4bcaa6e108f_1.jpg?v=1760465149,https://us.innisfree.com/products/volcanic-swirl-pore-mask,,90,true,true,[],[],[],"[""usage_instruction"", ""warnings""]","{""care_goals"": [], ""category"": [], ""skin_concerns"": [], ""skin_types"": []}",USD,,0.3.0,2026-09-15T14:42:06.502970+00:00,
